#
# There is insufficient memory for the Java Runtime Environment to continue.
# Native memory allocation (malloc) failed to allocate 1788528 bytes. Error detail: Chunk::new
# Possible reasons:
#   The system is out of physical RAM or swap space
#   This process is running with CompressedOops enabled, and the Java Heap may be blocking the growth of the native heap
# Possible solutions:
#   Reduce memory load on the system
#   Increase physical memory or swap space
#   Check if swap backing store is full
#   Decrease Java heap size (-Xmx/-Xms)
#   Decrease number of Java threads
#   Decrease Java thread stack sizes (-Xss)
#   Set larger code cache with -XX:ReservedCodeCacheSize=
#   JVM is running with Unscaled Compressed Oops mode in which the Java heap is
#     placed in the first 4GB address space. The Java Heap base address is the
#     maximum limit for the native heap growth. Please use -XX:HeapBaseMinAddress
#     to set the Java Heap base and to place the Java Heap above 4GB virtual address.
# This output file may be truncated or incomplete.
#
#  Out of Memory Error (arena.cpp:168), pid=4372, tid=8200
#
# JRE version: OpenJDK Runtime Environment (21.0.6) (build 21.0.6+-13368085-b895.109)
# Java VM: OpenJDK 64-Bit Server VM (21.0.6+-13368085-b895.109, mixed mode, tiered, compressed oops, compressed class ptrs, g1 gc, windows-amd64)
# No core dump will be written. Minidumps are not enabled by default on client versions of Windows
#

---------------  S U M M A R Y ------------

Command Line: --add-opens=java.base/java.lang=ALL-UNNAMED --add-opens=java.base/java.lang.invoke=ALL-UNNAMED --add-opens=java.base/java.util=ALL-UNNAMED --add-opens=java.prefs/java.util.prefs=ALL-UNNAMED --add-exports=jdk.compiler/com.sun.tools.javac.api=ALL-UNNAMED --add-exports=jdk.compiler/com.sun.tools.javac.util=ALL-UNNAMED --add-opens=java.base/java.util=ALL-UNNAMED --add-opens=java.prefs/java.util.prefs=ALL-UNNAMED --add-opens=java.base/java.nio.charset=ALL-UNNAMED --add-opens=java.base/java.net=ALL-UNNAMED --add-opens=java.base/java.util.concurrent.atomic=ALL-UNNAMED --add-opens=java.xml/javax.xml.namespace=ALL-UNNAMED -Xmx2048m -Dfile.encoding=UTF-8 -Duser.country=US -Duser.language=en -Duser.variant -javaagent:C:\Users\PC-1802\.gradle\wrapper\dists\gradle-8.11.1-bin\bpt9gzteqjrbo1mjrsomdt32c\gradle-8.11.1\lib\agents\gradle-instrumentation-agent-8.11.1.jar org.gradle.launcher.daemon.bootstrap.GradleDaemon 8.11.1

Host: 12th Gen Intel(R) Core(TM) i7-12700T, 20 cores, 15G,  Windows 11 , 64 bit Build 26100 (10.0.26100.7623)
Time: Tue Feb  3 13:28:18 2026 SE Asia Standard Time elapsed time: 52.814124 seconds (0d 0h 0m 52s)

---------------  T H R E A D  ---------------

Current thread (0x000001f76f073760):  JavaThread "C2 CompilerThread6" daemon [_thread_in_native, id=8200, stack(0x00000012c6e00000,0x00000012c6f00000) (1024K)]


Current CompileTask:
C2:52814 25918       4       org.gradle.internal.component.external.model.DefaultConfigurationMetadata::getAttributes (28 bytes)

Stack: [0x00000012c6e00000,0x00000012c6f00000]
Native frames: (J=compiled Java code, j=interpreted, Vv=VM code, C=native code)
V  [jvm.dll+0x6d0639]
V  [jvm.dll+0x85eb03]
V  [jvm.dll+0x86105e]
V  [jvm.dll+0x861743]
V  [jvm.dll+0x27e6e6]
V  [jvm.dll+0xbff6d]
V  [jvm.dll+0xc04a3]
V  [jvm.dll+0x3b61ab]
V  [jvm.dll+0x3820c7]
V  [jvm.dll+0x38153a]
V  [jvm.dll+0x247c82]
V  [jvm.dll+0x247251]
V  [jvm.dll+0x1c5f04]
V  [jvm.dll+0x2569ac]
V  [jvm.dll+0x254ef6]
V  [jvm.dll+0x3f0e96]
V  [jvm.dll+0x806ed8]
V  [jvm.dll+0x6cef0d]
C  [ucrtbase.dll+0x37b0]
C  [KERNEL32.DLL+0x2e8d7]
C  [ntdll.dll+0x8c53c]


---------------  P R O C E S S  ---------------

Threads class SMR info:
_java_thread_list=0x000001f7722ed170, length=164, elements={
0x000001f74dcae2d0, 0x000001f7664f0950, 0x000001f7664f33b0, 0x000001f7664d1540,
0x000001f7664d1f90, 0x000001f766505f40, 0x000001f7664d5eb0, 0x000001f7664d7110,
0x000001f76650c2a0, 0x000001f7664d4b00, 0x000001f7664d3de0, 0x000001f7664d2a30,
0x000001f7664d30c0, 0x000001f7664d5820, 0x000001f7664d3750, 0x000001f7664d4470,
0x000001f7664d5190, 0x000001f76cfefd60, 0x000001f76cff0a80, 0x000001f76cff03f0,
0x000001f76cff1110, 0x000001f76cfee9b0, 0x000001f76cfee320, 0x000001f76cfedc90,
0x000001f76cff17a0, 0x000001f76cff1e30, 0x000001f76cfef040, 0x000001f76cff24c0,
0x000001f76cff2b50, 0x000001f76cfef6d0, 0x000001f76cff31e0, 0x000001f76cff3f00,
0x000001f76cff4590, 0x000001f76cff3870, 0x000001f76cff4c20, 0x000001f76cff52b0,
0x000001f76e5d4370, 0x000001f76e5d1c10, 0x000001f76e5d22a0, 0x000001f76e5d3ce0,
0x000001f76e5d2fc0, 0x000001f76e5d3650, 0x000001f76e5d4a00, 0x000001f76e5d1580,
0x000001f76e5d5090, 0x000001f76e5d5720, 0x000001f76e5d2930, 0x000001f76e5d8510,
0x000001f76e5d8ba0, 0x000001f76e5d5db0, 0x000001f76e5d6440, 0x000001f76e5d7160,
0x000001f76df78550, 0x000001f76df75760, 0x000001f76df77830, 0x000001f76df75df0,
0x000001f76df771a0, 0x000001f76df750d0, 0x000001f76df78be0, 0x000001f76df79270,
0x000001f76df79900, 0x000001f76df76b10, 0x000001f76df76480, 0x000001f76df7b9d0,
0x000001f76df7c6f0, 0x000001f76df7c060, 0x000001f76df79f90, 0x000001f76df7acb0,
0x000001f76df7a620, 0x000001f76df7b340, 0x000001f770b7aa30, 0x000001f770b7a3a0,
0x000001f770b7b0c0, 0x000001f770b7ff80, 0x000001f770b7cb00, 0x000001f770b7f260,
0x000001f770b7d820, 0x000001f770b7f8f0, 0x000001f770b80ca0, 0x000001f770b80610,
0x000001f770b81330, 0x000001f770b819c0, 0x000001f76d971fa0, 0x000001f76d972630,
0x000001f76d972cc0, 0x000001f76d973350, 0x000001f76d96fed0, 0x000001f76d970560,
0x000001f76d9739e0, 0x000001f76d971280, 0x000001f76d974070, 0x000001f76d971910,
0x000001f76d970bf0, 0x000001f76d975420, 0x000001f76d976e60, 0x000001f76d976140,
0x000001f76d9774f0, 0x000001f76d974700, 0x000001f76d974d90, 0x000001f76d975ab0,
0x000001f76d9767d0, 0x000001f770ecb670, 0x000001f770ec95a0, 0x000001f770ecafe0,
0x000001f770ecbd00, 0x000001f770ecc390, 0x000001f770eca950, 0x000001f770ec9c30,
0x000001f770ec8f10, 0x000001f770ecca20, 0x000001f770ecd0b0, 0x000001f770eca2c0,
0x000001f770ecfea0, 0x000001f770ed0530, 0x000001f770ecddd0, 0x000001f770ece460,
0x000001f770eceaf0, 0x000001f770ecf180, 0x000001f770ecf810, 0x000001f76f2e8e10,
0x000001f76f2e94a0, 0x000001f76f2e8780, 0x000001f76f2e9b30, 0x000001f76f2e73d0,
0x000001f76f2ea1c0, 0x000001f76f2ea850, 0x000001f76f2eaee0, 0x000001f76f2e7a60,
0x000001f76f2eb570, 0x000001f76f2e80f0, 0x000001f779f2ef30, 0x000001f779f30970,
0x000001f7721d69a0, 0x000001f779f26bf0, 0x000001f779f25840, 0x000001f779f26560,
0x000001f779f27280, 0x000001f779f23e00, 0x000001f779f2a700, 0x000001f779f27fa0,
0x000001f779f29350, 0x000001f779f28630, 0x000001f76d7b9340, 0x000001f76d7ba6f0,
0x000001f76d7b7f90, 0x000001f76d7bb410, 0x000001f76d7bbaa0, 0x000001f76d7b8cb0,
0x000001f76d7bc7c0, 0x000001f76d7bd4e0, 0x000001f76d7bdb70, 0x000001f770b7ebd0,
0x000001f770b7c470, 0x000001f77ae08ea0, 0x000001f77ae0a8e0, 0x000001f77ae09530,
0x000001f77ae0af70, 0x000001f76cdd7730, 0x000001f76cdd84d0, 0x000001f76cdd9940,
0x000001f76f076710, 0x000001f76f074500, 0x000001f76f073760, 0x000001f76f0774b0
}

Java Threads: ( => current thread )
  0x000001f74dcae2d0 JavaThread "main"                              [_thread_blocked, id=1648, stack(0x00000012c0900000,0x00000012c0a00000) (1024K)]
  0x000001f7664f0950 JavaThread "Reference Handler"          daemon [_thread_blocked, id=10256, stack(0x00000012c1100000,0x00000012c1200000) (1024K)]
  0x000001f7664f33b0 JavaThread "Finalizer"                  daemon [_thread_blocked, id=13204, stack(0x00000012c1200000,0x00000012c1300000) (1024K)]
  0x000001f7664d1540 JavaThread "Signal Dispatcher"          daemon [_thread_blocked, id=3216, stack(0x00000012c1300000,0x00000012c1400000) (1024K)]
  0x000001f7664d1f90 JavaThread "Attach Listener"            daemon [_thread_blocked, id=15148, stack(0x00000012c1400000,0x00000012c1500000) (1024K)]
  0x000001f766505f40 JavaThread "Service Thread"             daemon [_thread_blocked, id=13472, stack(0x00000012c1500000,0x00000012c1600000) (1024K)]
  0x000001f7664d5eb0 JavaThread "Monitor Deflation Thread"   daemon [_thread_blocked, id=19196, stack(0x00000012c1600000,0x00000012c1700000) (1024K)]
  0x000001f7664d7110 JavaThread "C2 CompilerThread0"         daemon [_thread_in_native, id=13848, stack(0x00000012c1700000,0x00000012c1800000) (1024K)]
  0x000001f76650c2a0 JavaThread "C1 CompilerThread0"         daemon [_thread_blocked, id=20808, stack(0x00000012c1800000,0x00000012c1900000) (1024K)]
  0x000001f7664d4b00 JavaThread "Common-Cleaner"             daemon [_thread_blocked, id=13744, stack(0x00000012c1900000,0x00000012c1a00000) (1024K)]
  0x000001f7664d3de0 JavaThread "Notification Thread"        daemon [_thread_blocked, id=20544, stack(0x00000012c1c00000,0x00000012c1d00000) (1024K)]
  0x000001f7664d2a30 JavaThread "Daemon health stats"               [_thread_blocked, id=8784, stack(0x00000012c2800000,0x00000012c2900000) (1024K)]
  0x000001f7664d30c0 JavaThread "Incoming local TCP Connector on port 51526"        [_thread_in_native, id=1472, stack(0x00000012c2900000,0x00000012c2a00000) (1024K)]
  0x000001f7664d5820 JavaThread "Daemon periodic checks"            [_thread_blocked, id=15060, stack(0x00000012c2a00000,0x00000012c2b00000) (1024K)]
  0x000001f7664d3750 JavaThread "Daemon"                            [_thread_blocked, id=5092, stack(0x00000012c2b00000,0x00000012c2c00000) (1024K)]
  0x000001f7664d4470 JavaThread "Handler for socket connection from /127.0.0.1:51526 to /127.0.0.1:51527"        [_thread_in_native, id=3096, stack(0x00000012c2c00000,0x00000012c2d00000) (1024K)]
  0x000001f7664d5190 JavaThread "Cancel handler"                    [_thread_blocked, id=15348, stack(0x00000012c2d00000,0x00000012c2e00000) (1024K)]
  0x000001f76cfefd60 JavaThread "Daemon worker"                     [_thread_in_native, id=9292, stack(0x00000012c2e00000,0x00000012c2f00000) (1024K)]
  0x000001f76cff0a80 JavaThread "Asynchronous log dispatcher for DefaultDaemonConnection: socket connection from /127.0.0.1:51526 to /127.0.0.1:51527"        [_thread_in_native, id=20944, stack(0x00000012c2f00000,0x00000012c3000000) (1024K)]
  0x000001f76cff03f0 JavaThread "Stdin handler"                     [_thread_blocked, id=2680, stack(0x00000012c3000000,0x00000012c3100000) (1024K)]
  0x000001f76cff1110 JavaThread "Daemon client event forwarder"        [_thread_blocked, id=11012, stack(0x00000012c3100000,0x00000012c3200000) (1024K)]
  0x000001f76cfee9b0 JavaThread "Cache worker for journal cache (C:\Users\PC-1802\.gradle\caches\journal-1)"        [_thread_blocked, id=16560, stack(0x00000012c3c00000,0x00000012c3d00000) (1024K)]
  0x000001f76cfee320 JavaThread "File lock request listener"        [_thread_in_native, id=7192, stack(0x00000012c3d00000,0x00000012c3e00000) (1024K)]
  0x000001f76cfedc90 JavaThread "Cache worker for file hash cache (C:\Users\PC-1802\.gradle\caches\8.11.1\fileHashes)"        [_thread_blocked, id=21984, stack(0x00000012c3e00000,0x00000012c3f00000) (1024K)]
  0x000001f76cff17a0 JavaThread "Cache worker for file content cache (C:\Users\PC-1802\.gradle\caches\8.11.1\fileContent)"        [_thread_blocked, id=8140, stack(0x00000012c3f00000,0x00000012c4000000) (1024K)]
  0x000001f76cff1e30 JavaThread "Cache worker for file hash cache (C:\Users\PC-1802\Documents\GitHub\CP213_169LearnAndroid\lab\.gradle\8.11.1\fileHashes)"        [_thread_blocked, id=21608, stack(0x00000012c4000000,0x00000012c4100000) (1024K)]
  0x000001f76cfef040 JavaThread "Cache worker for Build Output Cleanup Cache (C:\Users\PC-1802\Documents\GitHub\CP213_169LearnAndroid\lab\.gradle\buildOutputCleanup)"        [_thread_blocked, id=13776, stack(0x00000012c4100000,0x00000012c4200000) (1024K)]
  0x000001f76cff24c0 JavaThread "File watcher server"        daemon [_thread_in_native, id=15468, stack(0x00000012c4200000,0x00000012c4300000) (1024K)]
  0x000001f76cff2b50 JavaThread "File watcher consumer"      daemon [_thread_blocked, id=3908, stack(0x00000012c4300000,0x00000012c4400000) (1024K)]
  0x000001f76cfef6d0 JavaThread "jar transforms"                    [_thread_blocked, id=16516, stack(0x00000012c4400000,0x00000012c4500000) (1024K)]
  0x000001f76cff31e0 JavaThread "jar transforms Thread 2"           [_thread_blocked, id=19120, stack(0x00000012c4500000,0x00000012c4600000) (1024K)]
  0x000001f76cff3f00 JavaThread "jar transforms Thread 3"           [_thread_blocked, id=20352, stack(0x00000012c4600000,0x00000012c4700000) (1024K)]
  0x000001f76cff4590 JavaThread "jar transforms Thread 4"           [_thread_blocked, id=3460, stack(0x00000012c4700000,0x00000012c4800000) (1024K)]
  0x000001f76cff3870 JavaThread "jar transforms Thread 5"           [_thread_blocked, id=5964, stack(0x00000012c4800000,0x00000012c4900000) (1024K)]
  0x000001f76cff4c20 JavaThread "jar transforms Thread 6"           [_thread_blocked, id=15680, stack(0x00000012c4900000,0x00000012c4a00000) (1024K)]
  0x000001f76cff52b0 JavaThread "jar transforms Thread 7"           [_thread_blocked, id=1764, stack(0x00000012c4a00000,0x00000012c4b00000) (1024K)]
  0x000001f76e5d4370 JavaThread "jar transforms Thread 8"           [_thread_blocked, id=21644, stack(0x00000012c4b00000,0x00000012c4c00000) (1024K)]
  0x000001f76e5d1c10 JavaThread "jar transforms Thread 9"           [_thread_blocked, id=2768, stack(0x00000012c4c00000,0x00000012c4d00000) (1024K)]
  0x000001f76e5d22a0 JavaThread "jar transforms Thread 10"          [_thread_blocked, id=16024, stack(0x00000012c4d00000,0x00000012c4e00000) (1024K)]
  0x000001f76e5d3ce0 JavaThread "jar transforms Thread 11"          [_thread_blocked, id=19468, stack(0x00000012c4e00000,0x00000012c4f00000) (1024K)]
  0x000001f76e5d2fc0 JavaThread "jar transforms Thread 12"          [_thread_blocked, id=3224, stack(0x00000012c4f00000,0x00000012c5000000) (1024K)]
  0x000001f76e5d3650 JavaThread "jar transforms Thread 13"          [_thread_blocked, id=22292, stack(0x00000012c5000000,0x00000012c5100000) (1024K)]
  0x000001f76e5d4a00 JavaThread "jar transforms Thread 14"          [_thread_blocked, id=7152, stack(0x00000012c5100000,0x00000012c5200000) (1024K)]
  0x000001f76e5d1580 JavaThread "jar transforms Thread 15"          [_thread_blocked, id=15900, stack(0x00000012c5200000,0x00000012c5300000) (1024K)]
  0x000001f76e5d5090 JavaThread "jar transforms Thread 16"          [_thread_blocked, id=15720, stack(0x00000012c5300000,0x00000012c5400000) (1024K)]
  0x000001f76e5d5720 JavaThread "jar transforms Thread 17"          [_thread_blocked, id=7700, stack(0x00000012c5400000,0x00000012c5500000) (1024K)]
  0x000001f76e5d2930 JavaThread "jar transforms Thread 18"          [_thread_blocked, id=6780, stack(0x00000012c5500000,0x00000012c5600000) (1024K)]
  0x000001f76e5d8510 JavaThread "jar transforms Thread 19"          [_thread_blocked, id=3408, stack(0x00000012c5600000,0x00000012c5700000) (1024K)]
  0x000001f76e5d8ba0 JavaThread "jar transforms Thread 20"          [_thread_blocked, id=15304, stack(0x00000012c5700000,0x00000012c5800000) (1024K)]
  0x000001f76e5d5db0 JavaThread "Cache worker for checksums cache (C:\Users\PC-1802\Documents\GitHub\CP213_169LearnAndroid\lab\.gradle\8.11.1\checksums)"        [_thread_blocked, id=12348, stack(0x00000012c5800000,0x00000012c5900000) (1024K)]
  0x000001f76e5d6440 JavaThread "Cache worker for cache directory md-rule (C:\Users\PC-1802\.gradle\caches\8.11.1\md-rule)"        [_thread_blocked, id=12160, stack(0x00000012c5900000,0x00000012c5a00000) (1024K)]
  0x000001f76e5d7160 JavaThread "Cache worker for cache directory md-supplier (C:\Users\PC-1802\.gradle\caches\8.11.1\md-supplier)"        [_thread_blocked, id=9888, stack(0x00000012c5a00000,0x00000012c5b00000) (1024K)]
  0x000001f76df78550 JavaThread "Unconstrained build operations"        [_thread_blocked, id=5528, stack(0x00000012c5c00000,0x00000012c5d00000) (1024K)]
  0x000001f76df75760 JavaThread "Unconstrained build operations Thread 2"        [_thread_blocked, id=14308, stack(0x00000012c5d00000,0x00000012c5e00000) (1024K)]
  0x000001f76df77830 JavaThread "Unconstrained build operations Thread 3"        [_thread_blocked, id=5184, stack(0x00000012c5e00000,0x00000012c5f00000) (1024K)]
  0x000001f76df75df0 JavaThread "Unconstrained build operations Thread 4"        [_thread_blocked, id=16552, stack(0x00000012c5f00000,0x00000012c6000000) (1024K)]
  0x000001f76df771a0 JavaThread "Unconstrained build operations Thread 5"        [_thread_blocked, id=872, stack(0x00000012c1d00000,0x00000012c1e00000) (1024K)]
  0x000001f76df750d0 JavaThread "Unconstrained build operations Thread 6"        [_thread_blocked, id=20372, stack(0x00000012c1e00000,0x00000012c1f00000) (1024K)]
  0x000001f76df78be0 JavaThread "Unconstrained build operations Thread 7"        [_thread_blocked, id=2424, stack(0x00000012c1f00000,0x00000012c2000000) (1024K)]
  0x000001f76df79270 JavaThread "Unconstrained build operations Thread 8"        [_thread_blocked, id=14772, stack(0x00000012c5b00000,0x00000012c5c00000) (1024K)]
  0x000001f76df79900 JavaThread "Unconstrained build operations Thread 9"        [_thread_blocked, id=2284, stack(0x00000012c6000000,0x00000012c6100000) (1024K)]
  0x000001f76df76b10 JavaThread "Unconstrained build operations Thread 10"        [_thread_blocked, id=13568, stack(0x00000012c6100000,0x00000012c6200000) (1024K)]
  0x000001f76df76480 JavaThread "Unconstrained build operations Thread 11"        [_thread_blocked, id=15096, stack(0x00000012c6200000,0x00000012c6300000) (1024K)]
  0x000001f76df7b9d0 JavaThread "Unconstrained build operations Thread 12"        [_thread_blocked, id=11796, stack(0x00000012c6300000,0x00000012c6400000) (1024K)]
  0x000001f76df7c6f0 JavaThread "Unconstrained build operations Thread 13"        [_thread_blocked, id=16048, stack(0x00000012c6400000,0x00000012c6500000) (1024K)]
  0x000001f76df7c060 JavaThread "Unconstrained build operations Thread 14"        [_thread_blocked, id=21928, stack(0x00000012c6500000,0x00000012c6600000) (1024K)]
  0x000001f76df79f90 JavaThread "Unconstrained build operations Thread 15"        [_thread_blocked, id=4092, stack(0x00000012c6600000,0x00000012c6700000) (1024K)]
  0x000001f76df7acb0 JavaThread "Unconstrained build operations Thread 16"        [_thread_blocked, id=5380, stack(0x00000012c6700000,0x00000012c6800000) (1024K)]
  0x000001f76df7a620 JavaThread "Unconstrained build operations Thread 17"        [_thread_blocked, id=14716, stack(0x00000012c6800000,0x00000012c6900000) (1024K)]
  0x000001f76df7b340 JavaThread "Unconstrained build operations Thread 18"        [_thread_blocked, id=8796, stack(0x00000012c6900000,0x00000012c6a00000) (1024K)]
  0x000001f770b7aa30 JavaThread "Unconstrained build operations Thread 19"        [_thread_blocked, id=12660, stack(0x00000012c6a00000,0x00000012c6b00000) (1024K)]
  0x000001f770b7a3a0 JavaThread "Unconstrained build operations Thread 20"        [_thread_blocked, id=10300, stack(0x00000012c6b00000,0x00000012c6c00000) (1024K)]
  0x000001f770b7b0c0 JavaThread "Unconstrained build operations Thread 21"        [_thread_blocked, id=14124, stack(0x00000012c6c00000,0x00000012c6d00000) (1024K)]
  0x000001f770b7ff80 JavaThread "Unconstrained build operations Thread 22"        [_thread_blocked, id=10196, stack(0x00000012c6f00000,0x00000012c7000000) (1024K)]
  0x000001f770b7cb00 JavaThread "Unconstrained build operations Thread 23"        [_thread_blocked, id=15180, stack(0x00000012c7000000,0x00000012c7100000) (1024K)]
  0x000001f770b7f260 JavaThread "Unconstrained build operations Thread 24"        [_thread_blocked, id=10844, stack(0x00000012c7100000,0x00000012c7200000) (1024K)]
  0x000001f770b7d820 JavaThread "Unconstrained build operations Thread 25"        [_thread_blocked, id=11872, stack(0x00000012c7200000,0x00000012c7300000) (1024K)]
  0x000001f770b7f8f0 JavaThread "Unconstrained build operations Thread 26"        [_thread_blocked, id=492, stack(0x00000012c7300000,0x00000012c7400000) (1024K)]
  0x000001f770b80ca0 JavaThread "Unconstrained build operations Thread 27"        [_thread_blocked, id=9308, stack(0x00000012c7400000,0x00000012c7500000) (1024K)]
  0x000001f770b80610 JavaThread "Unconstrained build operations Thread 28"        [_thread_blocked, id=11492, stack(0x00000012c7500000,0x00000012c7600000) (1024K)]
  0x000001f770b81330 JavaThread "Unconstrained build operations Thread 29"        [_thread_blocked, id=7088, stack(0x00000012c7600000,0x00000012c7700000) (1024K)]
  0x000001f770b819c0 JavaThread "Unconstrained build operations Thread 30"        [_thread_blocked, id=2652, stack(0x00000012c7700000,0x00000012c7800000) (1024K)]
  0x000001f76d971fa0 JavaThread "Unconstrained build operations Thread 31"        [_thread_blocked, id=12824, stack(0x00000012c7800000,0x00000012c7900000) (1024K)]
  0x000001f76d972630 JavaThread "Unconstrained build operations Thread 32"        [_thread_blocked, id=2712, stack(0x00000012c7900000,0x00000012c7a00000) (1024K)]
  0x000001f76d972cc0 JavaThread "Unconstrained build operations Thread 33"        [_thread_blocked, id=1696, stack(0x00000012c7a00000,0x00000012c7b00000) (1024K)]
  0x000001f76d973350 JavaThread "Unconstrained build operations Thread 34"        [_thread_blocked, id=17976, stack(0x00000012c7b00000,0x00000012c7c00000) (1024K)]
  0x000001f76d96fed0 JavaThread "Unconstrained build operations Thread 35"        [_thread_blocked, id=15584, stack(0x00000012c7c00000,0x00000012c7d00000) (1024K)]
  0x000001f76d970560 JavaThread "Unconstrained build operations Thread 36"        [_thread_blocked, id=8440, stack(0x00000012c7d00000,0x00000012c7e00000) (1024K)]
  0x000001f76d9739e0 JavaThread "Unconstrained build operations Thread 37"        [_thread_blocked, id=18100, stack(0x00000012c7e00000,0x00000012c7f00000) (1024K)]
  0x000001f76d971280 JavaThread "Unconstrained build operations Thread 38"        [_thread_blocked, id=2532, stack(0x00000012c7f00000,0x00000012c8000000) (1024K)]
  0x000001f76d974070 JavaThread "Unconstrained build operations Thread 39"        [_thread_blocked, id=14012, stack(0x00000012c8000000,0x00000012c8100000) (1024K)]
  0x000001f76d971910 JavaThread "Unconstrained build operations Thread 40"        [_thread_blocked, id=18792, stack(0x00000012c8100000,0x00000012c8200000) (1024K)]
  0x000001f76d970bf0 JavaThread "Unconstrained build operations Thread 41"        [_thread_blocked, id=4964, stack(0x00000012c8200000,0x00000012c8300000) (1024K)]
  0x000001f76d975420 JavaThread "Unconstrained build operations Thread 42"        [_thread_blocked, id=10000, stack(0x00000012c8300000,0x00000012c8400000) (1024K)]
  0x000001f76d976e60 JavaThread "Unconstrained build operations Thread 43"        [_thread_blocked, id=15076, stack(0x00000012c8400000,0x00000012c8500000) (1024K)]
  0x000001f76d976140 JavaThread "Unconstrained build operations Thread 44"        [_thread_blocked, id=13068, stack(0x00000012c8500000,0x00000012c8600000) (1024K)]
  0x000001f76d9774f0 JavaThread "Unconstrained build operations Thread 45"        [_thread_blocked, id=21052, stack(0x00000012c8600000,0x00000012c8700000) (1024K)]
  0x000001f76d974700 JavaThread "Unconstrained build operations Thread 46"        [_thread_blocked, id=18776, stack(0x00000012c8700000,0x00000012c8800000) (1024K)]
  0x000001f76d974d90 JavaThread "Unconstrained build operations Thread 47"        [_thread_blocked, id=15040, stack(0x00000012c8800000,0x00000012c8900000) (1024K)]
  0x000001f76d975ab0 JavaThread "Unconstrained build operations Thread 48"        [_thread_blocked, id=12772, stack(0x00000012c8900000,0x00000012c8a00000) (1024K)]
  0x000001f76d9767d0 JavaThread "Unconstrained build operations Thread 49"        [_thread_blocked, id=19988, stack(0x00000012c8a00000,0x00000012c8b00000) (1024K)]
  0x000001f770ecb670 JavaThread "Unconstrained build operations Thread 50"        [_thread_blocked, id=14520, stack(0x00000012c8b00000,0x00000012c8c00000) (1024K)]
  0x000001f770ec95a0 JavaThread "Unconstrained build operations Thread 51"        [_thread_blocked, id=10144, stack(0x00000012c8c00000,0x00000012c8d00000) (1024K)]
  0x000001f770ecafe0 JavaThread "Unconstrained build operations Thread 52"        [_thread_blocked, id=912, stack(0x00000012c8d00000,0x00000012c8e00000) (1024K)]
  0x000001f770ecbd00 JavaThread "Unconstrained build operations Thread 53"        [_thread_blocked, id=14564, stack(0x00000012c8e00000,0x00000012c8f00000) (1024K)]
  0x000001f770ecc390 JavaThread "Unconstrained build operations Thread 54"        [_thread_blocked, id=6716, stack(0x00000012c8f00000,0x00000012c9000000) (1024K)]
  0x000001f770eca950 JavaThread "Unconstrained build operations Thread 55"        [_thread_blocked, id=19180, stack(0x00000012c9000000,0x00000012c9100000) (1024K)]
  0x000001f770ec9c30 JavaThread "Unconstrained build operations Thread 56"        [_thread_blocked, id=19156, stack(0x00000012c9100000,0x00000012c9200000) (1024K)]
  0x000001f770ec8f10 JavaThread "Unconstrained build operations Thread 57"        [_thread_blocked, id=14592, stack(0x00000012c9200000,0x00000012c9300000) (1024K)]
  0x000001f770ecca20 JavaThread "Unconstrained build operations Thread 58"        [_thread_blocked, id=21956, stack(0x00000012c9300000,0x00000012c9400000) (1024K)]
  0x000001f770ecd0b0 JavaThread "Unconstrained build operations Thread 59"        [_thread_blocked, id=21108, stack(0x00000012c9400000,0x00000012c9500000) (1024K)]
  0x000001f770eca2c0 JavaThread "Unconstrained build operations Thread 60"        [_thread_blocked, id=13208, stack(0x00000012c9500000,0x00000012c9600000) (1024K)]
  0x000001f770ecfea0 JavaThread "Unconstrained build operations Thread 61"        [_thread_blocked, id=12896, stack(0x00000012c9600000,0x00000012c9700000) (1024K)]
  0x000001f770ed0530 JavaThread "Unconstrained build operations Thread 62"        [_thread_blocked, id=21120, stack(0x00000012c9700000,0x00000012c9800000) (1024K)]
  0x000001f770ecddd0 JavaThread "Unconstrained build operations Thread 63"        [_thread_blocked, id=21096, stack(0x00000012c9800000,0x00000012c9900000) (1024K)]
  0x000001f770ece460 JavaThread "Unconstrained build operations Thread 64"        [_thread_blocked, id=5452, stack(0x00000012c9900000,0x00000012c9a00000) (1024K)]
  0x000001f770eceaf0 JavaThread "Unconstrained build operations Thread 65"        [_thread_blocked, id=21332, stack(0x00000012c9a00000,0x00000012c9b00000) (1024K)]
  0x000001f770ecf180 JavaThread "Unconstrained build operations Thread 66"        [_thread_blocked, id=20536, stack(0x00000012c9b00000,0x00000012c9c00000) (1024K)]
  0x000001f770ecf810 JavaThread "Unconstrained build operations Thread 67"        [_thread_blocked, id=1832, stack(0x00000012c9c00000,0x00000012c9d00000) (1024K)]
  0x000001f76f2e8e10 JavaThread "Unconstrained build operations Thread 68"        [_thread_blocked, id=20496, stack(0x00000012c9d00000,0x00000012c9e00000) (1024K)]
  0x000001f76f2e94a0 JavaThread "Unconstrained build operations Thread 69"        [_thread_blocked, id=2564, stack(0x00000012c9e00000,0x00000012c9f00000) (1024K)]
  0x000001f76f2e8780 JavaThread "Unconstrained build operations Thread 70"        [_thread_blocked, id=10956, stack(0x00000012c9f00000,0x00000012ca000000) (1024K)]
  0x000001f76f2e9b30 JavaThread "Unconstrained build operations Thread 71"        [_thread_blocked, id=1512, stack(0x00000012ca000000,0x00000012ca100000) (1024K)]
  0x000001f76f2e73d0 JavaThread "Unconstrained build operations Thread 72"        [_thread_blocked, id=21404, stack(0x00000012ca100000,0x00000012ca200000) (1024K)]
  0x000001f76f2ea1c0 JavaThread "Unconstrained build operations Thread 73"        [_thread_blocked, id=13600, stack(0x00000012ca200000,0x00000012ca300000) (1024K)]
  0x000001f76f2ea850 JavaThread "Unconstrained build operations Thread 74"        [_thread_blocked, id=11336, stack(0x00000012ca300000,0x00000012ca400000) (1024K)]
  0x000001f76f2eaee0 JavaThread "Unconstrained build operations Thread 75"        [_thread_blocked, id=6016, stack(0x00000012ca400000,0x00000012ca500000) (1024K)]
  0x000001f76f2e7a60 JavaThread "Unconstrained build operations Thread 76"        [_thread_blocked, id=13332, stack(0x00000012ca500000,0x00000012ca600000) (1024K)]
  0x000001f76f2eb570 JavaThread "Unconstrained build operations Thread 77"        [_thread_blocked, id=4564, stack(0x00000012ca600000,0x00000012ca700000) (1024K)]
  0x000001f76f2e80f0 JavaThread "Unconstrained build operations Thread 78"        [_thread_blocked, id=19700, stack(0x00000012ca700000,0x00000012ca800000) (1024K)]
  0x000001f779f2ef30 JavaThread "Memory manager"                    [_thread_blocked, id=21648, stack(0x00000012ca800000,0x00000012ca900000) (1024K)]
  0x000001f779f30970 JavaThread "build event listener"              [_thread_blocked, id=18164, stack(0x00000012caa00000,0x00000012cab00000) (1024K)]
  0x000001f7721d69a0 JavaThread "Kotlin DSL Writer"                 [_thread_blocked, id=16060, stack(0x00000012cab00000,0x00000012cac00000) (1024K)]
  0x000001f779f26bf0 JavaThread "pool-3-thread-1"                   [_thread_blocked, id=10880, stack(0x00000012cad00000,0x00000012cae00000) (1024K)]
  0x000001f779f25840 JavaThread "included builds"                   [_thread_blocked, id=12648, stack(0x00000012cac00000,0x00000012cad00000) (1024K)]
  0x000001f779f26560 JavaThread "Execution worker"                  [_thread_blocked, id=12876, stack(0x00000012cae00000,0x00000012caf00000) (1024K)]
  0x000001f779f27280 JavaThread "Execution worker Thread 2"         [_thread_blocked, id=21112, stack(0x00000012caf00000,0x00000012cb000000) (1024K)]
  0x000001f779f23e00 JavaThread "Execution worker Thread 3"         [_thread_blocked, id=8020, stack(0x00000012cb000000,0x00000012cb100000) (1024K)]
  0x000001f779f2a700 JavaThread "Execution worker Thread 4"         [_thread_blocked, id=7620, stack(0x00000012cb100000,0x00000012cb200000) (1024K)]
  0x000001f779f27fa0 JavaThread "Execution worker Thread 5"         [_thread_blocked, id=21808, stack(0x00000012cb200000,0x00000012cb300000) (1024K)]
  0x000001f779f29350 JavaThread "Execution worker Thread 6"         [_thread_blocked, id=3648, stack(0x00000012cb300000,0x00000012cb400000) (1024K)]
  0x000001f779f28630 JavaThread "Execution worker Thread 7"         [_thread_blocked, id=11112, stack(0x00000012cb400000,0x00000012cb500000) (1024K)]
  0x000001f76d7b9340 JavaThread "Execution worker Thread 8"         [_thread_blocked, id=18584, stack(0x00000012cb500000,0x00000012cb600000) (1024K)]
  0x000001f76d7ba6f0 JavaThread "Execution worker Thread 9"         [_thread_blocked, id=19884, stack(0x00000012cb600000,0x00000012cb700000) (1024K)]
  0x000001f76d7b7f90 JavaThread "Execution worker Thread 10"        [_thread_blocked, id=4928, stack(0x00000012cb700000,0x00000012cb800000) (1024K)]
  0x000001f76d7bb410 JavaThread "Execution worker Thread 11"        [_thread_blocked, id=18288, stack(0x00000012cb800000,0x00000012cb900000) (1024K)]
  0x000001f76d7bbaa0 JavaThread "Execution worker Thread 12"        [_thread_blocked, id=13428, stack(0x00000012cb900000,0x00000012cba00000) (1024K)]
  0x000001f76d7b8cb0 JavaThread "Execution worker Thread 13"        [_thread_blocked, id=11124, stack(0x00000012cba00000,0x00000012cbb00000) (1024K)]
  0x000001f76d7bc7c0 JavaThread "Execution worker Thread 14"        [_thread_blocked, id=18608, stack(0x00000012cbb00000,0x00000012cbc00000) (1024K)]
  0x000001f76d7bd4e0 JavaThread "Execution worker Thread 15"        [_thread_blocked, id=18000, stack(0x00000012cbc00000,0x00000012cbd00000) (1024K)]
  0x000001f76d7bdb70 JavaThread "Execution worker Thread 16"        [_thread_blocked, id=15816, stack(0x00000012cbd00000,0x00000012cbe00000) (1024K)]
  0x000001f770b7ebd0 JavaThread "Execution worker Thread 17"        [_thread_blocked, id=15368, stack(0x00000012cbe00000,0x00000012cbf00000) (1024K)]
  0x000001f770b7c470 JavaThread "Execution worker Thread 18"        [_thread_blocked, id=6916, stack(0x00000012cbf00000,0x00000012cc000000) (1024K)]
  0x000001f77ae08ea0 JavaThread "Execution worker Thread 19"        [_thread_blocked, id=19260, stack(0x00000012cc000000,0x00000012cc100000) (1024K)]
  0x000001f77ae0a8e0 JavaThread "Cache worker for execution history cache (C:\Users\PC-1802\Documents\GitHub\CP213_169LearnAndroid\lab\.gradle\8.11.1\executionHistory)"        [_thread_blocked, id=15092, stack(0x00000012cc100000,0x00000012cc200000) (1024K)]
  0x000001f77ae09530 JavaThread "idea-tooling-model-converter"        [_thread_blocked, id=8696, stack(0x00000012cc200000,0x00000012cc300000) (1024K)]
  0x000001f77ae0af70 JavaThread "Unconstrained build operations Thread 79"        [_thread_blocked, id=8172, stack(0x00000012ca900000,0x00000012caa00000) (1024K)]
  0x000001f76cdd7730 JavaThread "C2 CompilerThread1"         daemon [_thread_in_native, id=20100, stack(0x00000012c0600000,0x00000012c0700000) (1024K)]
  0x000001f76cdd84d0 JavaThread "C2 CompilerThread2"         daemon [_thread_in_native, id=17516, stack(0x00000012c1a00000,0x00000012c1b00000) (1024K)]
  0x000001f76cdd9940 JavaThread "C2 CompilerThread3"         daemon [_thread_in_native, id=15640, stack(0x00000012c1b00000,0x00000012c1c00000) (1024K)]
  0x000001f76f076710 JavaThread "C2 CompilerThread4"         daemon [_thread_in_native, id=19324, stack(0x00000012c2500000,0x00000012c2600000) (1024K)]
  0x000001f76f074500 JavaThread "C2 CompilerThread5"         daemon [_thread_in_native, id=960, stack(0x00000012c6d00000,0x00000012c6e00000) (1024K)]
=>0x000001f76f073760 JavaThread "C2 CompilerThread6"         daemon [_thread_in_native, id=8200, stack(0x00000012c6e00000,0x00000012c6f00000) (1024K)]
  0x000001f76f0774b0 JavaThread "C2 CompilerThread7"         daemon [_thread_in_native, id=5424, stack(0x00000012cc400000,0x00000012cc500000) (1024K)]
Total: 164

Other Threads:
  0x000001f766484fb0 VMThread "VM Thread"                           [id=12992, stack(0x00000012c1000000,0x00000012c1100000) (1024K)]
  0x000001f7664409d0 WatcherThread "VM Periodic Task Thread"        [id=22116, stack(0x00000012c0f00000,0x00000012c1000000) (1024K)]
  0x000001f74dd05bd0 WorkerThread "GC Thread#0"                     [id=17892, stack(0x00000012c0a00000,0x00000012c0b00000) (1024K)]
  0x000001f76b35c000 WorkerThread "GC Thread#1"                     [id=3488, stack(0x00000012c2000000,0x00000012c2100000) (1024K)]
  0x000001f76b608070 WorkerThread "GC Thread#2"                     [id=12704, stack(0x00000012c2100000,0x00000012c2200000) (1024K)]
  0x000001f76b608410 WorkerThread "GC Thread#3"                     [id=2904, stack(0x00000012c2200000,0x00000012c2300000) (1024K)]
  0x000001f76b3f24c0 WorkerThread "GC Thread#4"                     [id=18204, stack(0x00000012c2300000,0x00000012c2400000) (1024K)]
  0x000001f76b3f2860 WorkerThread "GC Thread#5"                     [id=2932, stack(0x00000012c2400000,0x00000012c2500000) (1024K)]
  0x000001f76cc19d50 WorkerThread "GC Thread#6"                     [id=1536, stack(0x00000012c2600000,0x00000012c2700000) (1024K)]
  0x000001f76cc1a0f0 WorkerThread "GC Thread#7"                     [id=8288, stack(0x00000012c2700000,0x00000012c2800000) (1024K)]
  0x000001f76cc19610 WorkerThread "GC Thread#8"                     [id=9992, stack(0x00000012c3200000,0x00000012c3300000) (1024K)]
  0x000001f76cc199b0 WorkerThread "GC Thread#9"                     [id=7116, stack(0x00000012c3300000,0x00000012c3400000) (1024K)]
  0x000001f76cc19270 WorkerThread "GC Thread#10"                    [id=18580, stack(0x00000012c3400000,0x00000012c3500000) (1024K)]
  0x000001f76cc1a490 WorkerThread "GC Thread#11"                    [id=18040, stack(0x00000012c3500000,0x00000012c3600000) (1024K)]
  0x000001f76ce4c600 WorkerThread "GC Thread#12"                    [id=2280, stack(0x00000012c3600000,0x00000012c3700000) (1024K)]
  0x000001f76ce4df60 WorkerThread "GC Thread#13"                    [id=3916, stack(0x00000012c3700000,0x00000012c3800000) (1024K)]
  0x000001f76ce4d0e0 WorkerThread "GC Thread#14"                    [id=7624, stack(0x00000012c3800000,0x00000012c3900000) (1024K)]
  0x000001f74dd16ac0 ConcurrentGCThread "G1 Main Marker"            [id=6176, stack(0x00000012c0b00000,0x00000012c0c00000) (1024K)]
  0x000001f74dd18310 WorkerThread "G1 Conc#0"                       [id=18028, stack(0x00000012c0c00000,0x00000012c0d00000) (1024K)]
  0x000001f76ce4c9a0 WorkerThread "G1 Conc#1"                       [id=9976, stack(0x00000012c3900000,0x00000012c3a00000) (1024K)]
  0x000001f76ce4e300 WorkerThread "G1 Conc#2"                       [id=9944, stack(0x00000012c3a00000,0x00000012c3b00000) (1024K)]
  0x000001f76ce4bec0 WorkerThread "G1 Conc#3"                       [id=11244, stack(0x00000012c3b00000,0x00000012c3c00000) (1024K)]
  0x000001f7662ba3b0 ConcurrentGCThread "G1 Refine#0"               [id=19532, stack(0x00000012c0d00000,0x00000012c0e00000) (1024K)]
  0x000001f7662bc0e0 ConcurrentGCThread "G1 Service"                [id=1476, stack(0x00000012c0e00000,0x00000012c0f00000) (1024K)]
Total: 24

Threads with active compile tasks:
C2 CompilerThread0  54863 25975       4       org.gradle.internal.component.model.DefaultExternalComponentGraphResolveState$DefaultConfigurationGraphResolveState::getAttributes (5 bytes)
C1 CompilerThread0  55864 26115   !   3       sun.security.ssl.SSLSocketImpl$AppInputStream::read (645 bytes)
C2 CompilerThread1  55864 26104       4       java.io.ObjectOutputStream::writeNonProxyDesc (109 bytes)
C2 CompilerThread2  55864 26117       4       java.io.ObjectStreamClass::writeNonProxy (161 bytes)
C2 CompilerThread3  55865 26095   !   4       java.util.zip.InflaterInputStream::read (129 bytes)
C2 CompilerThread4  55865 25890   !   4       java.io.ObjectOutputStream::writeObject0 (620 bytes)
C2 CompilerThread5  55865 26116       4       java.io.ObjectOutputStream::writeClassDescriptor (6 bytes)
C2 CompilerThread6  55865 25918       4       org.gradle.internal.component.external.model.DefaultConfigurationMetadata::getAttributes (28 bytes)
C2 CompilerThread7  55865 25900       4       java.io.ObjectOutputStream::writeClassDesc (60 bytes)
Total: 9

VM state: synchronizing (normal execution)

VM Mutex/Monitor currently owned by a thread:  ([mutex/lock_event])
[0x00007ffe41efe3a0] Threads_lock - owner thread: 0x000001f766484fb0

Heap address: 0x0000000080000000, size: 2048 MB, Compressed Oops mode: 32-bit

CDS archive(s) not mapped
Compressed class space mapped at: 0x0000000100000000-0x0000000140000000, reserved size: 1073741824
Narrow klass base: 0x0000000000000000, Narrow klass shift: 3, Narrow klass range: 0x140000000

GC Precious Log:
 CardTable entry size: 512
 Card Set container configuration: InlinePtr #cards 5 size 8 Array Of Cards #cards 12 size 40 Howl #buckets 4 coarsen threshold 1843 Howl Bitmap #cards 512 size 80 coarsen threshold 460 Card regions per heap region 1 cards per card region 2048
 CPUs: 20 total, 20 available
 Memory: 16072M
 Large Page Support: Disabled
 NUMA Support: Disabled
 Compressed Oops: Enabled (32-bit)
 Heap Region Size: 1M
 Heap Min Capacity: 8M
 Heap Initial Capacity: 252M
 Heap Max Capacity: 2G
 Pre-touch: Disabled
 Parallel Workers: 15
 Concurrent Workers: 4
 Concurrent Refinement Workers: 15
 Periodic GC: Disabled

Heap:
 garbage-first heap   total 673792K, used 498934K [0x0000000080000000, 0x0000000100000000)
  region size 1024K, 256 young (262144K), 21 survivors (21504K)
 Metaspace       used 192990K, committed 195776K, reserved 1245184K
  class space    used 24284K, committed 25664K, reserved 1048576K

Heap Regions: E=young(eden), S=young(survivor), O=old, HS=humongous(starts), HC=humongous(continues), CS=collection set, F=free, TAMS=top-at-mark-start, PB=parsable bottom
|   0|0x0000000080000000, 0x0000000080100000, 0x0000000080100000|100%|HS|  |TAMS 0x0000000080000000| PB 0x0000000080000000| Complete 
|   1|0x0000000080100000, 0x0000000080200000, 0x0000000080200000|100%|HC|  |TAMS 0x0000000080100000| PB 0x0000000080100000| Complete 
|   2|0x0000000080200000, 0x0000000080300000, 0x0000000080300000|100%|HC|  |TAMS 0x0000000080200000| PB 0x0000000080200000| Complete 
|   3|0x0000000080300000, 0x0000000080400000, 0x0000000080400000|100%| O|  |TAMS 0x0000000080300000| PB 0x0000000080300000| Untracked 
|   4|0x0000000080400000, 0x0000000080500000, 0x0000000080500000|100%| O|  |TAMS 0x0000000080400000| PB 0x0000000080400000| Untracked 
|   5|0x0000000080500000, 0x0000000080600000, 0x0000000080600000|100%| O|  |TAMS 0x0000000080500000| PB 0x0000000080500000| Untracked 
|   6|0x0000000080600000, 0x0000000080700000, 0x0000000080700000|100%|HS|  |TAMS 0x0000000080600000| PB 0x0000000080600000| Complete 
|   7|0x0000000080700000, 0x0000000080800000, 0x0000000080800000|100%| O|  |TAMS 0x0000000080700000| PB 0x0000000080700000| Untracked 
|   8|0x0000000080800000, 0x0000000080900000, 0x0000000080900000|100%| O|  |TAMS 0x0000000080800000| PB 0x0000000080800000| Untracked 
|   9|0x0000000080900000, 0x0000000080a00000, 0x0000000080a00000|100%| O|  |TAMS 0x0000000080900000| PB 0x0000000080900000| Untracked 
|  10|0x0000000080a00000, 0x0000000080b00000, 0x0000000080b00000|100%| O|  |TAMS 0x0000000080a00000| PB 0x0000000080a00000| Untracked 
|  11|0x0000000080b00000, 0x0000000080c00000, 0x0000000080c00000|100%| O|  |TAMS 0x0000000080b00000| PB 0x0000000080b00000| Untracked 
|  12|0x0000000080c00000, 0x0000000080d00000, 0x0000000080d00000|100%| O|  |TAMS 0x0000000080c00000| PB 0x0000000080c00000| Untracked 
|  13|0x0000000080d00000, 0x0000000080e00000, 0x0000000080e00000|100%| O|  |TAMS 0x0000000080d00000| PB 0x0000000080d00000| Untracked 
|  14|0x0000000080e00000, 0x0000000080f00000, 0x0000000080f00000|100%| O|  |TAMS 0x0000000080e00000| PB 0x0000000080e00000| Untracked 
|  15|0x0000000080f00000, 0x0000000081000000, 0x0000000081000000|100%| O|  |TAMS 0x0000000080f00000| PB 0x0000000080f00000| Untracked 
|  16|0x0000000081000000, 0x0000000081100000, 0x0000000081100000|100%| O|  |TAMS 0x0000000081000000| PB 0x0000000081000000| Untracked 
|  17|0x0000000081100000, 0x0000000081200000, 0x0000000081200000|100%| O|  |TAMS 0x0000000081100000| PB 0x0000000081100000| Untracked 
|  18|0x0000000081200000, 0x0000000081300000, 0x0000000081300000|100%| O|  |TAMS 0x0000000081200000| PB 0x0000000081200000| Untracked 
|  19|0x0000000081300000, 0x0000000081400000, 0x0000000081400000|100%| O|  |TAMS 0x0000000081300000| PB 0x0000000081300000| Untracked 
|  20|0x0000000081400000, 0x0000000081500000, 0x0000000081500000|100%|HS|  |TAMS 0x0000000081400000| PB 0x0000000081400000| Complete 
|  21|0x0000000081500000, 0x0000000081600000, 0x0000000081600000|100%|HC|  |TAMS 0x0000000081500000| PB 0x0000000081500000| Complete 
|  22|0x0000000081600000, 0x0000000081700000, 0x0000000081700000|100%|HC|  |TAMS 0x0000000081600000| PB 0x0000000081600000| Complete 
|  23|0x0000000081700000, 0x0000000081800000, 0x0000000081800000|100%|HC|  |TAMS 0x0000000081700000| PB 0x0000000081700000| Complete 
|  24|0x0000000081800000, 0x0000000081900000, 0x0000000081900000|100%|HC|  |TAMS 0x0000000081800000| PB 0x0000000081800000| Complete 
|  25|0x0000000081900000, 0x0000000081a00000, 0x0000000081a00000|100%|HC|  |TAMS 0x0000000081900000| PB 0x0000000081900000| Complete 
|  26|0x0000000081a00000, 0x0000000081b00000, 0x0000000081b00000|100%| O|  |TAMS 0x0000000081a00000| PB 0x0000000081a00000| Untracked 
|  27|0x0000000081b00000, 0x0000000081c00000, 0x0000000081c00000|100%|HS|  |TAMS 0x0000000081b00000| PB 0x0000000081b00000| Complete 
|  28|0x0000000081c00000, 0x0000000081d00000, 0x0000000081d00000|100%| O|  |TAMS 0x0000000081c00000| PB 0x0000000081c00000| Untracked 
|  29|0x0000000081d00000, 0x0000000081e00000, 0x0000000081e00000|100%| O|  |TAMS 0x0000000081d00000| PB 0x0000000081d00000| Untracked 
|  30|0x0000000081e00000, 0x0000000081f00000, 0x0000000081f00000|100%| O|  |TAMS 0x0000000081e00000| PB 0x0000000081e00000| Untracked 
|  31|0x0000000081f00000, 0x0000000082000000, 0x0000000082000000|100%| O|  |TAMS 0x0000000081f00000| PB 0x0000000081f00000| Untracked 
|  32|0x0000000082000000, 0x0000000082100000, 0x0000000082100000|100%| O|  |TAMS 0x0000000082000000| PB 0x0000000082000000| Untracked 
|  33|0x0000000082100000, 0x0000000082200000, 0x0000000082200000|100%|HS|  |TAMS 0x0000000082100000| PB 0x0000000082100000| Complete 
|  34|0x0000000082200000, 0x0000000082300000, 0x0000000082300000|100%|HC|  |TAMS 0x0000000082200000| PB 0x0000000082200000| Complete 
|  35|0x0000000082300000, 0x0000000082400000, 0x0000000082400000|100%|HC|  |TAMS 0x0000000082300000| PB 0x0000000082300000| Complete 
|  36|0x0000000082400000, 0x0000000082500000, 0x0000000082500000|100%|HC|  |TAMS 0x0000000082400000| PB 0x0000000082400000| Complete 
|  37|0x0000000082500000, 0x0000000082600000, 0x0000000082600000|100%|HS|  |TAMS 0x0000000082500000| PB 0x0000000082500000| Complete 
|  38|0x0000000082600000, 0x0000000082700000, 0x0000000082700000|100%|HC|  |TAMS 0x0000000082600000| PB 0x0000000082600000| Complete 
|  39|0x0000000082700000, 0x0000000082800000, 0x0000000082800000|100%| O|  |TAMS 0x0000000082700000| PB 0x0000000082700000| Untracked 
|  40|0x0000000082800000, 0x0000000082900000, 0x0000000082900000|100%|HS|  |TAMS 0x0000000082800000| PB 0x0000000082800000| Complete 
|  41|0x0000000082900000, 0x0000000082a00000, 0x0000000082a00000|100%|HC|  |TAMS 0x0000000082900000| PB 0x0000000082900000| Complete 
|  42|0x0000000082a00000, 0x0000000082b00000, 0x0000000082b00000|100%| O|  |TAMS 0x0000000082a00000| PB 0x0000000082a00000| Untracked 
|  43|0x0000000082b00000, 0x0000000082c00000, 0x0000000082c00000|100%| O|  |TAMS 0x0000000082b00000| PB 0x0000000082b00000| Untracked 
|  44|0x0000000082c00000, 0x0000000082d00000, 0x0000000082d00000|100%| O|  |TAMS 0x0000000082c00000| PB 0x0000000082c00000| Untracked 
|  45|0x0000000082d00000, 0x0000000082e00000, 0x0000000082e00000|100%| O|  |TAMS 0x0000000082d00000| PB 0x0000000082d00000| Untracked 
|  46|0x0000000082e00000, 0x0000000082f00000, 0x0000000082f00000|100%| O|  |TAMS 0x0000000082e00000| PB 0x0000000082e00000| Untracked 
|  47|0x0000000082f00000, 0x0000000083000000, 0x0000000083000000|100%| O|  |TAMS 0x0000000082f00000| PB 0x0000000082f00000| Untracked 
|  48|0x0000000083000000, 0x0000000083100000, 0x0000000083100000|100%| O|  |TAMS 0x0000000083000000| PB 0x0000000083000000| Untracked 
|  49|0x0000000083100000, 0x0000000083200000, 0x0000000083200000|100%| O|  |TAMS 0x0000000083100000| PB 0x0000000083100000| Untracked 
|  50|0x0000000083200000, 0x0000000083300000, 0x0000000083300000|100%| O|  |TAMS 0x0000000083200000| PB 0x0000000083200000| Untracked 
|  51|0x0000000083300000, 0x0000000083400000, 0x0000000083400000|100%| O|  |TAMS 0x0000000083300000| PB 0x0000000083300000| Untracked 
|  52|0x0000000083400000, 0x0000000083500000, 0x0000000083500000|100%|HS|  |TAMS 0x0000000083400000| PB 0x0000000083400000| Complete 
|  53|0x0000000083500000, 0x0000000083600000, 0x0000000083600000|100%| O|  |TAMS 0x0000000083500000| PB 0x0000000083500000| Untracked 
|  54|0x0000000083600000, 0x0000000083700000, 0x0000000083700000|100%| O|  |TAMS 0x0000000083600000| PB 0x0000000083600000| Untracked 
|  55|0x0000000083700000, 0x0000000083800000, 0x0000000083800000|100%| O|  |TAMS 0x0000000083700000| PB 0x0000000083700000| Untracked 
|  56|0x0000000083800000, 0x0000000083900000, 0x0000000083900000|100%| O|  |TAMS 0x0000000083800000| PB 0x0000000083800000| Untracked 
|  57|0x0000000083900000, 0x0000000083a00000, 0x0000000083a00000|100%| O|  |TAMS 0x0000000083900000| PB 0x0000000083900000| Untracked 
|  58|0x0000000083a00000, 0x0000000083b00000, 0x0000000083b00000|100%| O|  |TAMS 0x0000000083a00000| PB 0x0000000083a00000| Untracked 
|  59|0x0000000083b00000, 0x0000000083c00000, 0x0000000083c00000|100%| O|  |TAMS 0x0000000083b00000| PB 0x0000000083b00000| Untracked 
|  60|0x0000000083c00000, 0x0000000083d00000, 0x0000000083d00000|100%| O|  |TAMS 0x0000000083c00000| PB 0x0000000083c00000| Untracked 
|  61|0x0000000083d00000, 0x0000000083e00000, 0x0000000083e00000|100%| O|  |TAMS 0x0000000083d00000| PB 0x0000000083d00000| Untracked 
|  62|0x0000000083e00000, 0x0000000083f00000, 0x0000000083f00000|100%| O|  |TAMS 0x0000000083e00000| PB 0x0000000083e00000| Untracked 
|  63|0x0000000083f00000, 0x0000000084000000, 0x0000000084000000|100%| O|  |TAMS 0x0000000083f00000| PB 0x0000000083f00000| Untracked 
|  64|0x0000000084000000, 0x0000000084100000, 0x0000000084100000|100%| O|  |TAMS 0x0000000084000000| PB 0x0000000084000000| Untracked 
|  65|0x0000000084100000, 0x0000000084200000, 0x0000000084200000|100%| O|  |TAMS 0x0000000084100000| PB 0x0000000084100000| Untracked 
|  66|0x0000000084200000, 0x0000000084300000, 0x0000000084300000|100%|HS|  |TAMS 0x0000000084200000| PB 0x0000000084200000| Complete 
|  67|0x0000000084300000, 0x0000000084400000, 0x0000000084400000|100%|HC|  |TAMS 0x0000000084300000| PB 0x0000000084300000| Complete 
|  68|0x0000000084400000, 0x0000000084500000, 0x0000000084500000|100%|HC|  |TAMS 0x0000000084400000| PB 0x0000000084400000| Complete 
|  69|0x0000000084500000, 0x0000000084600000, 0x0000000084600000|100%|HC|  |TAMS 0x0000000084500000| PB 0x0000000084500000| Complete 
|  70|0x0000000084600000, 0x0000000084700000, 0x0000000084700000|100%|HC|  |TAMS 0x0000000084600000| PB 0x0000000084600000| Complete 
|  71|0x0000000084700000, 0x0000000084800000, 0x0000000084800000|100%|HC|  |TAMS 0x0000000084700000| PB 0x0000000084700000| Complete 
|  72|0x0000000084800000, 0x0000000084900000, 0x0000000084900000|100%|HS|  |TAMS 0x0000000084800000| PB 0x0000000084800000| Complete 
|  73|0x0000000084900000, 0x0000000084a00000, 0x0000000084a00000|100%|HC|  |TAMS 0x0000000084900000| PB 0x0000000084900000| Complete 
|  74|0x0000000084a00000, 0x0000000084b00000, 0x0000000084b00000|100%|HC|  |TAMS 0x0000000084a00000| PB 0x0000000084a00000| Complete 
|  75|0x0000000084b00000, 0x0000000084c00000, 0x0000000084c00000|100%|HC|  |TAMS 0x0000000084b00000| PB 0x0000000084b00000| Complete 
|  76|0x0000000084c00000, 0x0000000084d00000, 0x0000000084d00000|100%|HC|  |TAMS 0x0000000084c00000| PB 0x0000000084c00000| Complete 
|  77|0x0000000084d00000, 0x0000000084e00000, 0x0000000084e00000|100%|HC|  |TAMS 0x0000000084d00000| PB 0x0000000084d00000| Complete 
|  78|0x0000000084e00000, 0x0000000084f00000, 0x0000000084f00000|100%| O|  |TAMS 0x0000000084e00000| PB 0x0000000084e00000| Untracked 
|  79|0x0000000084f00000, 0x0000000085000000, 0x0000000085000000|100%| O|  |TAMS 0x0000000084f00000| PB 0x0000000084f00000| Untracked 
|  80|0x0000000085000000, 0x0000000085100000, 0x0000000085100000|100%|HS|  |TAMS 0x0000000085000000| PB 0x0000000085000000| Complete 
|  81|0x0000000085100000, 0x0000000085200000, 0x0000000085200000|100%| O|  |TAMS 0x0000000085100000| PB 0x0000000085100000| Untracked 
|  82|0x0000000085200000, 0x0000000085300000, 0x0000000085300000|100%| O|  |TAMS 0x0000000085200000| PB 0x0000000085200000| Untracked 
|  83|0x0000000085300000, 0x0000000085400000, 0x0000000085400000|100%| O|  |TAMS 0x0000000085300000| PB 0x0000000085300000| Untracked 
|  84|0x0000000085400000, 0x0000000085500000, 0x0000000085500000|100%| O|  |TAMS 0x0000000085400000| PB 0x0000000085400000| Untracked 
|  85|0x0000000085500000, 0x0000000085600000, 0x0000000085600000|100%| O|  |TAMS 0x0000000085500000| PB 0x0000000085500000| Untracked 
|  86|0x0000000085600000, 0x0000000085700000, 0x0000000085700000|100%| O|  |TAMS 0x0000000085600000| PB 0x0000000085600000| Untracked 
|  87|0x0000000085700000, 0x0000000085800000, 0x0000000085800000|100%| O|  |TAMS 0x0000000085700000| PB 0x0000000085700000| Untracked 
|  88|0x0000000085800000, 0x0000000085900000, 0x0000000085900000|100%| O|  |TAMS 0x0000000085800000| PB 0x0000000085800000| Untracked 
|  89|0x0000000085900000, 0x0000000085a00000, 0x0000000085a00000|100%| O|  |TAMS 0x0000000085900000| PB 0x0000000085900000| Untracked 
|  90|0x0000000085a00000, 0x0000000085b00000, 0x0000000085b00000|100%| O|  |TAMS 0x0000000085a00000| PB 0x0000000085a00000| Untracked 
|  91|0x0000000085b00000, 0x0000000085c00000, 0x0000000085c00000|100%| O|  |TAMS 0x0000000085b00000| PB 0x0000000085b00000| Untracked 
|  92|0x0000000085c00000, 0x0000000085c00000, 0x0000000085d00000|  0%| F|  |TAMS 0x0000000085c00000| PB 0x0000000085c00000| Untracked 
|  93|0x0000000085d00000, 0x0000000085e00000, 0x0000000085e00000|100%| O|  |TAMS 0x0000000085d00000| PB 0x0000000085d00000| Untracked 
|  94|0x0000000085e00000, 0x0000000085e00000, 0x0000000085f00000|  0%| F|  |TAMS 0x0000000085e00000| PB 0x0000000085e00000| Untracked 
|  95|0x0000000085f00000, 0x0000000086000000, 0x0000000086000000|100%| O|  |TAMS 0x0000000085f00000| PB 0x0000000085f00000| Untracked 
|  96|0x0000000086000000, 0x0000000086100000, 0x0000000086100000|100%| O|  |TAMS 0x0000000086000000| PB 0x0000000086000000| Untracked 
|  97|0x0000000086100000, 0x0000000086200000, 0x0000000086200000|100%| O|  |TAMS 0x0000000086100000| PB 0x0000000086100000| Untracked 
|  98|0x0000000086200000, 0x0000000086300000, 0x0000000086300000|100%| O|  |TAMS 0x0000000086200000| PB 0x0000000086200000| Untracked 
|  99|0x0000000086300000, 0x0000000086400000, 0x0000000086400000|100%| O|  |TAMS 0x0000000086300000| PB 0x0000000086300000| Untracked 
| 100|0x0000000086400000, 0x0000000086500000, 0x0000000086500000|100%| O|  |TAMS 0x0000000086400000| PB 0x0000000086400000| Untracked 
| 101|0x0000000086500000, 0x0000000086600000, 0x0000000086600000|100%| O|  |TAMS 0x0000000086500000| PB 0x0000000086500000| Untracked 
| 102|0x0000000086600000, 0x0000000086700000, 0x0000000086700000|100%| O|  |TAMS 0x0000000086600000| PB 0x0000000086600000| Untracked 
| 103|0x0000000086700000, 0x0000000086700000, 0x0000000086800000|  0%| F|  |TAMS 0x0000000086700000| PB 0x0000000086700000| Untracked 
| 104|0x0000000086800000, 0x0000000086900000, 0x0000000086900000|100%| O|  |TAMS 0x0000000086800000| PB 0x0000000086800000| Untracked 
| 105|0x0000000086900000, 0x0000000086a00000, 0x0000000086a00000|100%| O|Cm|TAMS 0x0000000086900000| PB 0x0000000086900000| Complete 
| 106|0x0000000086a00000, 0x0000000086b00000, 0x0000000086b00000|100%| O|  |TAMS 0x0000000086a00000| PB 0x0000000086a00000| Untracked 
| 107|0x0000000086b00000, 0x0000000086c00000, 0x0000000086c00000|100%| O|  |TAMS 0x0000000086b00000| PB 0x0000000086b00000| Untracked 
| 108|0x0000000086c00000, 0x0000000086d00000, 0x0000000086d00000|100%| O|  |TAMS 0x0000000086c00000| PB 0x0000000086c00000| Untracked 
| 109|0x0000000086d00000, 0x0000000086e00000, 0x0000000086e00000|100%| O|  |TAMS 0x0000000086d00000| PB 0x0000000086d00000| Untracked 
| 110|0x0000000086e00000, 0x0000000086f00000, 0x0000000086f00000|100%| O|  |TAMS 0x0000000086e00000| PB 0x0000000086e00000| Untracked 
| 111|0x0000000086f00000, 0x0000000087000000, 0x0000000087000000|100%| O|  |TAMS 0x0000000086f00000| PB 0x0000000086f00000| Untracked 
| 112|0x0000000087000000, 0x0000000087100000, 0x0000000087100000|100%| O|  |TAMS 0x0000000087000000| PB 0x0000000087000000| Untracked 
| 113|0x0000000087100000, 0x0000000087100000, 0x0000000087200000|  0%| F|  |TAMS 0x0000000087100000| PB 0x0000000087100000| Untracked 
| 114|0x0000000087200000, 0x0000000087300000, 0x0000000087300000|100%| O|  |TAMS 0x0000000087200000| PB 0x0000000087200000| Untracked 
| 115|0x0000000087300000, 0x0000000087400000, 0x0000000087400000|100%| O|  |TAMS 0x0000000087300000| PB 0x0000000087300000| Untracked 
| 116|0x0000000087400000, 0x0000000087500000, 0x0000000087500000|100%| O|Cm|TAMS 0x0000000087400000| PB 0x0000000087400000| Complete 
| 117|0x0000000087500000, 0x0000000087600000, 0x0000000087600000|100%| O|  |TAMS 0x0000000087500000| PB 0x0000000087500000| Untracked 
| 118|0x0000000087600000, 0x0000000087700000, 0x0000000087700000|100%| O|  |TAMS 0x0000000087600000| PB 0x0000000087600000| Untracked 
| 119|0x0000000087700000, 0x0000000087800000, 0x0000000087800000|100%|HS|  |TAMS 0x0000000087700000| PB 0x0000000087700000| Complete 
| 120|0x0000000087800000, 0x0000000087900000, 0x0000000087900000|100%| O|  |TAMS 0x0000000087800000| PB 0x0000000087800000| Untracked 
| 121|0x0000000087900000, 0x0000000087a00000, 0x0000000087a00000|100%| O|  |TAMS 0x0000000087900000| PB 0x0000000087900000| Untracked 
| 122|0x0000000087a00000, 0x0000000087b00000, 0x0000000087b00000|100%| O|  |TAMS 0x0000000087a00000| PB 0x0000000087a00000| Untracked 
| 123|0x0000000087b00000, 0x0000000087c00000, 0x0000000087c00000|100%| O|  |TAMS 0x0000000087b00000| PB 0x0000000087b00000| Untracked 
| 124|0x0000000087c00000, 0x0000000087d00000, 0x0000000087d00000|100%| O|  |TAMS 0x0000000087c00000| PB 0x0000000087c00000| Untracked 
| 125|0x0000000087d00000, 0x0000000087e00000, 0x0000000087e00000|100%| O|  |TAMS 0x0000000087d00000| PB 0x0000000087d00000| Untracked 
| 126|0x0000000087e00000, 0x0000000087f00000, 0x0000000087f00000|100%| O|  |TAMS 0x0000000087e00000| PB 0x0000000087e00000| Untracked 
| 127|0x0000000087f00000, 0x0000000088000000, 0x0000000088000000|100%| O|  |TAMS 0x0000000087f00000| PB 0x0000000087f00000| Untracked 
| 128|0x0000000088000000, 0x0000000088100000, 0x0000000088100000|100%| O|  |TAMS 0x0000000088000000| PB 0x0000000088000000| Untracked 
| 129|0x0000000088100000, 0x0000000088200000, 0x0000000088200000|100%| O|  |TAMS 0x0000000088100000| PB 0x0000000088100000| Untracked 
| 130|0x0000000088200000, 0x0000000088300000, 0x0000000088300000|100%| O|Cm|TAMS 0x0000000088200000| PB 0x0000000088200000| Complete 
| 131|0x0000000088300000, 0x0000000088400000, 0x0000000088400000|100%| O|  |TAMS 0x0000000088300000| PB 0x0000000088300000| Untracked 
| 132|0x0000000088400000, 0x0000000088500000, 0x0000000088500000|100%| O|  |TAMS 0x0000000088400000| PB 0x0000000088400000| Untracked 
| 133|0x0000000088500000, 0x0000000088600000, 0x0000000088600000|100%| O|  |TAMS 0x0000000088500000| PB 0x0000000088500000| Untracked 
| 134|0x0000000088600000, 0x0000000088600000, 0x0000000088700000|  0%| F|  |TAMS 0x0000000088600000| PB 0x0000000088600000| Untracked 
| 135|0x0000000088700000, 0x0000000088800000, 0x0000000088800000|100%| O|  |TAMS 0x0000000088700000| PB 0x0000000088700000| Untracked 
| 136|0x0000000088800000, 0x0000000088900000, 0x0000000088900000|100%| O|  |TAMS 0x0000000088800000| PB 0x0000000088800000| Untracked 
| 137|0x0000000088900000, 0x0000000088a00000, 0x0000000088a00000|100%| O|  |TAMS 0x0000000088900000| PB 0x0000000088900000| Untracked 
| 138|0x0000000088a00000, 0x0000000088b00000, 0x0000000088b00000|100%| O|  |TAMS 0x0000000088a00000| PB 0x0000000088a00000| Untracked 
| 139|0x0000000088b00000, 0x0000000088c00000, 0x0000000088c00000|100%| O|  |TAMS 0x0000000088b00000| PB 0x0000000088b00000| Untracked 
| 140|0x0000000088c00000, 0x0000000088d00000, 0x0000000088d00000|100%| O|  |TAMS 0x0000000088c00000| PB 0x0000000088c00000| Untracked 
| 141|0x0000000088d00000, 0x0000000088e00000, 0x0000000088e00000|100%| O|  |TAMS 0x0000000088d00000| PB 0x0000000088d00000| Untracked 
| 142|0x0000000088e00000, 0x0000000088f00000, 0x0000000088f00000|100%| O|  |TAMS 0x0000000088e00000| PB 0x0000000088e00000| Untracked 
| 143|0x0000000088f00000, 0x0000000089000000, 0x0000000089000000|100%| O|  |TAMS 0x0000000088f00000| PB 0x0000000088f00000| Untracked 
| 144|0x0000000089000000, 0x0000000089100000, 0x0000000089100000|100%|HS|  |TAMS 0x0000000089000000| PB 0x0000000089000000| Complete 
| 145|0x0000000089100000, 0x0000000089200000, 0x0000000089200000|100%| O|  |TAMS 0x0000000089100000| PB 0x0000000089100000| Untracked 
| 146|0x0000000089200000, 0x0000000089300000, 0x0000000089300000|100%| O|  |TAMS 0x0000000089200000| PB 0x0000000089200000| Untracked 
| 147|0x0000000089300000, 0x0000000089400000, 0x0000000089400000|100%| O|  |TAMS 0x0000000089300000| PB 0x0000000089300000| Untracked 
| 148|0x0000000089400000, 0x0000000089500000, 0x0000000089500000|100%| O|  |TAMS 0x0000000089400000| PB 0x0000000089400000| Untracked 
| 149|0x0000000089500000, 0x0000000089600000, 0x0000000089600000|100%| O|  |TAMS 0x0000000089500000| PB 0x0000000089500000| Untracked 
| 150|0x0000000089600000, 0x0000000089700000, 0x0000000089700000|100%| O|  |TAMS 0x0000000089600000| PB 0x0000000089600000| Untracked 
| 151|0x0000000089700000, 0x0000000089800000, 0x0000000089800000|100%| O|  |TAMS 0x0000000089700000| PB 0x0000000089700000| Untracked 
| 152|0x0000000089800000, 0x0000000089900000, 0x0000000089900000|100%| O|  |TAMS 0x0000000089800000| PB 0x0000000089800000| Untracked 
| 153|0x0000000089900000, 0x0000000089a00000, 0x0000000089a00000|100%| O|  |TAMS 0x0000000089900000| PB 0x0000000089900000| Untracked 
| 154|0x0000000089a00000, 0x0000000089a00000, 0x0000000089b00000|  0%| F|  |TAMS 0x0000000089a00000| PB 0x0000000089a00000| Untracked 
| 155|0x0000000089b00000, 0x0000000089b00000, 0x0000000089c00000|  0%| F|  |TAMS 0x0000000089b00000| PB 0x0000000089b00000| Untracked 
| 156|0x0000000089c00000, 0x0000000089c00000, 0x0000000089d00000|  0%| F|  |TAMS 0x0000000089c00000| PB 0x0000000089c00000| Untracked 
| 157|0x0000000089d00000, 0x0000000089d00000, 0x0000000089e00000|  0%| F|  |TAMS 0x0000000089d00000| PB 0x0000000089d00000| Untracked 
| 158|0x0000000089e00000, 0x0000000089e00000, 0x0000000089f00000|  0%| F|  |TAMS 0x0000000089e00000| PB 0x0000000089e00000| Untracked 
| 159|0x0000000089f00000, 0x0000000089f00000, 0x000000008a000000|  0%| F|  |TAMS 0x0000000089f00000| PB 0x0000000089f00000| Untracked 
| 160|0x000000008a000000, 0x000000008a000000, 0x000000008a100000|  0%| F|  |TAMS 0x000000008a000000| PB 0x000000008a000000| Untracked 
| 161|0x000000008a100000, 0x000000008a200000, 0x000000008a200000|100%|HS|  |TAMS 0x000000008a100000| PB 0x000000008a100000| Complete 
| 162|0x000000008a200000, 0x000000008a300000, 0x000000008a300000|100%|HS|  |TAMS 0x000000008a200000| PB 0x000000008a200000| Complete 
| 163|0x000000008a300000, 0x000000008a400000, 0x000000008a400000|100%|HS|  |TAMS 0x000000008a300000| PB 0x000000008a300000| Complete 
| 164|0x000000008a400000, 0x000000008a500000, 0x000000008a500000|100%|HC|  |TAMS 0x000000008a400000| PB 0x000000008a400000| Complete 
| 165|0x000000008a500000, 0x000000008a600000, 0x000000008a600000|100%| O|  |TAMS 0x000000008a500000| PB 0x000000008a500000| Untracked 
| 166|0x000000008a600000, 0x000000008a700000, 0x000000008a700000|100%|HS|  |TAMS 0x000000008a600000| PB 0x000000008a600000| Complete 
| 167|0x000000008a700000, 0x000000008a800000, 0x000000008a800000|100%|HC|  |TAMS 0x000000008a700000| PB 0x000000008a700000| Complete 
| 168|0x000000008a800000, 0x000000008a900000, 0x000000008a900000|100%|HC|  |TAMS 0x000000008a800000| PB 0x000000008a800000| Complete 
| 169|0x000000008a900000, 0x000000008aa00000, 0x000000008aa00000|100%| O|  |TAMS 0x000000008a900000| PB 0x000000008a900000| Untracked 
| 170|0x000000008aa00000, 0x000000008ab00000, 0x000000008ab00000|100%| O|  |TAMS 0x000000008aa00000| PB 0x000000008aa00000| Untracked 
| 171|0x000000008ab00000, 0x000000008ac00000, 0x000000008ac00000|100%| O|  |TAMS 0x000000008ab00000| PB 0x000000008ab00000| Untracked 
| 172|0x000000008ac00000, 0x000000008ad00000, 0x000000008ad00000|100%| O|  |TAMS 0x000000008ac00000| PB 0x000000008ac00000| Untracked 
| 173|0x000000008ad00000, 0x000000008ae00000, 0x000000008ae00000|100%| O|  |TAMS 0x000000008ad00000| PB 0x000000008ad00000| Untracked 
| 174|0x000000008ae00000, 0x000000008af00000, 0x000000008af00000|100%| O|  |TAMS 0x000000008ae00000| PB 0x000000008ae00000| Untracked 
| 175|0x000000008af00000, 0x000000008b000000, 0x000000008b000000|100%| O|  |TAMS 0x000000008af00000| PB 0x000000008af00000| Untracked 
| 176|0x000000008b000000, 0x000000008b100000, 0x000000008b100000|100%| O|  |TAMS 0x000000008b000000| PB 0x000000008b000000| Untracked 
| 177|0x000000008b100000, 0x000000008b200000, 0x000000008b200000|100%| O|  |TAMS 0x000000008b100000| PB 0x000000008b100000| Untracked 
| 178|0x000000008b200000, 0x000000008b300000, 0x000000008b300000|100%| O|  |TAMS 0x000000008b200000| PB 0x000000008b200000| Untracked 
| 179|0x000000008b300000, 0x000000008b400000, 0x000000008b400000|100%| O|  |TAMS 0x000000008b300000| PB 0x000000008b300000| Untracked 
| 180|0x000000008b400000, 0x000000008b500000, 0x000000008b500000|100%| O|  |TAMS 0x000000008b400000| PB 0x000000008b400000| Untracked 
| 181|0x000000008b500000, 0x000000008b600000, 0x000000008b600000|100%| O|Cm|TAMS 0x000000008b500000| PB 0x000000008b500000| Complete 
| 182|0x000000008b600000, 0x000000008b700000, 0x000000008b700000|100%| O|Cm|TAMS 0x000000008b600000| PB 0x000000008b600000| Complete 
| 183|0x000000008b700000, 0x000000008b800000, 0x000000008b800000|100%|HS|  |TAMS 0x000000008b700000| PB 0x000000008b700000| Complete 
| 184|0x000000008b800000, 0x000000008b900000, 0x000000008b900000|100%|HS|  |TAMS 0x000000008b800000| PB 0x000000008b800000| Complete 
| 185|0x000000008b900000, 0x000000008ba00000, 0x000000008ba00000|100%|HC|  |TAMS 0x000000008b900000| PB 0x000000008b900000| Complete 
| 186|0x000000008ba00000, 0x000000008bb00000, 0x000000008bb00000|100%| O|  |TAMS 0x000000008ba00000| PB 0x000000008ba00000| Untracked 
| 187|0x000000008bb00000, 0x000000008bc00000, 0x000000008bc00000|100%|HS|  |TAMS 0x000000008bb00000| PB 0x000000008bb00000| Complete 
| 188|0x000000008bc00000, 0x000000008bd00000, 0x000000008bd00000|100%|HS|  |TAMS 0x000000008bc00000| PB 0x000000008bc00000| Complete 
| 189|0x000000008bd00000, 0x000000008be00000, 0x000000008be00000|100%|HC|  |TAMS 0x000000008bd00000| PB 0x000000008bd00000| Complete 
| 190|0x000000008be00000, 0x000000008bf00000, 0x000000008bf00000|100%| O|  |TAMS 0x000000008be00000| PB 0x000000008be00000| Untracked 
| 191|0x000000008bf00000, 0x000000008c000000, 0x000000008c000000|100%| O|  |TAMS 0x000000008bf00000| PB 0x000000008bf00000| Untracked 
| 192|0x000000008c000000, 0x000000008c100000, 0x000000008c100000|100%|HS|  |TAMS 0x000000008c000000| PB 0x000000008c000000| Complete 
| 193|0x000000008c100000, 0x000000008c200000, 0x000000008c200000|100%|HS|  |TAMS 0x000000008c100000| PB 0x000000008c100000| Complete 
| 194|0x000000008c200000, 0x000000008c300000, 0x000000008c300000|100%|HC|  |TAMS 0x000000008c200000| PB 0x000000008c200000| Complete 
| 195|0x000000008c300000, 0x000000008c400000, 0x000000008c400000|100%|HC|  |TAMS 0x000000008c300000| PB 0x000000008c300000| Complete 
| 196|0x000000008c400000, 0x000000008c500000, 0x000000008c500000|100%| O|  |TAMS 0x000000008c400000| PB 0x000000008c400000| Untracked 
| 197|0x000000008c500000, 0x000000008c600000, 0x000000008c600000|100%| O|  |TAMS 0x000000008c500000| PB 0x000000008c500000| Untracked 
| 198|0x000000008c600000, 0x000000008c700000, 0x000000008c700000|100%| O|  |TAMS 0x000000008c600000| PB 0x000000008c600000| Untracked 
| 199|0x000000008c700000, 0x000000008c800000, 0x000000008c800000|100%| O|  |TAMS 0x000000008c700000| PB 0x000000008c700000| Untracked 
| 200|0x000000008c800000, 0x000000008c900000, 0x000000008c900000|100%| O|  |TAMS 0x000000008c800000| PB 0x000000008c800000| Untracked 
| 201|0x000000008c900000, 0x000000008ca00000, 0x000000008ca00000|100%| O|  |TAMS 0x000000008c900000| PB 0x000000008c900000| Untracked 
| 202|0x000000008ca00000, 0x000000008cb00000, 0x000000008cb00000|100%| O|  |TAMS 0x000000008ca00000| PB 0x000000008ca00000| Untracked 
| 203|0x000000008cb00000, 0x000000008cc00000, 0x000000008cc00000|100%| O|  |TAMS 0x000000008cb00000| PB 0x000000008cb00000| Untracked 
| 204|0x000000008cc00000, 0x000000008cd00000, 0x000000008cd00000|100%| O|Cm|TAMS 0x000000008cc00000| PB 0x000000008cc00000| Complete 
| 205|0x000000008cd00000, 0x000000008ce00000, 0x000000008ce00000|100%| O|  |TAMS 0x000000008cd00000| PB 0x000000008cd00000| Untracked 
| 206|0x000000008ce00000, 0x000000008cf00000, 0x000000008cf00000|100%|HS|  |TAMS 0x000000008ce00000| PB 0x000000008ce00000| Complete 
| 207|0x000000008cf00000, 0x000000008d000000, 0x000000008d000000|100%|HC|  |TAMS 0x000000008cf00000| PB 0x000000008cf00000| Complete 
| 208|0x000000008d000000, 0x000000008d100000, 0x000000008d100000|100%|HC|  |TAMS 0x000000008d000000| PB 0x000000008d000000| Complete 
| 209|0x000000008d100000, 0x000000008d200000, 0x000000008d200000|100%|HC|  |TAMS 0x000000008d100000| PB 0x000000008d100000| Complete 
| 210|0x000000008d200000, 0x000000008d300000, 0x000000008d300000|100%|HC|  |TAMS 0x000000008d200000| PB 0x000000008d200000| Complete 
| 211|0x000000008d300000, 0x000000008d400000, 0x000000008d400000|100%|HC|  |TAMS 0x000000008d300000| PB 0x000000008d300000| Complete 
| 212|0x000000008d400000, 0x000000008d500000, 0x000000008d500000|100%|HS|  |TAMS 0x000000008d400000| PB 0x000000008d400000| Complete 
| 213|0x000000008d500000, 0x000000008d600000, 0x000000008d600000|100%|HC|  |TAMS 0x000000008d500000| PB 0x000000008d500000| Complete 
| 214|0x000000008d600000, 0x000000008d700000, 0x000000008d700000|100%|HC|  |TAMS 0x000000008d600000| PB 0x000000008d600000| Complete 
| 215|0x000000008d700000, 0x000000008d800000, 0x000000008d800000|100%|HC|  |TAMS 0x000000008d700000| PB 0x000000008d700000| Complete 
| 216|0x000000008d800000, 0x000000008d900000, 0x000000008d900000|100%|HS|  |TAMS 0x000000008d800000| PB 0x000000008d800000| Complete 
| 217|0x000000008d900000, 0x000000008da00000, 0x000000008da00000|100%|HC|  |TAMS 0x000000008d900000| PB 0x000000008d900000| Complete 
| 218|0x000000008da00000, 0x000000008db00000, 0x000000008db00000|100%|HS|  |TAMS 0x000000008da00000| PB 0x000000008da00000| Complete 
| 219|0x000000008db00000, 0x000000008dc00000, 0x000000008dc00000|100%|HC|  |TAMS 0x000000008db00000| PB 0x000000008db00000| Complete 
| 220|0x000000008dc00000, 0x000000008dd00000, 0x000000008dd00000|100%|HC|  |TAMS 0x000000008dc00000| PB 0x000000008dc00000| Complete 
| 221|0x000000008dd00000, 0x000000008de00000, 0x000000008de00000|100%|HC|  |TAMS 0x000000008dd00000| PB 0x000000008dd00000| Complete 
| 222|0x000000008de00000, 0x000000008df00000, 0x000000008df00000|100%|HC|  |TAMS 0x000000008de00000| PB 0x000000008de00000| Complete 
| 223|0x000000008df00000, 0x000000008e000000, 0x000000008e000000|100%|HC|  |TAMS 0x000000008df00000| PB 0x000000008df00000| Complete 
| 224|0x000000008e000000, 0x000000008e100000, 0x000000008e100000|100%| O|  |TAMS 0x000000008e000000| PB 0x000000008e000000| Untracked 
| 225|0x000000008e100000, 0x000000008e200000, 0x000000008e200000|100%| O|  |TAMS 0x000000008e100000| PB 0x000000008e100000| Untracked 
| 226|0x000000008e200000, 0x000000008e300000, 0x000000008e300000|100%| O|  |TAMS 0x000000008e200000| PB 0x000000008e200000| Untracked 
| 227|0x000000008e300000, 0x000000008e400000, 0x000000008e400000|100%| O|  |TAMS 0x000000008e300000| PB 0x000000008e300000| Untracked 
| 228|0x000000008e400000, 0x000000008e500000, 0x000000008e500000|100%| O|  |TAMS 0x000000008e400000| PB 0x000000008e400000| Untracked 
| 229|0x000000008e500000, 0x000000008e600000, 0x000000008e600000|100%| O|  |TAMS 0x000000008e500000| PB 0x000000008e500000| Untracked 
| 230|0x000000008e600000, 0x000000008e700000, 0x000000008e700000|100%| O|  |TAMS 0x000000008e600000| PB 0x000000008e600000| Untracked 
| 231|0x000000008e700000, 0x000000008e800000, 0x000000008e800000|100%| O|  |TAMS 0x000000008e700000| PB 0x000000008e700000| Untracked 
| 232|0x000000008e800000, 0x000000008e900000, 0x000000008e900000|100%| O|  |TAMS 0x000000008e800000| PB 0x000000008e800000| Untracked 
| 233|0x000000008e900000, 0x000000008ea00000, 0x000000008ea00000|100%| O|  |TAMS 0x000000008e900000| PB 0x000000008e900000| Untracked 
| 234|0x000000008ea00000, 0x000000008eb00000, 0x000000008eb00000|100%| O|  |TAMS 0x000000008ea00000| PB 0x000000008ea00000| Untracked 
| 235|0x000000008eb00000, 0x000000008ec00000, 0x000000008ec00000|100%| O|  |TAMS 0x000000008eb00000| PB 0x000000008eb00000| Untracked 
| 236|0x000000008ec00000, 0x000000008ed00000, 0x000000008ed00000|100%| O|  |TAMS 0x000000008ec00000| PB 0x000000008ec00000| Untracked 
| 237|0x000000008ed00000, 0x000000008ee00000, 0x000000008ee00000|100%| O|  |TAMS 0x000000008ed00000| PB 0x000000008ed00000| Untracked 
| 238|0x000000008ee00000, 0x000000008ef00000, 0x000000008ef00000|100%| O|  |TAMS 0x000000008ee00000| PB 0x000000008ee00000| Untracked 
| 239|0x000000008ef00000, 0x000000008f000000, 0x000000008f000000|100%| O|  |TAMS 0x000000008ef00000| PB 0x000000008ef00000| Untracked 
| 240|0x000000008f000000, 0x000000008f100000, 0x000000008f100000|100%| O|  |TAMS 0x000000008f000000| PB 0x000000008f000000| Untracked 
| 241|0x000000008f100000, 0x000000008f200000, 0x000000008f200000|100%| O|  |TAMS 0x000000008f100000| PB 0x000000008f100000| Untracked 
| 242|0x000000008f200000, 0x000000008f300000, 0x000000008f300000|100%| S|CS|TAMS 0x000000008f200000| PB 0x000000008f200000| Complete 
| 243|0x000000008f300000, 0x000000008f400000, 0x000000008f400000|100%| S|CS|TAMS 0x000000008f300000| PB 0x000000008f300000| Complete 
| 244|0x000000008f400000, 0x000000008f500000, 0x000000008f500000|100%| S|CS|TAMS 0x000000008f400000| PB 0x000000008f400000| Complete 
| 245|0x000000008f500000, 0x000000008f600000, 0x000000008f600000|100%| S|CS|TAMS 0x000000008f500000| PB 0x000000008f500000| Complete 
| 246|0x000000008f600000, 0x000000008f700000, 0x000000008f700000|100%| S|CS|TAMS 0x000000008f600000| PB 0x000000008f600000| Complete 
| 247|0x000000008f700000, 0x000000008f800000, 0x000000008f800000|100%| S|CS|TAMS 0x000000008f700000| PB 0x000000008f700000| Complete 
| 248|0x000000008f800000, 0x000000008f900000, 0x000000008f900000|100%| S|CS|TAMS 0x000000008f800000| PB 0x000000008f800000| Complete 
| 249|0x000000008f900000, 0x000000008fa00000, 0x000000008fa00000|100%| S|CS|TAMS 0x000000008f900000| PB 0x000000008f900000| Complete 
| 250|0x000000008fa00000, 0x000000008fb00000, 0x000000008fb00000|100%| S|CS|TAMS 0x000000008fa00000| PB 0x000000008fa00000| Complete 
| 251|0x000000008fb00000, 0x000000008fc00000, 0x000000008fc00000|100%| S|CS|TAMS 0x000000008fb00000| PB 0x000000008fb00000| Complete 
| 252|0x000000008fc00000, 0x000000008fd00000, 0x000000008fd00000|100%| S|CS|TAMS 0x000000008fc00000| PB 0x000000008fc00000| Complete 
| 253|0x000000008fd00000, 0x000000008fe00000, 0x000000008fe00000|100%| S|CS|TAMS 0x000000008fd00000| PB 0x000000008fd00000| Complete 
| 254|0x000000008fe00000, 0x000000008ff00000, 0x000000008ff00000|100%| S|CS|TAMS 0x000000008fe00000| PB 0x000000008fe00000| Complete 
| 255|0x000000008ff00000, 0x0000000090000000, 0x0000000090000000|100%| S|CS|TAMS 0x000000008ff00000| PB 0x000000008ff00000| Complete 
| 256|0x0000000090000000, 0x0000000090100000, 0x0000000090100000|100%| S|CS|TAMS 0x0000000090000000| PB 0x0000000090000000| Complete 
| 257|0x0000000090100000, 0x0000000090200000, 0x0000000090200000|100%| S|CS|TAMS 0x0000000090100000| PB 0x0000000090100000| Complete 
| 258|0x0000000090200000, 0x0000000090300000, 0x0000000090300000|100%| S|CS|TAMS 0x0000000090200000| PB 0x0000000090200000| Complete 
| 259|0x0000000090300000, 0x0000000090400000, 0x0000000090400000|100%| S|CS|TAMS 0x0000000090300000| PB 0x0000000090300000| Complete 
| 260|0x0000000090400000, 0x0000000090400000, 0x0000000090500000|  0%| F|  |TAMS 0x0000000090400000| PB 0x0000000090400000| Untracked 
| 261|0x0000000090500000, 0x0000000090500000, 0x0000000090600000|  0%| F|  |TAMS 0x0000000090500000| PB 0x0000000090500000| Untracked 
| 262|0x0000000090600000, 0x0000000090600000, 0x0000000090700000|  0%| F|  |TAMS 0x0000000090600000| PB 0x0000000090600000| Untracked 
| 263|0x0000000090700000, 0x0000000090700000, 0x0000000090800000|  0%| F|  |TAMS 0x0000000090700000| PB 0x0000000090700000| Untracked 
| 264|0x0000000090800000, 0x0000000090800000, 0x0000000090900000|  0%| F|  |TAMS 0x0000000090800000| PB 0x0000000090800000| Untracked 
| 265|0x0000000090900000, 0x0000000090900000, 0x0000000090a00000|  0%| F|  |TAMS 0x0000000090900000| PB 0x0000000090900000| Untracked 
| 266|0x0000000090a00000, 0x0000000090a00000, 0x0000000090b00000|  0%| F|  |TAMS 0x0000000090a00000| PB 0x0000000090a00000| Untracked 
| 267|0x0000000090b00000, 0x0000000090b00000, 0x0000000090c00000|  0%| F|  |TAMS 0x0000000090b00000| PB 0x0000000090b00000| Untracked 
| 268|0x0000000090c00000, 0x0000000090c00000, 0x0000000090d00000|  0%| F|  |TAMS 0x0000000090c00000| PB 0x0000000090c00000| Untracked 
| 269|0x0000000090d00000, 0x0000000090d00000, 0x0000000090e00000|  0%| F|  |TAMS 0x0000000090d00000| PB 0x0000000090d00000| Untracked 
| 270|0x0000000090e00000, 0x0000000090e00000, 0x0000000090f00000|  0%| F|  |TAMS 0x0000000090e00000| PB 0x0000000090e00000| Untracked 
| 271|0x0000000090f00000, 0x0000000090f00000, 0x0000000091000000|  0%| F|  |TAMS 0x0000000090f00000| PB 0x0000000090f00000| Untracked 
| 272|0x0000000091000000, 0x0000000091000000, 0x0000000091100000|  0%| F|  |TAMS 0x0000000091000000| PB 0x0000000091000000| Untracked 
| 273|0x0000000091100000, 0x0000000091100000, 0x0000000091200000|  0%| F|  |TAMS 0x0000000091100000| PB 0x0000000091100000| Untracked 
| 274|0x0000000091200000, 0x0000000091200000, 0x0000000091300000|  0%| F|  |TAMS 0x0000000091200000| PB 0x0000000091200000| Untracked 
| 275|0x0000000091300000, 0x0000000091300000, 0x0000000091400000|  0%| F|  |TAMS 0x0000000091300000| PB 0x0000000091300000| Untracked 
| 276|0x0000000091400000, 0x0000000091400000, 0x0000000091500000|  0%| F|  |TAMS 0x0000000091400000| PB 0x0000000091400000| Untracked 
| 277|0x0000000091500000, 0x0000000091500000, 0x0000000091600000|  0%| F|  |TAMS 0x0000000091500000| PB 0x0000000091500000| Untracked 
| 278|0x0000000091600000, 0x0000000091600000, 0x0000000091700000|  0%| F|  |TAMS 0x0000000091600000| PB 0x0000000091600000| Untracked 
| 279|0x0000000091700000, 0x0000000091700000, 0x0000000091800000|  0%| F|  |TAMS 0x0000000091700000| PB 0x0000000091700000| Untracked 
| 280|0x0000000091800000, 0x0000000091800000, 0x0000000091900000|  0%| F|  |TAMS 0x0000000091800000| PB 0x0000000091800000| Untracked 
| 281|0x0000000091900000, 0x0000000091900000, 0x0000000091a00000|  0%| F|  |TAMS 0x0000000091900000| PB 0x0000000091900000| Untracked 
| 282|0x0000000091a00000, 0x0000000091a00000, 0x0000000091b00000|  0%| F|  |TAMS 0x0000000091a00000| PB 0x0000000091a00000| Untracked 
| 283|0x0000000091b00000, 0x0000000091b00000, 0x0000000091c00000|  0%| F|  |TAMS 0x0000000091b00000| PB 0x0000000091b00000| Untracked 
| 284|0x0000000091c00000, 0x0000000091c00000, 0x0000000091d00000|  0%| F|  |TAMS 0x0000000091c00000| PB 0x0000000091c00000| Untracked 
| 285|0x0000000091d00000, 0x0000000091d00000, 0x0000000091e00000|  0%| F|  |TAMS 0x0000000091d00000| PB 0x0000000091d00000| Untracked 
| 286|0x0000000091e00000, 0x0000000091e00000, 0x0000000091f00000|  0%| F|  |TAMS 0x0000000091e00000| PB 0x0000000091e00000| Untracked 
| 287|0x0000000091f00000, 0x0000000091f00000, 0x0000000092000000|  0%| F|  |TAMS 0x0000000091f00000| PB 0x0000000091f00000| Untracked 
| 288|0x0000000092000000, 0x0000000092000000, 0x0000000092100000|  0%| F|  |TAMS 0x0000000092000000| PB 0x0000000092000000| Untracked 
| 289|0x0000000092100000, 0x0000000092100000, 0x0000000092200000|  0%| F|  |TAMS 0x0000000092100000| PB 0x0000000092100000| Untracked 
| 290|0x0000000092200000, 0x0000000092200000, 0x0000000092300000|  0%| F|  |TAMS 0x0000000092200000| PB 0x0000000092200000| Untracked 
| 291|0x0000000092300000, 0x0000000092300000, 0x0000000092400000|  0%| F|  |TAMS 0x0000000092300000| PB 0x0000000092300000| Untracked 
| 292|0x0000000092400000, 0x0000000092400000, 0x0000000092500000|  0%| F|  |TAMS 0x0000000092400000| PB 0x0000000092400000| Untracked 
| 293|0x0000000092500000, 0x0000000092500000, 0x0000000092600000|  0%| F|  |TAMS 0x0000000092500000| PB 0x0000000092500000| Untracked 
| 294|0x0000000092600000, 0x0000000092600000, 0x0000000092700000|  0%| F|  |TAMS 0x0000000092600000| PB 0x0000000092600000| Untracked 
| 295|0x0000000092700000, 0x0000000092700000, 0x0000000092800000|  0%| F|  |TAMS 0x0000000092700000| PB 0x0000000092700000| Untracked 
| 296|0x0000000092800000, 0x0000000092800000, 0x0000000092900000|  0%| F|  |TAMS 0x0000000092800000| PB 0x0000000092800000| Untracked 
| 297|0x0000000092900000, 0x0000000092900000, 0x0000000092a00000|  0%| F|  |TAMS 0x0000000092900000| PB 0x0000000092900000| Untracked 
| 298|0x0000000092a00000, 0x0000000092a00000, 0x0000000092b00000|  0%| F|  |TAMS 0x0000000092a00000| PB 0x0000000092a00000| Untracked 
| 299|0x0000000092b00000, 0x0000000092b00000, 0x0000000092c00000|  0%| F|  |TAMS 0x0000000092b00000| PB 0x0000000092b00000| Untracked 
| 300|0x0000000092c00000, 0x0000000092c00000, 0x0000000092d00000|  0%| F|  |TAMS 0x0000000092c00000| PB 0x0000000092c00000| Untracked 
| 301|0x0000000092d00000, 0x0000000092d00000, 0x0000000092e00000|  0%| F|  |TAMS 0x0000000092d00000| PB 0x0000000092d00000| Untracked 
| 302|0x0000000092e00000, 0x0000000092e00000, 0x0000000092f00000|  0%| F|  |TAMS 0x0000000092e00000| PB 0x0000000092e00000| Untracked 
| 303|0x0000000092f00000, 0x0000000092f00000, 0x0000000093000000|  0%| F|  |TAMS 0x0000000092f00000| PB 0x0000000092f00000| Untracked 
| 304|0x0000000093000000, 0x0000000093000000, 0x0000000093100000|  0%| F|  |TAMS 0x0000000093000000| PB 0x0000000093000000| Untracked 
| 305|0x0000000093100000, 0x0000000093100000, 0x0000000093200000|  0%| F|  |TAMS 0x0000000093100000| PB 0x0000000093100000| Untracked 
| 306|0x0000000093200000, 0x0000000093200000, 0x0000000093300000|  0%| F|  |TAMS 0x0000000093200000| PB 0x0000000093200000| Untracked 
| 307|0x0000000093300000, 0x0000000093300000, 0x0000000093400000|  0%| F|  |TAMS 0x0000000093300000| PB 0x0000000093300000| Untracked 
| 308|0x0000000093400000, 0x0000000093400000, 0x0000000093500000|  0%| F|  |TAMS 0x0000000093400000| PB 0x0000000093400000| Untracked 
| 309|0x0000000093500000, 0x0000000093500000, 0x0000000093600000|  0%| F|  |TAMS 0x0000000093500000| PB 0x0000000093500000| Untracked 
| 310|0x0000000093600000, 0x0000000093600000, 0x0000000093700000|  0%| F|  |TAMS 0x0000000093600000| PB 0x0000000093600000| Untracked 
| 311|0x0000000093700000, 0x0000000093700000, 0x0000000093800000|  0%| F|  |TAMS 0x0000000093700000| PB 0x0000000093700000| Untracked 
| 312|0x0000000093800000, 0x0000000093800000, 0x0000000093900000|  0%| F|  |TAMS 0x0000000093800000| PB 0x0000000093800000| Untracked 
| 313|0x0000000093900000, 0x0000000093900000, 0x0000000093a00000|  0%| F|  |TAMS 0x0000000093900000| PB 0x0000000093900000| Untracked 
| 314|0x0000000093a00000, 0x0000000093a00000, 0x0000000093b00000|  0%| F|  |TAMS 0x0000000093a00000| PB 0x0000000093a00000| Untracked 
| 315|0x0000000093b00000, 0x0000000093b00000, 0x0000000093c00000|  0%| F|  |TAMS 0x0000000093b00000| PB 0x0000000093b00000| Untracked 
| 316|0x0000000093c00000, 0x0000000093c00000, 0x0000000093d00000|  0%| F|  |TAMS 0x0000000093c00000| PB 0x0000000093c00000| Untracked 
| 317|0x0000000093d00000, 0x0000000093d00000, 0x0000000093e00000|  0%| F|  |TAMS 0x0000000093d00000| PB 0x0000000093d00000| Untracked 
| 318|0x0000000093e00000, 0x0000000093e00000, 0x0000000093f00000|  0%| F|  |TAMS 0x0000000093e00000| PB 0x0000000093e00000| Untracked 
| 319|0x0000000093f00000, 0x0000000093f00000, 0x0000000094000000|  0%| F|  |TAMS 0x0000000093f00000| PB 0x0000000093f00000| Untracked 
| 320|0x0000000094000000, 0x0000000094000000, 0x0000000094100000|  0%| F|  |TAMS 0x0000000094000000| PB 0x0000000094000000| Untracked 
| 321|0x0000000094100000, 0x0000000094100000, 0x0000000094200000|  0%| F|  |TAMS 0x0000000094100000| PB 0x0000000094100000| Untracked 
| 322|0x0000000094200000, 0x0000000094200000, 0x0000000094300000|  0%| F|  |TAMS 0x0000000094200000| PB 0x0000000094200000| Untracked 
| 323|0x0000000094300000, 0x0000000094300000, 0x0000000094400000|  0%| F|  |TAMS 0x0000000094300000| PB 0x0000000094300000| Untracked 
| 324|0x0000000094400000, 0x0000000094400000, 0x0000000094500000|  0%| F|  |TAMS 0x0000000094400000| PB 0x0000000094400000| Untracked 
| 325|0x0000000094500000, 0x0000000094500000, 0x0000000094600000|  0%| F|  |TAMS 0x0000000094500000| PB 0x0000000094500000| Untracked 
| 326|0x0000000094600000, 0x0000000094600000, 0x0000000094700000|  0%| F|  |TAMS 0x0000000094600000| PB 0x0000000094600000| Untracked 
| 327|0x0000000094700000, 0x0000000094700000, 0x0000000094800000|  0%| F|  |TAMS 0x0000000094700000| PB 0x0000000094700000| Untracked 
| 328|0x0000000094800000, 0x0000000094800000, 0x0000000094900000|  0%| F|  |TAMS 0x0000000094800000| PB 0x0000000094800000| Untracked 
| 329|0x0000000094900000, 0x0000000094900000, 0x0000000094a00000|  0%| F|  |TAMS 0x0000000094900000| PB 0x0000000094900000| Untracked 
| 330|0x0000000094a00000, 0x0000000094a00000, 0x0000000094b00000|  0%| F|  |TAMS 0x0000000094a00000| PB 0x0000000094a00000| Untracked 
| 331|0x0000000094b00000, 0x0000000094b00000, 0x0000000094c00000|  0%| F|  |TAMS 0x0000000094b00000| PB 0x0000000094b00000| Untracked 
| 332|0x0000000094c00000, 0x0000000094c00000, 0x0000000094d00000|  0%| F|  |TAMS 0x0000000094c00000| PB 0x0000000094c00000| Untracked 
| 333|0x0000000094d00000, 0x0000000094d00000, 0x0000000094e00000|  0%| F|  |TAMS 0x0000000094d00000| PB 0x0000000094d00000| Untracked 
| 334|0x0000000094e00000, 0x0000000094e00000, 0x0000000094f00000|  0%| F|  |TAMS 0x0000000094e00000| PB 0x0000000094e00000| Untracked 
| 335|0x0000000094f00000, 0x0000000094f00000, 0x0000000095000000|  0%| F|  |TAMS 0x0000000094f00000| PB 0x0000000094f00000| Untracked 
| 336|0x0000000095000000, 0x0000000095000000, 0x0000000095100000|  0%| F|  |TAMS 0x0000000095000000| PB 0x0000000095000000| Untracked 
| 337|0x0000000095100000, 0x0000000095100000, 0x0000000095200000|  0%| F|  |TAMS 0x0000000095100000| PB 0x0000000095100000| Untracked 
| 338|0x0000000095200000, 0x0000000095200000, 0x0000000095300000|  0%| F|  |TAMS 0x0000000095200000| PB 0x0000000095200000| Untracked 
| 339|0x0000000095300000, 0x0000000095300000, 0x0000000095400000|  0%| F|  |TAMS 0x0000000095300000| PB 0x0000000095300000| Untracked 
| 340|0x0000000095400000, 0x0000000095400000, 0x0000000095500000|  0%| F|  |TAMS 0x0000000095400000| PB 0x0000000095400000| Untracked 
| 341|0x0000000095500000, 0x0000000095500000, 0x0000000095600000|  0%| F|  |TAMS 0x0000000095500000| PB 0x0000000095500000| Untracked 
| 342|0x0000000095600000, 0x0000000095600000, 0x0000000095700000|  0%| F|  |TAMS 0x0000000095600000| PB 0x0000000095600000| Untracked 
| 343|0x0000000095700000, 0x0000000095700000, 0x0000000095800000|  0%| F|  |TAMS 0x0000000095700000| PB 0x0000000095700000| Untracked 
| 344|0x0000000095800000, 0x0000000095800000, 0x0000000095900000|  0%| F|  |TAMS 0x0000000095800000| PB 0x0000000095800000| Untracked 
| 345|0x0000000095900000, 0x0000000095900000, 0x0000000095a00000|  0%| F|  |TAMS 0x0000000095900000| PB 0x0000000095900000| Untracked 
| 346|0x0000000095a00000, 0x0000000095a00000, 0x0000000095b00000|  0%| F|  |TAMS 0x0000000095a00000| PB 0x0000000095a00000| Untracked 
| 347|0x0000000095b00000, 0x0000000095b00000, 0x0000000095c00000|  0%| F|  |TAMS 0x0000000095b00000| PB 0x0000000095b00000| Untracked 
| 348|0x0000000095c00000, 0x0000000095c00000, 0x0000000095d00000|  0%| F|  |TAMS 0x0000000095c00000| PB 0x0000000095c00000| Untracked 
| 349|0x0000000095d00000, 0x0000000095d00000, 0x0000000095e00000|  0%| F|  |TAMS 0x0000000095d00000| PB 0x0000000095d00000| Untracked 
| 350|0x0000000095e00000, 0x0000000095e00000, 0x0000000095f00000|  0%| F|  |TAMS 0x0000000095e00000| PB 0x0000000095e00000| Untracked 
| 351|0x0000000095f00000, 0x0000000095f00000, 0x0000000096000000|  0%| F|  |TAMS 0x0000000095f00000| PB 0x0000000095f00000| Untracked 
| 352|0x0000000096000000, 0x0000000096000000, 0x0000000096100000|  0%| F|  |TAMS 0x0000000096000000| PB 0x0000000096000000| Untracked 
| 353|0x0000000096100000, 0x0000000096100000, 0x0000000096200000|  0%| F|  |TAMS 0x0000000096100000| PB 0x0000000096100000| Untracked 
| 354|0x0000000096200000, 0x0000000096200000, 0x0000000096300000|  0%| F|  |TAMS 0x0000000096200000| PB 0x0000000096200000| Untracked 
| 355|0x0000000096300000, 0x0000000096300000, 0x0000000096400000|  0%| F|  |TAMS 0x0000000096300000| PB 0x0000000096300000| Untracked 
| 356|0x0000000096400000, 0x0000000096400000, 0x0000000096500000|  0%| F|  |TAMS 0x0000000096400000| PB 0x0000000096400000| Untracked 
| 357|0x0000000096500000, 0x0000000096500000, 0x0000000096600000|  0%| F|  |TAMS 0x0000000096500000| PB 0x0000000096500000| Untracked 
| 358|0x0000000096600000, 0x0000000096600000, 0x0000000096700000|  0%| F|  |TAMS 0x0000000096600000| PB 0x0000000096600000| Untracked 
| 359|0x0000000096700000, 0x0000000096700000, 0x0000000096800000|  0%| F|  |TAMS 0x0000000096700000| PB 0x0000000096700000| Untracked 
| 360|0x0000000096800000, 0x0000000096800000, 0x0000000096900000|  0%| F|  |TAMS 0x0000000096800000| PB 0x0000000096800000| Untracked 
| 361|0x0000000096900000, 0x0000000096900000, 0x0000000096a00000|  0%| F|  |TAMS 0x0000000096900000| PB 0x0000000096900000| Untracked 
| 362|0x0000000096a00000, 0x0000000096a00000, 0x0000000096b00000|  0%| F|  |TAMS 0x0000000096a00000| PB 0x0000000096a00000| Untracked 
| 363|0x0000000096b00000, 0x0000000096b00000, 0x0000000096c00000|  0%| F|  |TAMS 0x0000000096b00000| PB 0x0000000096b00000| Untracked 
| 364|0x0000000096c00000, 0x0000000096c00000, 0x0000000096d00000|  0%| F|  |TAMS 0x0000000096c00000| PB 0x0000000096c00000| Untracked 
| 365|0x0000000096d00000, 0x0000000096d00000, 0x0000000096e00000|  0%| F|  |TAMS 0x0000000096d00000| PB 0x0000000096d00000| Untracked 
| 366|0x0000000096e00000, 0x0000000096e00000, 0x0000000096f00000|  0%| F|  |TAMS 0x0000000096e00000| PB 0x0000000096e00000| Untracked 
| 367|0x0000000096f00000, 0x0000000096f00000, 0x0000000097000000|  0%| F|  |TAMS 0x0000000096f00000| PB 0x0000000096f00000| Untracked 
| 368|0x0000000097000000, 0x0000000097000000, 0x0000000097100000|  0%| F|  |TAMS 0x0000000097000000| PB 0x0000000097000000| Untracked 
| 369|0x0000000097100000, 0x0000000097100000, 0x0000000097200000|  0%| F|  |TAMS 0x0000000097100000| PB 0x0000000097100000| Untracked 
| 370|0x0000000097200000, 0x0000000097200000, 0x0000000097300000|  0%| F|  |TAMS 0x0000000097200000| PB 0x0000000097200000| Untracked 
| 371|0x0000000097300000, 0x0000000097300000, 0x0000000097400000|  0%| F|  |TAMS 0x0000000097300000| PB 0x0000000097300000| Untracked 
| 372|0x0000000097400000, 0x0000000097400000, 0x0000000097500000|  0%| F|  |TAMS 0x0000000097400000| PB 0x0000000097400000| Untracked 
| 373|0x0000000097500000, 0x0000000097500000, 0x0000000097600000|  0%| F|  |TAMS 0x0000000097500000| PB 0x0000000097500000| Untracked 
| 374|0x0000000097600000, 0x0000000097600000, 0x0000000097700000|  0%| F|  |TAMS 0x0000000097600000| PB 0x0000000097600000| Untracked 
| 375|0x0000000097700000, 0x0000000097700000, 0x0000000097800000|  0%| F|  |TAMS 0x0000000097700000| PB 0x0000000097700000| Untracked 
| 376|0x0000000097800000, 0x0000000097800000, 0x0000000097900000|  0%| F|  |TAMS 0x0000000097800000| PB 0x0000000097800000| Untracked 
| 377|0x0000000097900000, 0x0000000097900000, 0x0000000097a00000|  0%| F|  |TAMS 0x0000000097900000| PB 0x0000000097900000| Untracked 
| 378|0x0000000097a00000, 0x0000000097a00000, 0x0000000097b00000|  0%| F|  |TAMS 0x0000000097a00000| PB 0x0000000097a00000| Untracked 
| 379|0x0000000097b00000, 0x0000000097b00000, 0x0000000097c00000|  0%| F|  |TAMS 0x0000000097b00000| PB 0x0000000097b00000| Untracked 
| 380|0x0000000097c00000, 0x0000000097c00000, 0x0000000097d00000|  0%| F|  |TAMS 0x0000000097c00000| PB 0x0000000097c00000| Untracked 
| 381|0x0000000097d00000, 0x0000000097d00000, 0x0000000097e00000|  0%| F|  |TAMS 0x0000000097d00000| PB 0x0000000097d00000| Untracked 
| 382|0x0000000097e00000, 0x0000000097e00000, 0x0000000097f00000|  0%| F|  |TAMS 0x0000000097e00000| PB 0x0000000097e00000| Untracked 
| 383|0x0000000097f00000, 0x0000000097f00000, 0x0000000098000000|  0%| F|  |TAMS 0x0000000097f00000| PB 0x0000000097f00000| Untracked 
| 384|0x0000000098000000, 0x0000000098000000, 0x0000000098100000|  0%| F|  |TAMS 0x0000000098000000| PB 0x0000000098000000| Untracked 
| 385|0x0000000098100000, 0x0000000098100000, 0x0000000098200000|  0%| F|  |TAMS 0x0000000098100000| PB 0x0000000098100000| Untracked 
| 386|0x0000000098200000, 0x0000000098200000, 0x0000000098300000|  0%| F|  |TAMS 0x0000000098200000| PB 0x0000000098200000| Untracked 
| 387|0x0000000098300000, 0x0000000098300000, 0x0000000098400000|  0%| F|  |TAMS 0x0000000098300000| PB 0x0000000098300000| Untracked 
| 388|0x0000000098400000, 0x0000000098400000, 0x0000000098500000|  0%| F|  |TAMS 0x0000000098400000| PB 0x0000000098400000| Untracked 
| 389|0x0000000098500000, 0x0000000098500000, 0x0000000098600000|  0%| F|  |TAMS 0x0000000098500000| PB 0x0000000098500000| Untracked 
| 390|0x0000000098600000, 0x0000000098600000, 0x0000000098700000|  0%| F|  |TAMS 0x0000000098600000| PB 0x0000000098600000| Untracked 
| 391|0x0000000098700000, 0x0000000098700000, 0x0000000098800000|  0%| F|  |TAMS 0x0000000098700000| PB 0x0000000098700000| Untracked 
| 392|0x0000000098800000, 0x0000000098800000, 0x0000000098900000|  0%| F|  |TAMS 0x0000000098800000| PB 0x0000000098800000| Untracked 
| 393|0x0000000098900000, 0x0000000098900000, 0x0000000098a00000|  0%| F|  |TAMS 0x0000000098900000| PB 0x0000000098900000| Untracked 
| 394|0x0000000098a00000, 0x0000000098a00000, 0x0000000098b00000|  0%| F|  |TAMS 0x0000000098a00000| PB 0x0000000098a00000| Untracked 
| 395|0x0000000098b00000, 0x0000000098b00000, 0x0000000098c00000|  0%| F|  |TAMS 0x0000000098b00000| PB 0x0000000098b00000| Untracked 
| 396|0x0000000098c00000, 0x0000000098c00000, 0x0000000098d00000|  0%| F|  |TAMS 0x0000000098c00000| PB 0x0000000098c00000| Untracked 
| 397|0x0000000098d00000, 0x0000000098d00000, 0x0000000098e00000|  0%| F|  |TAMS 0x0000000098d00000| PB 0x0000000098d00000| Untracked 
| 398|0x0000000098e00000, 0x0000000098e00000, 0x0000000098f00000|  0%| F|  |TAMS 0x0000000098e00000| PB 0x0000000098e00000| Untracked 
| 399|0x0000000098f00000, 0x0000000098f00000, 0x0000000099000000|  0%| F|  |TAMS 0x0000000098f00000| PB 0x0000000098f00000| Untracked 
| 400|0x0000000099000000, 0x0000000099000000, 0x0000000099100000|  0%| F|  |TAMS 0x0000000099000000| PB 0x0000000099000000| Untracked 
| 401|0x0000000099100000, 0x0000000099100000, 0x0000000099200000|  0%| F|  |TAMS 0x0000000099100000| PB 0x0000000099100000| Untracked 
| 402|0x0000000099200000, 0x0000000099200000, 0x0000000099300000|  0%| F|  |TAMS 0x0000000099200000| PB 0x0000000099200000| Untracked 
| 403|0x0000000099300000, 0x0000000099300000, 0x0000000099400000|  0%| F|  |TAMS 0x0000000099300000| PB 0x0000000099300000| Untracked 
| 404|0x0000000099400000, 0x0000000099400000, 0x0000000099500000|  0%| F|  |TAMS 0x0000000099400000| PB 0x0000000099400000| Untracked 
| 405|0x0000000099500000, 0x0000000099500000, 0x0000000099600000|  0%| F|  |TAMS 0x0000000099500000| PB 0x0000000099500000| Untracked 
| 406|0x0000000099600000, 0x0000000099600000, 0x0000000099700000|  0%| F|  |TAMS 0x0000000099600000| PB 0x0000000099600000| Untracked 
| 407|0x0000000099700000, 0x0000000099700000, 0x0000000099800000|  0%| F|  |TAMS 0x0000000099700000| PB 0x0000000099700000| Untracked 
| 408|0x0000000099800000, 0x0000000099800000, 0x0000000099900000|  0%| F|  |TAMS 0x0000000099800000| PB 0x0000000099800000| Untracked 
| 409|0x0000000099900000, 0x0000000099900000, 0x0000000099a00000|  0%| F|  |TAMS 0x0000000099900000| PB 0x0000000099900000| Untracked 
| 410|0x0000000099a00000, 0x0000000099a00000, 0x0000000099b00000|  0%| F|  |TAMS 0x0000000099a00000| PB 0x0000000099a00000| Untracked 
| 411|0x0000000099b00000, 0x0000000099b00000, 0x0000000099c00000|  0%| F|  |TAMS 0x0000000099b00000| PB 0x0000000099b00000| Untracked 
| 412|0x0000000099c00000, 0x0000000099c00000, 0x0000000099d00000|  0%| F|  |TAMS 0x0000000099c00000| PB 0x0000000099c00000| Untracked 
| 413|0x0000000099d00000, 0x0000000099d00000, 0x0000000099e00000|  0%| F|  |TAMS 0x0000000099d00000| PB 0x0000000099d00000| Untracked 
| 414|0x0000000099e00000, 0x0000000099e00000, 0x0000000099f00000|  0%| F|  |TAMS 0x0000000099e00000| PB 0x0000000099e00000| Untracked 
| 415|0x0000000099f00000, 0x0000000099f00000, 0x000000009a000000|  0%| F|  |TAMS 0x0000000099f00000| PB 0x0000000099f00000| Untracked 
| 416|0x000000009a000000, 0x000000009a080000, 0x000000009a100000| 50%| E|  |TAMS 0x000000009a000000| PB 0x000000009a000000| Complete 
| 417|0x000000009a100000, 0x000000009a200000, 0x000000009a200000|100%| E|CS|TAMS 0x000000009a100000| PB 0x000000009a100000| Complete 
| 418|0x000000009a200000, 0x000000009a300000, 0x000000009a300000|100%| E|CS|TAMS 0x000000009a200000| PB 0x000000009a200000| Complete 
| 419|0x000000009a300000, 0x000000009a400000, 0x000000009a400000|100%| E|CS|TAMS 0x000000009a300000| PB 0x000000009a300000| Complete 
| 420|0x000000009a400000, 0x000000009a500000, 0x000000009a500000|100%| E|CS|TAMS 0x000000009a400000| PB 0x000000009a400000| Complete 
| 421|0x000000009a500000, 0x000000009a600000, 0x000000009a600000|100%| E|CS|TAMS 0x000000009a500000| PB 0x000000009a500000| Complete 
| 422|0x000000009a600000, 0x000000009a700000, 0x000000009a700000|100%| E|CS|TAMS 0x000000009a600000| PB 0x000000009a600000| Complete 
| 423|0x000000009a700000, 0x000000009a800000, 0x000000009a800000|100%| E|CS|TAMS 0x000000009a700000| PB 0x000000009a700000| Complete 
| 424|0x000000009a800000, 0x000000009a900000, 0x000000009a900000|100%| E|CS|TAMS 0x000000009a800000| PB 0x000000009a800000| Complete 
| 425|0x000000009a900000, 0x000000009aa00000, 0x000000009aa00000|100%| E|CS|TAMS 0x000000009a900000| PB 0x000000009a900000| Complete 
| 426|0x000000009aa00000, 0x000000009ab00000, 0x000000009ab00000|100%| E|CS|TAMS 0x000000009aa00000| PB 0x000000009aa00000| Complete 
| 427|0x000000009ab00000, 0x000000009ac00000, 0x000000009ac00000|100%| E|CS|TAMS 0x000000009ab00000| PB 0x000000009ab00000| Complete 
| 428|0x000000009ac00000, 0x000000009ad00000, 0x000000009ad00000|100%| E|CS|TAMS 0x000000009ac00000| PB 0x000000009ac00000| Complete 
| 429|0x000000009ad00000, 0x000000009ae00000, 0x000000009ae00000|100%| E|CS|TAMS 0x000000009ad00000| PB 0x000000009ad00000| Complete 
| 430|0x000000009ae00000, 0x000000009af00000, 0x000000009af00000|100%| E|CS|TAMS 0x000000009ae00000| PB 0x000000009ae00000| Complete 
| 431|0x000000009af00000, 0x000000009b000000, 0x000000009b000000|100%| E|CS|TAMS 0x000000009af00000| PB 0x000000009af00000| Complete 
| 432|0x000000009b000000, 0x000000009b100000, 0x000000009b100000|100%| E|CS|TAMS 0x000000009b000000| PB 0x000000009b000000| Complete 
| 433|0x000000009b100000, 0x000000009b200000, 0x000000009b200000|100%| E|CS|TAMS 0x000000009b100000| PB 0x000000009b100000| Complete 
| 434|0x000000009b200000, 0x000000009b300000, 0x000000009b300000|100%| E|CS|TAMS 0x000000009b200000| PB 0x000000009b200000| Complete 
| 435|0x000000009b300000, 0x000000009b400000, 0x000000009b400000|100%| E|CS|TAMS 0x000000009b300000| PB 0x000000009b300000| Complete 
| 436|0x000000009b400000, 0x000000009b500000, 0x000000009b500000|100%| E|  |TAMS 0x000000009b400000| PB 0x000000009b400000| Complete 
| 437|0x000000009b500000, 0x000000009b600000, 0x000000009b600000|100%| E|CS|TAMS 0x000000009b500000| PB 0x000000009b500000| Complete 
| 438|0x000000009b600000, 0x000000009b700000, 0x000000009b700000|100%| E|CS|TAMS 0x000000009b600000| PB 0x000000009b600000| Complete 
| 439|0x000000009b700000, 0x000000009b800000, 0x000000009b800000|100%| E|CS|TAMS 0x000000009b700000| PB 0x000000009b700000| Complete 
| 440|0x000000009b800000, 0x000000009b900000, 0x000000009b900000|100%| E|CS|TAMS 0x000000009b800000| PB 0x000000009b800000| Complete 
| 441|0x000000009b900000, 0x000000009ba00000, 0x000000009ba00000|100%| E|CS|TAMS 0x000000009b900000| PB 0x000000009b900000| Complete 
| 442|0x000000009ba00000, 0x000000009bb00000, 0x000000009bb00000|100%| E|CS|TAMS 0x000000009ba00000| PB 0x000000009ba00000| Complete 
| 443|0x000000009bb00000, 0x000000009bc00000, 0x000000009bc00000|100%| E|CS|TAMS 0x000000009bb00000| PB 0x000000009bb00000| Complete 
| 444|0x000000009bc00000, 0x000000009bd00000, 0x000000009bd00000|100%| E|CS|TAMS 0x000000009bc00000| PB 0x000000009bc00000| Complete 
| 445|0x000000009bd00000, 0x000000009be00000, 0x000000009be00000|100%| E|CS|TAMS 0x000000009bd00000| PB 0x000000009bd00000| Complete 
| 446|0x000000009be00000, 0x000000009bf00000, 0x000000009bf00000|100%| E|CS|TAMS 0x000000009be00000| PB 0x000000009be00000| Complete 
| 447|0x000000009bf00000, 0x000000009c000000, 0x000000009c000000|100%| E|CS|TAMS 0x000000009bf00000| PB 0x000000009bf00000| Complete 
| 448|0x000000009c000000, 0x000000009c100000, 0x000000009c100000|100%| E|CS|TAMS 0x000000009c000000| PB 0x000000009c000000| Complete 
| 449|0x000000009c100000, 0x000000009c200000, 0x000000009c200000|100%| E|CS|TAMS 0x000000009c100000| PB 0x000000009c100000| Complete 
| 450|0x000000009c200000, 0x000000009c300000, 0x000000009c300000|100%| E|CS|TAMS 0x000000009c200000| PB 0x000000009c200000| Complete 
| 451|0x000000009c300000, 0x000000009c400000, 0x000000009c400000|100%| E|CS|TAMS 0x000000009c300000| PB 0x000000009c300000| Complete 
| 452|0x000000009c400000, 0x000000009c500000, 0x000000009c500000|100%| E|CS|TAMS 0x000000009c400000| PB 0x000000009c400000| Complete 
| 453|0x000000009c500000, 0x000000009c600000, 0x000000009c600000|100%| E|CS|TAMS 0x000000009c500000| PB 0x000000009c500000| Complete 
| 454|0x000000009c600000, 0x000000009c700000, 0x000000009c700000|100%| E|CS|TAMS 0x000000009c600000| PB 0x000000009c600000| Complete 
| 455|0x000000009c700000, 0x000000009c800000, 0x000000009c800000|100%| E|CS|TAMS 0x000000009c700000| PB 0x000000009c700000| Complete 
| 456|0x000000009c800000, 0x000000009c900000, 0x000000009c900000|100%| E|CS|TAMS 0x000000009c800000| PB 0x000000009c800000| Complete 
| 457|0x000000009c900000, 0x000000009ca00000, 0x000000009ca00000|100%| E|CS|TAMS 0x000000009c900000| PB 0x000000009c900000| Complete 
| 458|0x000000009ca00000, 0x000000009cb00000, 0x000000009cb00000|100%| E|CS|TAMS 0x000000009ca00000| PB 0x000000009ca00000| Complete 
| 459|0x000000009cb00000, 0x000000009cc00000, 0x000000009cc00000|100%| E|CS|TAMS 0x000000009cb00000| PB 0x000000009cb00000| Complete 
| 460|0x000000009cc00000, 0x000000009cd00000, 0x000000009cd00000|100%| E|CS|TAMS 0x000000009cc00000| PB 0x000000009cc00000| Complete 
| 461|0x000000009cd00000, 0x000000009ce00000, 0x000000009ce00000|100%| E|CS|TAMS 0x000000009cd00000| PB 0x000000009cd00000| Complete 
| 462|0x000000009ce00000, 0x000000009cf00000, 0x000000009cf00000|100%| E|CS|TAMS 0x000000009ce00000| PB 0x000000009ce00000| Complete 
| 463|0x000000009cf00000, 0x000000009d000000, 0x000000009d000000|100%| E|CS|TAMS 0x000000009cf00000| PB 0x000000009cf00000| Complete 
| 464|0x000000009d000000, 0x000000009d100000, 0x000000009d100000|100%| E|CS|TAMS 0x000000009d000000| PB 0x000000009d000000| Complete 
| 465|0x000000009d100000, 0x000000009d200000, 0x000000009d200000|100%| E|CS|TAMS 0x000000009d100000| PB 0x000000009d100000| Complete 
| 466|0x000000009d200000, 0x000000009d300000, 0x000000009d300000|100%| E|CS|TAMS 0x000000009d200000| PB 0x000000009d200000| Complete 
| 467|0x000000009d300000, 0x000000009d400000, 0x000000009d400000|100%| E|CS|TAMS 0x000000009d300000| PB 0x000000009d300000| Complete 
| 468|0x000000009d400000, 0x000000009d500000, 0x000000009d500000|100%| E|CS|TAMS 0x000000009d400000| PB 0x000000009d400000| Complete 
| 469|0x000000009d500000, 0x000000009d600000, 0x000000009d600000|100%| E|CS|TAMS 0x000000009d500000| PB 0x000000009d500000| Complete 
| 470|0x000000009d600000, 0x000000009d700000, 0x000000009d700000|100%| E|CS|TAMS 0x000000009d600000| PB 0x000000009d600000| Complete 
| 471|0x000000009d700000, 0x000000009d800000, 0x000000009d800000|100%| E|CS|TAMS 0x000000009d700000| PB 0x000000009d700000| Complete 
| 472|0x000000009d800000, 0x000000009d900000, 0x000000009d900000|100%| E|CS|TAMS 0x000000009d800000| PB 0x000000009d800000| Complete 
| 473|0x000000009d900000, 0x000000009da00000, 0x000000009da00000|100%| E|CS|TAMS 0x000000009d900000| PB 0x000000009d900000| Complete 
| 474|0x000000009da00000, 0x000000009db00000, 0x000000009db00000|100%| E|CS|TAMS 0x000000009da00000| PB 0x000000009da00000| Complete 
| 475|0x000000009db00000, 0x000000009dc00000, 0x000000009dc00000|100%| E|CS|TAMS 0x000000009db00000| PB 0x000000009db00000| Complete 
| 476|0x000000009dc00000, 0x000000009dd00000, 0x000000009dd00000|100%| E|CS|TAMS 0x000000009dc00000| PB 0x000000009dc00000| Complete 
| 477|0x000000009dd00000, 0x000000009de00000, 0x000000009de00000|100%| E|CS|TAMS 0x000000009dd00000| PB 0x000000009dd00000| Complete 
| 478|0x000000009de00000, 0x000000009df00000, 0x000000009df00000|100%| E|CS|TAMS 0x000000009de00000| PB 0x000000009de00000| Complete 
| 479|0x000000009df00000, 0x000000009e000000, 0x000000009e000000|100%| E|CS|TAMS 0x000000009df00000| PB 0x000000009df00000| Complete 
| 480|0x000000009e000000, 0x000000009e100000, 0x000000009e100000|100%| E|CS|TAMS 0x000000009e000000| PB 0x000000009e000000| Complete 
| 481|0x000000009e100000, 0x000000009e200000, 0x000000009e200000|100%| E|CS|TAMS 0x000000009e100000| PB 0x000000009e100000| Complete 
| 482|0x000000009e200000, 0x000000009e300000, 0x000000009e300000|100%| E|CS|TAMS 0x000000009e200000| PB 0x000000009e200000| Complete 
| 483|0x000000009e300000, 0x000000009e400000, 0x000000009e400000|100%| E|CS|TAMS 0x000000009e300000| PB 0x000000009e300000| Complete 
| 484|0x000000009e400000, 0x000000009e500000, 0x000000009e500000|100%| E|CS|TAMS 0x000000009e400000| PB 0x000000009e400000| Complete 
| 485|0x000000009e500000, 0x000000009e600000, 0x000000009e600000|100%| E|CS|TAMS 0x000000009e500000| PB 0x000000009e500000| Complete 
| 486|0x000000009e600000, 0x000000009e700000, 0x000000009e700000|100%| E|CS|TAMS 0x000000009e600000| PB 0x000000009e600000| Complete 
| 487|0x000000009e700000, 0x000000009e800000, 0x000000009e800000|100%| E|CS|TAMS 0x000000009e700000| PB 0x000000009e700000| Complete 
| 488|0x000000009e800000, 0x000000009e900000, 0x000000009e900000|100%| E|CS|TAMS 0x000000009e800000| PB 0x000000009e800000| Complete 
| 489|0x000000009e900000, 0x000000009ea00000, 0x000000009ea00000|100%| E|CS|TAMS 0x000000009e900000| PB 0x000000009e900000| Complete 
| 490|0x000000009ea00000, 0x000000009eb00000, 0x000000009eb00000|100%| E|CS|TAMS 0x000000009ea00000| PB 0x000000009ea00000| Complete 
| 491|0x000000009eb00000, 0x000000009ec00000, 0x000000009ec00000|100%| E|CS|TAMS 0x000000009eb00000| PB 0x000000009eb00000| Complete 
| 492|0x000000009ec00000, 0x000000009ed00000, 0x000000009ed00000|100%| E|CS|TAMS 0x000000009ec00000| PB 0x000000009ec00000| Complete 
| 493|0x000000009ed00000, 0x000000009ee00000, 0x000000009ee00000|100%| E|CS|TAMS 0x000000009ed00000| PB 0x000000009ed00000| Complete 
| 494|0x000000009ee00000, 0x000000009ef00000, 0x000000009ef00000|100%| E|CS|TAMS 0x000000009ee00000| PB 0x000000009ee00000| Complete 
| 495|0x000000009ef00000, 0x000000009f000000, 0x000000009f000000|100%| E|CS|TAMS 0x000000009ef00000| PB 0x000000009ef00000| Complete 
| 496|0x000000009f000000, 0x000000009f100000, 0x000000009f100000|100%| E|CS|TAMS 0x000000009f000000| PB 0x000000009f000000| Complete 
| 497|0x000000009f100000, 0x000000009f200000, 0x000000009f200000|100%| E|CS|TAMS 0x000000009f100000| PB 0x000000009f100000| Complete 
| 498|0x000000009f200000, 0x000000009f300000, 0x000000009f300000|100%| E|CS|TAMS 0x000000009f200000| PB 0x000000009f200000| Complete 
| 499|0x000000009f300000, 0x000000009f400000, 0x000000009f400000|100%| E|CS|TAMS 0x000000009f300000| PB 0x000000009f300000| Complete 
| 500|0x000000009f400000, 0x000000009f500000, 0x000000009f500000|100%| E|CS|TAMS 0x000000009f400000| PB 0x000000009f400000| Complete 
| 501|0x000000009f500000, 0x000000009f600000, 0x000000009f600000|100%| E|CS|TAMS 0x000000009f500000| PB 0x000000009f500000| Complete 
| 502|0x000000009f600000, 0x000000009f700000, 0x000000009f700000|100%| E|CS|TAMS 0x000000009f600000| PB 0x000000009f600000| Complete 
| 503|0x000000009f700000, 0x000000009f800000, 0x000000009f800000|100%| E|CS|TAMS 0x000000009f700000| PB 0x000000009f700000| Complete 
| 504|0x000000009f800000, 0x000000009f900000, 0x000000009f900000|100%| E|CS|TAMS 0x000000009f800000| PB 0x000000009f800000| Complete 
| 505|0x000000009f900000, 0x000000009fa00000, 0x000000009fa00000|100%| E|CS|TAMS 0x000000009f900000| PB 0x000000009f900000| Complete 
| 506|0x000000009fa00000, 0x000000009fb00000, 0x000000009fb00000|100%| E|CS|TAMS 0x000000009fa00000| PB 0x000000009fa00000| Complete 
| 507|0x000000009fb00000, 0x000000009fc00000, 0x000000009fc00000|100%| E|CS|TAMS 0x000000009fb00000| PB 0x000000009fb00000| Complete 
| 508|0x000000009fc00000, 0x000000009fd00000, 0x000000009fd00000|100%| E|CS|TAMS 0x000000009fc00000| PB 0x000000009fc00000| Complete 
| 509|0x000000009fd00000, 0x000000009fe00000, 0x000000009fe00000|100%| E|CS|TAMS 0x000000009fd00000| PB 0x000000009fd00000| Complete 
| 510|0x000000009fe00000, 0x000000009ff00000, 0x000000009ff00000|100%| E|CS|TAMS 0x000000009fe00000| PB 0x000000009fe00000| Complete 
| 511|0x000000009ff00000, 0x00000000a0000000, 0x00000000a0000000|100%| E|CS|TAMS 0x000000009ff00000| PB 0x000000009ff00000| Complete 
| 512|0x00000000a0000000, 0x00000000a0100000, 0x00000000a0100000|100%| E|CS|TAMS 0x00000000a0000000| PB 0x00000000a0000000| Complete 
| 513|0x00000000a0100000, 0x00000000a0200000, 0x00000000a0200000|100%| E|CS|TAMS 0x00000000a0100000| PB 0x00000000a0100000| Complete 
| 514|0x00000000a0200000, 0x00000000a0300000, 0x00000000a0300000|100%| E|CS|TAMS 0x00000000a0200000| PB 0x00000000a0200000| Complete 
| 515|0x00000000a0300000, 0x00000000a0400000, 0x00000000a0400000|100%| E|CS|TAMS 0x00000000a0300000| PB 0x00000000a0300000| Complete 
| 516|0x00000000a0400000, 0x00000000a0500000, 0x00000000a0500000|100%| E|CS|TAMS 0x00000000a0400000| PB 0x00000000a0400000| Complete 
| 517|0x00000000a0500000, 0x00000000a0600000, 0x00000000a0600000|100%| E|CS|TAMS 0x00000000a0500000| PB 0x00000000a0500000| Complete 
| 518|0x00000000a0600000, 0x00000000a0700000, 0x00000000a0700000|100%| E|CS|TAMS 0x00000000a0600000| PB 0x00000000a0600000| Complete 
| 519|0x00000000a0700000, 0x00000000a0800000, 0x00000000a0800000|100%| E|CS|TAMS 0x00000000a0700000| PB 0x00000000a0700000| Complete 
| 520|0x00000000a0800000, 0x00000000a0900000, 0x00000000a0900000|100%| E|CS|TAMS 0x00000000a0800000| PB 0x00000000a0800000| Complete 
| 521|0x00000000a0900000, 0x00000000a0a00000, 0x00000000a0a00000|100%| E|CS|TAMS 0x00000000a0900000| PB 0x00000000a0900000| Complete 
| 522|0x00000000a0a00000, 0x00000000a0b00000, 0x00000000a0b00000|100%| E|CS|TAMS 0x00000000a0a00000| PB 0x00000000a0a00000| Complete 
| 523|0x00000000a0b00000, 0x00000000a0c00000, 0x00000000a0c00000|100%| E|CS|TAMS 0x00000000a0b00000| PB 0x00000000a0b00000| Complete 
| 524|0x00000000a0c00000, 0x00000000a0d00000, 0x00000000a0d00000|100%| E|CS|TAMS 0x00000000a0c00000| PB 0x00000000a0c00000| Complete 
| 525|0x00000000a0d00000, 0x00000000a0e00000, 0x00000000a0e00000|100%| E|CS|TAMS 0x00000000a0d00000| PB 0x00000000a0d00000| Complete 
| 526|0x00000000a0e00000, 0x00000000a0f00000, 0x00000000a0f00000|100%| E|CS|TAMS 0x00000000a0e00000| PB 0x00000000a0e00000| Complete 
| 527|0x00000000a0f00000, 0x00000000a1000000, 0x00000000a1000000|100%| E|CS|TAMS 0x00000000a0f00000| PB 0x00000000a0f00000| Complete 
| 528|0x00000000a1000000, 0x00000000a1100000, 0x00000000a1100000|100%| E|CS|TAMS 0x00000000a1000000| PB 0x00000000a1000000| Complete 
| 529|0x00000000a1100000, 0x00000000a1200000, 0x00000000a1200000|100%| E|CS|TAMS 0x00000000a1100000| PB 0x00000000a1100000| Complete 
| 530|0x00000000a1200000, 0x00000000a1300000, 0x00000000a1300000|100%| E|CS|TAMS 0x00000000a1200000| PB 0x00000000a1200000| Complete 
| 531|0x00000000a1300000, 0x00000000a1400000, 0x00000000a1400000|100%| E|CS|TAMS 0x00000000a1300000| PB 0x00000000a1300000| Complete 
| 532|0x00000000a1400000, 0x00000000a1500000, 0x00000000a1500000|100%| E|CS|TAMS 0x00000000a1400000| PB 0x00000000a1400000| Complete 
| 533|0x00000000a1500000, 0x00000000a1600000, 0x00000000a1600000|100%| E|CS|TAMS 0x00000000a1500000| PB 0x00000000a1500000| Complete 
| 534|0x00000000a1600000, 0x00000000a1700000, 0x00000000a1700000|100%| E|CS|TAMS 0x00000000a1600000| PB 0x00000000a1600000| Complete 
| 535|0x00000000a1700000, 0x00000000a1800000, 0x00000000a1800000|100%| E|CS|TAMS 0x00000000a1700000| PB 0x00000000a1700000| Complete 
| 536|0x00000000a1800000, 0x00000000a1900000, 0x00000000a1900000|100%| E|CS|TAMS 0x00000000a1800000| PB 0x00000000a1800000| Complete 
| 537|0x00000000a1900000, 0x00000000a1a00000, 0x00000000a1a00000|100%| E|CS|TAMS 0x00000000a1900000| PB 0x00000000a1900000| Complete 
| 538|0x00000000a1a00000, 0x00000000a1b00000, 0x00000000a1b00000|100%| E|CS|TAMS 0x00000000a1a00000| PB 0x00000000a1a00000| Complete 
| 539|0x00000000a1b00000, 0x00000000a1c00000, 0x00000000a1c00000|100%| E|CS|TAMS 0x00000000a1b00000| PB 0x00000000a1b00000| Complete 
| 540|0x00000000a1c00000, 0x00000000a1d00000, 0x00000000a1d00000|100%| E|CS|TAMS 0x00000000a1c00000| PB 0x00000000a1c00000| Complete 
| 541|0x00000000a1d00000, 0x00000000a1e00000, 0x00000000a1e00000|100%| E|CS|TAMS 0x00000000a1d00000| PB 0x00000000a1d00000| Complete 
| 542|0x00000000a1e00000, 0x00000000a1f00000, 0x00000000a1f00000|100%| E|CS|TAMS 0x00000000a1e00000| PB 0x00000000a1e00000| Complete 
| 543|0x00000000a1f00000, 0x00000000a2000000, 0x00000000a2000000|100%| E|CS|TAMS 0x00000000a1f00000| PB 0x00000000a1f00000| Complete 
| 544|0x00000000a2000000, 0x00000000a2100000, 0x00000000a2100000|100%| E|CS|TAMS 0x00000000a2000000| PB 0x00000000a2000000| Complete 
| 545|0x00000000a2100000, 0x00000000a2200000, 0x00000000a2200000|100%| E|CS|TAMS 0x00000000a2100000| PB 0x00000000a2100000| Complete 
| 546|0x00000000a2200000, 0x00000000a2300000, 0x00000000a2300000|100%| E|CS|TAMS 0x00000000a2200000| PB 0x00000000a2200000| Complete 
| 547|0x00000000a2300000, 0x00000000a2400000, 0x00000000a2400000|100%| E|CS|TAMS 0x00000000a2300000| PB 0x00000000a2300000| Complete 
| 548|0x00000000a2400000, 0x00000000a2500000, 0x00000000a2500000|100%| E|CS|TAMS 0x00000000a2400000| PB 0x00000000a2400000| Complete 
| 549|0x00000000a2500000, 0x00000000a2600000, 0x00000000a2600000|100%| E|CS|TAMS 0x00000000a2500000| PB 0x00000000a2500000| Complete 
| 550|0x00000000a2600000, 0x00000000a2700000, 0x00000000a2700000|100%| E|CS|TAMS 0x00000000a2600000| PB 0x00000000a2600000| Complete 
| 551|0x00000000a2700000, 0x00000000a2800000, 0x00000000a2800000|100%| E|CS|TAMS 0x00000000a2700000| PB 0x00000000a2700000| Complete 
| 552|0x00000000a2800000, 0x00000000a2900000, 0x00000000a2900000|100%| E|CS|TAMS 0x00000000a2800000| PB 0x00000000a2800000| Complete 
| 553|0x00000000a2900000, 0x00000000a2a00000, 0x00000000a2a00000|100%| E|CS|TAMS 0x00000000a2900000| PB 0x00000000a2900000| Complete 
| 554|0x00000000a2a00000, 0x00000000a2b00000, 0x00000000a2b00000|100%| E|CS|TAMS 0x00000000a2a00000| PB 0x00000000a2a00000| Complete 
| 555|0x00000000a2b00000, 0x00000000a2c00000, 0x00000000a2c00000|100%| E|CS|TAMS 0x00000000a2b00000| PB 0x00000000a2b00000| Complete 
| 556|0x00000000a2c00000, 0x00000000a2d00000, 0x00000000a2d00000|100%| E|CS|TAMS 0x00000000a2c00000| PB 0x00000000a2c00000| Complete 
| 557|0x00000000a2d00000, 0x00000000a2e00000, 0x00000000a2e00000|100%| E|CS|TAMS 0x00000000a2d00000| PB 0x00000000a2d00000| Complete 
| 558|0x00000000a2e00000, 0x00000000a2f00000, 0x00000000a2f00000|100%| E|CS|TAMS 0x00000000a2e00000| PB 0x00000000a2e00000| Complete 
| 559|0x00000000a2f00000, 0x00000000a3000000, 0x00000000a3000000|100%| E|CS|TAMS 0x00000000a2f00000| PB 0x00000000a2f00000| Complete 
| 560|0x00000000a3000000, 0x00000000a3100000, 0x00000000a3100000|100%| E|CS|TAMS 0x00000000a3000000| PB 0x00000000a3000000| Complete 
| 561|0x00000000a3100000, 0x00000000a3200000, 0x00000000a3200000|100%| E|CS|TAMS 0x00000000a3100000| PB 0x00000000a3100000| Complete 
| 562|0x00000000a3200000, 0x00000000a3300000, 0x00000000a3300000|100%| E|CS|TAMS 0x00000000a3200000| PB 0x00000000a3200000| Complete 
| 563|0x00000000a3300000, 0x00000000a3400000, 0x00000000a3400000|100%| E|CS|TAMS 0x00000000a3300000| PB 0x00000000a3300000| Complete 
| 564|0x00000000a3400000, 0x00000000a3500000, 0x00000000a3500000|100%| E|CS|TAMS 0x00000000a3400000| PB 0x00000000a3400000| Complete 
| 565|0x00000000a3500000, 0x00000000a3600000, 0x00000000a3600000|100%| E|CS|TAMS 0x00000000a3500000| PB 0x00000000a3500000| Complete 
| 566|0x00000000a3600000, 0x00000000a3700000, 0x00000000a3700000|100%| E|CS|TAMS 0x00000000a3600000| PB 0x00000000a3600000| Complete 
| 567|0x00000000a3700000, 0x00000000a3800000, 0x00000000a3800000|100%| E|CS|TAMS 0x00000000a3700000| PB 0x00000000a3700000| Complete 
| 568|0x00000000a3800000, 0x00000000a3900000, 0x00000000a3900000|100%| E|CS|TAMS 0x00000000a3800000| PB 0x00000000a3800000| Complete 
| 569|0x00000000a3900000, 0x00000000a3a00000, 0x00000000a3a00000|100%| E|CS|TAMS 0x00000000a3900000| PB 0x00000000a3900000| Complete 
| 570|0x00000000a3a00000, 0x00000000a3b00000, 0x00000000a3b00000|100%| E|CS|TAMS 0x00000000a3a00000| PB 0x00000000a3a00000| Complete 
| 571|0x00000000a3b00000, 0x00000000a3c00000, 0x00000000a3c00000|100%| E|CS|TAMS 0x00000000a3b00000| PB 0x00000000a3b00000| Complete 
| 572|0x00000000a3c00000, 0x00000000a3d00000, 0x00000000a3d00000|100%| E|CS|TAMS 0x00000000a3c00000| PB 0x00000000a3c00000| Complete 
| 573|0x00000000a3d00000, 0x00000000a3e00000, 0x00000000a3e00000|100%| E|CS|TAMS 0x00000000a3d00000| PB 0x00000000a3d00000| Complete 
| 574|0x00000000a3e00000, 0x00000000a3f00000, 0x00000000a3f00000|100%| E|CS|TAMS 0x00000000a3e00000| PB 0x00000000a3e00000| Complete 
| 575|0x00000000a3f00000, 0x00000000a4000000, 0x00000000a4000000|100%| E|CS|TAMS 0x00000000a3f00000| PB 0x00000000a3f00000| Complete 
| 576|0x00000000a4000000, 0x00000000a4100000, 0x00000000a4100000|100%| E|CS|TAMS 0x00000000a4000000| PB 0x00000000a4000000| Complete 
| 577|0x00000000a4100000, 0x00000000a4200000, 0x00000000a4200000|100%| E|CS|TAMS 0x00000000a4100000| PB 0x00000000a4100000| Complete 
| 578|0x00000000a4200000, 0x00000000a4300000, 0x00000000a4300000|100%| E|CS|TAMS 0x00000000a4200000| PB 0x00000000a4200000| Complete 
| 579|0x00000000a4300000, 0x00000000a4400000, 0x00000000a4400000|100%| E|CS|TAMS 0x00000000a4300000| PB 0x00000000a4300000| Complete 
| 580|0x00000000a4400000, 0x00000000a4500000, 0x00000000a4500000|100%| E|CS|TAMS 0x00000000a4400000| PB 0x00000000a4400000| Complete 
| 581|0x00000000a4500000, 0x00000000a4600000, 0x00000000a4600000|100%| E|CS|TAMS 0x00000000a4500000| PB 0x00000000a4500000| Complete 
| 582|0x00000000a4600000, 0x00000000a4700000, 0x00000000a4700000|100%| E|CS|TAMS 0x00000000a4600000| PB 0x00000000a4600000| Complete 
| 583|0x00000000a4700000, 0x00000000a4800000, 0x00000000a4800000|100%| E|CS|TAMS 0x00000000a4700000| PB 0x00000000a4700000| Complete 
| 584|0x00000000a4800000, 0x00000000a4900000, 0x00000000a4900000|100%| E|CS|TAMS 0x00000000a4800000| PB 0x00000000a4800000| Complete 
| 585|0x00000000a4900000, 0x00000000a4a00000, 0x00000000a4a00000|100%| E|CS|TAMS 0x00000000a4900000| PB 0x00000000a4900000| Complete 
| 586|0x00000000a4a00000, 0x00000000a4b00000, 0x00000000a4b00000|100%| E|CS|TAMS 0x00000000a4a00000| PB 0x00000000a4a00000| Complete 
| 587|0x00000000a4b00000, 0x00000000a4c00000, 0x00000000a4c00000|100%| E|CS|TAMS 0x00000000a4b00000| PB 0x00000000a4b00000| Complete 
| 588|0x00000000a4c00000, 0x00000000a4d00000, 0x00000000a4d00000|100%| E|CS|TAMS 0x00000000a4c00000| PB 0x00000000a4c00000| Complete 
| 589|0x00000000a4d00000, 0x00000000a4e00000, 0x00000000a4e00000|100%| E|CS|TAMS 0x00000000a4d00000| PB 0x00000000a4d00000| Complete 
| 590|0x00000000a4e00000, 0x00000000a4f00000, 0x00000000a4f00000|100%| E|CS|TAMS 0x00000000a4e00000| PB 0x00000000a4e00000| Complete 
| 591|0x00000000a4f00000, 0x00000000a5000000, 0x00000000a5000000|100%| E|CS|TAMS 0x00000000a4f00000| PB 0x00000000a4f00000| Complete 
| 592|0x00000000a5000000, 0x00000000a5100000, 0x00000000a5100000|100%| E|CS|TAMS 0x00000000a5000000| PB 0x00000000a5000000| Complete 
| 593|0x00000000a5100000, 0x00000000a5200000, 0x00000000a5200000|100%| E|CS|TAMS 0x00000000a5100000| PB 0x00000000a5100000| Complete 
| 594|0x00000000a5200000, 0x00000000a5300000, 0x00000000a5300000|100%| E|CS|TAMS 0x00000000a5200000| PB 0x00000000a5200000| Complete 
| 595|0x00000000a5300000, 0x00000000a5400000, 0x00000000a5400000|100%| E|CS|TAMS 0x00000000a5300000| PB 0x00000000a5300000| Complete 
| 596|0x00000000a5400000, 0x00000000a5500000, 0x00000000a5500000|100%| E|CS|TAMS 0x00000000a5400000| PB 0x00000000a5400000| Complete 
| 597|0x00000000a5500000, 0x00000000a5600000, 0x00000000a5600000|100%| E|CS|TAMS 0x00000000a5500000| PB 0x00000000a5500000| Complete 
| 598|0x00000000a5600000, 0x00000000a5700000, 0x00000000a5700000|100%| E|CS|TAMS 0x00000000a5600000| PB 0x00000000a5600000| Complete 
| 599|0x00000000a5700000, 0x00000000a5800000, 0x00000000a5800000|100%| E|CS|TAMS 0x00000000a5700000| PB 0x00000000a5700000| Complete 
| 600|0x00000000a5800000, 0x00000000a5900000, 0x00000000a5900000|100%| E|CS|TAMS 0x00000000a5800000| PB 0x00000000a5800000| Complete 
| 601|0x00000000a5900000, 0x00000000a5a00000, 0x00000000a5a00000|100%| E|CS|TAMS 0x00000000a5900000| PB 0x00000000a5900000| Complete 
| 602|0x00000000a5a00000, 0x00000000a5b00000, 0x00000000a5b00000|100%| E|CS|TAMS 0x00000000a5a00000| PB 0x00000000a5a00000| Complete 
| 603|0x00000000a5b00000, 0x00000000a5c00000, 0x00000000a5c00000|100%| E|CS|TAMS 0x00000000a5b00000| PB 0x00000000a5b00000| Complete 
| 604|0x00000000a5c00000, 0x00000000a5d00000, 0x00000000a5d00000|100%| E|CS|TAMS 0x00000000a5c00000| PB 0x00000000a5c00000| Complete 
| 605|0x00000000a5d00000, 0x00000000a5e00000, 0x00000000a5e00000|100%| E|CS|TAMS 0x00000000a5d00000| PB 0x00000000a5d00000| Complete 
| 606|0x00000000a5e00000, 0x00000000a5f00000, 0x00000000a5f00000|100%| E|CS|TAMS 0x00000000a5e00000| PB 0x00000000a5e00000| Complete 
| 607|0x00000000a5f00000, 0x00000000a6000000, 0x00000000a6000000|100%| E|CS|TAMS 0x00000000a5f00000| PB 0x00000000a5f00000| Complete 
| 608|0x00000000a6000000, 0x00000000a6100000, 0x00000000a6100000|100%| E|CS|TAMS 0x00000000a6000000| PB 0x00000000a6000000| Complete 
| 609|0x00000000a6100000, 0x00000000a6200000, 0x00000000a6200000|100%| E|CS|TAMS 0x00000000a6100000| PB 0x00000000a6100000| Complete 
| 610|0x00000000a6200000, 0x00000000a6300000, 0x00000000a6300000|100%| E|CS|TAMS 0x00000000a6200000| PB 0x00000000a6200000| Complete 
| 611|0x00000000a6300000, 0x00000000a6400000, 0x00000000a6400000|100%| E|CS|TAMS 0x00000000a6300000| PB 0x00000000a6300000| Complete 
| 612|0x00000000a6400000, 0x00000000a6500000, 0x00000000a6500000|100%| E|CS|TAMS 0x00000000a6400000| PB 0x00000000a6400000| Complete 
| 613|0x00000000a6500000, 0x00000000a6600000, 0x00000000a6600000|100%| E|CS|TAMS 0x00000000a6500000| PB 0x00000000a6500000| Complete 
| 614|0x00000000a6600000, 0x00000000a6700000, 0x00000000a6700000|100%| E|CS|TAMS 0x00000000a6600000| PB 0x00000000a6600000| Complete 
| 615|0x00000000a6700000, 0x00000000a6800000, 0x00000000a6800000|100%| E|CS|TAMS 0x00000000a6700000| PB 0x00000000a6700000| Complete 
| 616|0x00000000a6800000, 0x00000000a6900000, 0x00000000a6900000|100%| E|CS|TAMS 0x00000000a6800000| PB 0x00000000a6800000| Complete 
| 617|0x00000000a6900000, 0x00000000a6a00000, 0x00000000a6a00000|100%| E|CS|TAMS 0x00000000a6900000| PB 0x00000000a6900000| Complete 
| 618|0x00000000a6a00000, 0x00000000a6b00000, 0x00000000a6b00000|100%| E|CS|TAMS 0x00000000a6a00000| PB 0x00000000a6a00000| Complete 
| 619|0x00000000a6b00000, 0x00000000a6c00000, 0x00000000a6c00000|100%| E|CS|TAMS 0x00000000a6b00000| PB 0x00000000a6b00000| Complete 
| 620|0x00000000a6c00000, 0x00000000a6d00000, 0x00000000a6d00000|100%| E|CS|TAMS 0x00000000a6c00000| PB 0x00000000a6c00000| Complete 
| 621|0x00000000a6d00000, 0x00000000a6e00000, 0x00000000a6e00000|100%| E|CS|TAMS 0x00000000a6d00000| PB 0x00000000a6d00000| Complete 
| 622|0x00000000a6e00000, 0x00000000a6f00000, 0x00000000a6f00000|100%| E|CS|TAMS 0x00000000a6e00000| PB 0x00000000a6e00000| Complete 
| 623|0x00000000a6f00000, 0x00000000a7000000, 0x00000000a7000000|100%| E|CS|TAMS 0x00000000a6f00000| PB 0x00000000a6f00000| Complete 
| 624|0x00000000a7000000, 0x00000000a7100000, 0x00000000a7100000|100%| E|CS|TAMS 0x00000000a7000000| PB 0x00000000a7000000| Complete 
| 625|0x00000000a7100000, 0x00000000a7200000, 0x00000000a7200000|100%| E|CS|TAMS 0x00000000a7100000| PB 0x00000000a7100000| Complete 
| 626|0x00000000a7200000, 0x00000000a7300000, 0x00000000a7300000|100%| E|CS|TAMS 0x00000000a7200000| PB 0x00000000a7200000| Complete 
| 627|0x00000000a7300000, 0x00000000a7400000, 0x00000000a7400000|100%| E|CS|TAMS 0x00000000a7300000| PB 0x00000000a7300000| Complete 
| 628|0x00000000a7400000, 0x00000000a7500000, 0x00000000a7500000|100%| E|CS|TAMS 0x00000000a7400000| PB 0x00000000a7400000| Complete 
| 629|0x00000000a7500000, 0x00000000a7600000, 0x00000000a7600000|100%| E|CS|TAMS 0x00000000a7500000| PB 0x00000000a7500000| Complete 
| 630|0x00000000a7600000, 0x00000000a7700000, 0x00000000a7700000|100%| E|CS|TAMS 0x00000000a7600000| PB 0x00000000a7600000| Complete 
| 631|0x00000000a7700000, 0x00000000a7800000, 0x00000000a7800000|100%| E|CS|TAMS 0x00000000a7700000| PB 0x00000000a7700000| Complete 
| 632|0x00000000a7800000, 0x00000000a7900000, 0x00000000a7900000|100%| E|CS|TAMS 0x00000000a7800000| PB 0x00000000a7800000| Complete 
| 633|0x00000000a7900000, 0x00000000a7a00000, 0x00000000a7a00000|100%| E|CS|TAMS 0x00000000a7900000| PB 0x00000000a7900000| Complete 
| 634|0x00000000a7a00000, 0x00000000a7b00000, 0x00000000a7b00000|100%| E|CS|TAMS 0x00000000a7a00000| PB 0x00000000a7a00000| Complete 
| 635|0x00000000a7b00000, 0x00000000a7c00000, 0x00000000a7c00000|100%| E|CS|TAMS 0x00000000a7b00000| PB 0x00000000a7b00000| Complete 
| 636|0x00000000a7c00000, 0x00000000a7d00000, 0x00000000a7d00000|100%| E|CS|TAMS 0x00000000a7c00000| PB 0x00000000a7c00000| Complete 
| 637|0x00000000a7d00000, 0x00000000a7e00000, 0x00000000a7e00000|100%| E|CS|TAMS 0x00000000a7d00000| PB 0x00000000a7d00000| Complete 
| 638|0x00000000a7e00000, 0x00000000a7f00000, 0x00000000a7f00000|100%| E|CS|TAMS 0x00000000a7e00000| PB 0x00000000a7e00000| Complete 
| 639|0x00000000a7f00000, 0x00000000a8000000, 0x00000000a8000000|100%| E|CS|TAMS 0x00000000a7f00000| PB 0x00000000a7f00000| Complete 
| 640|0x00000000a8000000, 0x00000000a8100000, 0x00000000a8100000|100%| E|CS|TAMS 0x00000000a8000000| PB 0x00000000a8000000| Complete 
| 641|0x00000000a8100000, 0x00000000a8200000, 0x00000000a8200000|100%| E|CS|TAMS 0x00000000a8100000| PB 0x00000000a8100000| Complete 
| 642|0x00000000a8200000, 0x00000000a8300000, 0x00000000a8300000|100%| E|CS|TAMS 0x00000000a8200000| PB 0x00000000a8200000| Complete 
| 643|0x00000000a8300000, 0x00000000a8400000, 0x00000000a8400000|100%| E|CS|TAMS 0x00000000a8300000| PB 0x00000000a8300000| Complete 
| 644|0x00000000a8400000, 0x00000000a8500000, 0x00000000a8500000|100%| E|CS|TAMS 0x00000000a8400000| PB 0x00000000a8400000| Complete 
| 645|0x00000000a8500000, 0x00000000a8600000, 0x00000000a8600000|100%| E|CS|TAMS 0x00000000a8500000| PB 0x00000000a8500000| Complete 
| 646|0x00000000a8600000, 0x00000000a8700000, 0x00000000a8700000|100%| S|CS|TAMS 0x00000000a8600000| PB 0x00000000a8600000| Complete 
| 647|0x00000000a8700000, 0x00000000a8800000, 0x00000000a8800000|100%| S|CS|TAMS 0x00000000a8700000| PB 0x00000000a8700000| Complete 
| 648|0x00000000a8800000, 0x00000000a889e4f0, 0x00000000a8900000| 61%| S|CS|TAMS 0x00000000a8800000| PB 0x00000000a8800000| Complete 
| 758|0x00000000af600000, 0x00000000af700000, 0x00000000af700000|100%| E|CS|TAMS 0x00000000af600000| PB 0x00000000af600000| Complete 
| 759|0x00000000af700000, 0x00000000af800000, 0x00000000af800000|100%| E|CS|TAMS 0x00000000af700000| PB 0x00000000af700000| Complete 
| 760|0x00000000af800000, 0x00000000af900000, 0x00000000af900000|100%| E|CS|TAMS 0x00000000af800000| PB 0x00000000af800000| Complete 
| 761|0x00000000af900000, 0x00000000afa00000, 0x00000000afa00000|100%| E|CS|TAMS 0x00000000af900000| PB 0x00000000af900000| Complete 
|2043|0x00000000ffb00000, 0x00000000ffb9f378, 0x00000000ffc00000| 62%| O|  |TAMS 0x00000000ffb00000| PB 0x00000000ffb00000| Untracked 
|2044|0x00000000ffc00000, 0x00000000ffd00000, 0x00000000ffd00000|100%| E|CS|TAMS 0x00000000ffc00000| PB 0x00000000ffc00000| Complete 
|2045|0x00000000ffd00000, 0x00000000ffe00000, 0x00000000ffe00000|100%| O|  |TAMS 0x00000000ffd00000| PB 0x00000000ffd00000| Untracked 
|2046|0x00000000ffe00000, 0x00000000fff00000, 0x00000000fff00000|100%| O|  |TAMS 0x00000000ffe00000| PB 0x00000000ffe00000| Untracked 
|2047|0x00000000fff00000, 0x0000000100000000, 0x0000000100000000|100%| O|  |TAMS 0x00000000fff00000| PB 0x00000000fff00000| Untracked 

Card table byte_map: [0x000001f760cc0000,0x000001f7610c0000] _byte_map_base: 0x000001f7608c0000

Marking Bits: (CMBitMap*) 0x000001f74dd061e0
 Bits: [0x000001f7610c0000, 0x000001f7630c0000)

Polling page: 0x000001f74b7c0000

Metaspace:

Usage:
  Non-class:    164.75 MB used.
      Class:     23.71 MB used.
       Both:    188.47 MB used.

Virtual space:
  Non-class space:      192.00 MB reserved,     166.12 MB ( 87%) committed,  3 nodes.
      Class space:        1.00 GB reserved,      25.06 MB (  2%) committed,  1 nodes.
             Both:        1.19 GB reserved,     191.19 MB ( 16%) committed. 

Chunk freelists:
   Non-Class:  9.58 MB
       Class:  6.95 MB
        Both:  16.53 MB

MaxMetaspaceSize: unlimited
CompressedClassSpaceSize: 1.00 GB
Initial GC threshold: 21.00 MB
Current GC threshold: 294.62 MB
CDS: off
 - commit_granule_bytes: 65536.
 - commit_granule_words: 8192.
 - virtual_space_node_default_size: 8388608.
 - enlarge_chunks_in_place: 1.
 - use_allocation_guard: 0.


Internal statistics:

num_allocs_failed_limit: 15.
num_arena_births: 5356.
num_arena_deaths: 2.
num_vsnodes_births: 4.
num_vsnodes_deaths: 0.
num_space_committed: 3056.
num_space_uncommitted: 0.
num_chunks_returned_to_freelist: 18.
num_chunks_taken_from_freelist: 13074.
num_chunk_merges: 15.
num_chunk_splits: 9113.
num_chunks_enlarged: 6334.
num_inconsistent_stats: 0.

CodeHeap 'non-profiled nmethods': size=119168Kb used=16126Kb max_used=17168Kb free=103041Kb
 bounds [0x000001f7589a0000, 0x000001f759a70000, 0x000001f75fe00000]
CodeHeap 'profiled nmethods': size=119104Kb used=46236Kb max_used=49431Kb free=72867Kb
 bounds [0x000001f750e00000, 0x000001f753e50000, 0x000001f758250000]
CodeHeap 'non-nmethods': size=7488Kb used=3247Kb max_used=5007Kb free=4240Kb
 bounds [0x000001f758250000, 0x000001f758740000, 0x000001f7589a0000]
 total_blobs=21978 nmethods=20712 adapters=1167
 compilation: enabled
              stopped_count=0, restarted_count=0
 full_count=0

Compilation events (20 events):
Event: 51.858 Thread 0x000001f76650c2a0 26074       3       sun.security.provider.SHA5::implCompress0 (346 bytes)
Event: 51.859 Thread 0x000001f76650c2a0 nmethod 26074 0x000001f751533f10 code [0x000001f751534180, 0x000001f751534bb0]
Event: 51.859 Thread 0x000001f76650c2a0 26075       1       sun.security.x509.DNSName::getType (2 bytes)
Event: 51.859 Thread 0x000001f76650c2a0 nmethod 26075 0x000001f75925cf10 code [0x000001f75925d0a0, 0x000001f75925d168]
Event: 51.859 Thread 0x000001f76650c2a0 26076       1       sun.security.x509.GeneralName::getName (5 bytes)
Event: 51.859 Thread 0x000001f76650c2a0 nmethod 26076 0x000001f75925cc10 code [0x000001f75925cda0, 0x000001f75925ce68]
Event: 51.859 Thread 0x000001f76650c2a0 26077       1       sun.security.x509.DNSName::getName (5 bytes)
Event: 51.859 Thread 0x000001f76650c2a0 nmethod 26077 0x000001f75925c910 code [0x000001f75925caa0, 0x000001f75925cb68]
Event: 51.921 Thread 0x000001f76650c2a0 26078       1       org.apache.http.config.MessageConstraints::getMaxLineLength (5 bytes)
Event: 51.921 Thread 0x000001f76650c2a0 nmethod 26078 0x000001f75925c610 code [0x000001f75925c7a0, 0x000001f75925c868]
Event: 51.922 Thread 0x000001f76650c2a0 26079       3       java.lang.String::regionMatches (183 bytes)
Event: 51.923 Thread 0x000001f76650c2a0 nmethod 26079 0x000001f7521a2a10 code [0x000001f7521a2c60, 0x000001f7521a36d8]
Event: 51.928 Thread 0x000001f76650c2a0 26080       3       org.gradle.internal.resource.local.GroupedAndNamedUniqueFileStore::toPath (61 bytes)
Event: 51.929 Thread 0x000001f76650c2a0 nmethod 26080 0x000001f751533010 code [0x000001f7515332a0, 0x000001f751533b80]
Event: 51.929 Thread 0x000001f76650c2a0 26081       3       org.gradle.api.internal.filestore.DefaultArtifactIdentifierFileStore$1::determineGroup (9 bytes)
Event: 51.929 Thread 0x000001f76650c2a0 nmethod 26081 0x000001f751532a90 code [0x000001f751532c40, 0x000001f751532e90]
Event: 51.929 Thread 0x000001f76650c2a0 26082       3       org.gradle.api.internal.filestore.DefaultArtifactIdentifierFileStore$1::determineGroup (63 bytes)
Event: 51.930 Thread 0x000001f76650c2a0 nmethod 26082 0x000001f751bce790 code [0x000001f751bcea60, 0x000001f751bcf6c0]
Event: 51.930 Thread 0x000001f76650c2a0 26083       3       org.gradle.api.internal.filestore.DefaultArtifactIdentifierFileStore$$Lambda/0x00000001005c7460::determineName (10 bytes)
Event: 51.930 Thread 0x000001f76650c2a0 nmethod 26083 0x000001f75154e990 code [0x000001f75154eb40, 0x000001f75154ee08]

GC Heap History (20 events):
Event: 15.755 GC heap before
{Heap before GC invocations=51 (full 0):
 garbage-first heap   total 784384K, used 597041K [0x0000000080000000, 0x0000000100000000)
  region size 1024K, 459 young (470016K), 5 survivors (5120K)
 Metaspace       used 78921K, committed 80832K, reserved 1179648K
  class space    used 10503K, committed 11456K, reserved 1048576K
}
Event: 15.759 GC heap after
{Heap after GC invocations=52 (full 0):
 garbage-first heap   total 784384K, used 133055K [0x0000000080000000, 0x0000000100000000)
  region size 1024K, 6 young (6144K), 6 survivors (6144K)
 Metaspace       used 78921K, committed 80832K, reserved 1179648K
  class space    used 10503K, committed 11456K, reserved 1048576K
}
Event: 16.231 GC heap before
{Heap before GC invocations=52 (full 0):
 garbage-first heap   total 784384K, used 596927K [0x0000000080000000, 0x0000000100000000)
  region size 1024K, 459 young (470016K), 6 survivors (6144K)
 Metaspace       used 78924K, committed 80832K, reserved 1179648K
  class space    used 10503K, committed 11456K, reserved 1048576K
}
Event: 16.235 GC heap after
{Heap after GC invocations=53 (full 0):
 garbage-first heap   total 784384K, used 133889K [0x0000000080000000, 0x0000000100000000)
  region size 1024K, 6 young (6144K), 6 survivors (6144K)
 Metaspace       used 78924K, committed 80832K, reserved 1179648K
  class space    used 10503K, committed 11456K, reserved 1048576K
}
Event: 16.986 GC heap before
{Heap before GC invocations=53 (full 0):
 garbage-first heap   total 784384K, used 600833K [0x0000000080000000, 0x0000000100000000)
  region size 1024K, 459 young (470016K), 6 survivors (6144K)
 Metaspace       used 78927K, committed 80832K, reserved 1179648K
  class space    used 10503K, committed 11456K, reserved 1048576K
}
Event: 16.991 GC heap after
{Heap after GC invocations=54 (full 0):
 garbage-first heap   total 784384K, used 135051K [0x0000000080000000, 0x0000000100000000)
  region size 1024K, 7 young (7168K), 7 survivors (7168K)
 Metaspace       used 78927K, committed 80832K, reserved 1179648K
  class space    used 10503K, committed 11456K, reserved 1048576K
}
Event: 17.605 GC heap before
{Heap before GC invocations=54 (full 0):
 garbage-first heap   total 784384K, used 598923K [0x0000000080000000, 0x0000000100000000)
  region size 1024K, 459 young (470016K), 7 survivors (7168K)
 Metaspace       used 78932K, committed 80832K, reserved 1179648K
  class space    used 10503K, committed 11456K, reserved 1048576K
}
Event: 17.608 GC heap after
{Heap after GC invocations=55 (full 0):
 garbage-first heap   total 784384K, used 128721K [0x0000000080000000, 0x0000000100000000)
  region size 1024K, 3 young (3072K), 3 survivors (3072K)
 Metaspace       used 78932K, committed 80832K, reserved 1179648K
  class space    used 10503K, committed 11456K, reserved 1048576K
}
Event: 19.733 GC heap before
{Heap before GC invocations=55 (full 0):
 garbage-first heap   total 784384K, used 645841K [0x0000000080000000, 0x0000000100000000)
  region size 1024K, 459 young (470016K), 3 survivors (3072K)
 Metaspace       used 115849K, committed 118144K, reserved 1179648K
  class space    used 15233K, committed 16384K, reserved 1048576K
}
Event: 19.753 GC heap after
{Heap after GC invocations=56 (full 0):
 garbage-first heap   total 784384K, used 190037K [0x0000000080000000, 0x0000000100000000)
  region size 1024K, 47 young (48128K), 47 survivors (48128K)
 Metaspace       used 115849K, committed 118144K, reserved 1179648K
  class space    used 15233K, committed 16384K, reserved 1048576K
}
Event: 20.591 GC heap before
{Heap before GC invocations=56 (full 0):
 garbage-first heap   total 784384K, used 324181K [0x0000000080000000, 0x0000000100000000)
  region size 1024K, 178 young (182272K), 47 survivors (48128K)
 Metaspace       used 127290K, committed 129536K, reserved 1179648K
  class space    used 16542K, committed 17664K, reserved 1048576K
}
Event: 20.607 GC heap after
{Heap after GC invocations=57 (full 0):
 garbage-first heap   total 784384K, used 201419K [0x0000000080000000, 0x0000000100000000)
  region size 1024K, 12 young (12288K), 12 survivors (12288K)
 Metaspace       used 127290K, committed 129536K, reserved 1179648K
  class space    used 16542K, committed 17664K, reserved 1048576K
}
Event: 22.908 GC heap before
{Heap before GC invocations=58 (full 0):
 garbage-first heap   total 669696K, used 603851K [0x0000000080000000, 0x0000000100000000)
  region size 1024K, 392 young (401408K), 12 survivors (12288K)
 Metaspace       used 162961K, committed 165504K, reserved 1245184K
  class space    used 20620K, committed 21888K, reserved 1048576K
}
Event: 22.920 GC heap after
{Heap after GC invocations=59 (full 0):
 garbage-first heap   total 669696K, used 230044K [0x0000000080000000, 0x0000000100000000)
  region size 1024K, 32 young (32768K), 32 survivors (32768K)
 Metaspace       used 162961K, committed 165504K, reserved 1245184K
  class space    used 20620K, committed 21888K, reserved 1048576K
}
Event: 24.993 GC heap before
{Heap before GC invocations=59 (full 0):
 garbage-first heap   total 669696K, used 600732K [0x0000000080000000, 0x0000000100000000)
  region size 1024K, 392 young (401408K), 32 survivors (32768K)
 Metaspace       used 176242K, committed 178944K, reserved 1245184K
  class space    used 22130K, committed 23488K, reserved 1048576K
}
Event: 25.006 GC heap after
{Heap after GC invocations=60 (full 0):
 garbage-first heap   total 669696K, used 231327K [0x0000000080000000, 0x0000000100000000)
  region size 1024K, 27 young (27648K), 27 survivors (27648K)
 Metaspace       used 176242K, committed 178944K, reserved 1245184K
  class space    used 22130K, committed 23488K, reserved 1048576K
}
Event: 25.134 GC heap before
{Heap before GC invocations=60 (full 0):
 garbage-first heap   total 669696K, used 257951K [0x0000000080000000, 0x0000000100000000)
  region size 1024K, 54 young (55296K), 27 survivors (27648K)
 Metaspace       used 177986K, committed 180672K, reserved 1245184K
  class space    used 22395K, committed 23744K, reserved 1048576K
}
Event: 25.143 GC heap after
{Heap after GC invocations=61 (full 0):
 garbage-first heap   total 669696K, used 233065K [0x0000000080000000, 0x0000000100000000)
  region size 1024K, 29 young (29696K), 29 survivors (29696K)
 Metaspace       used 177986K, committed 180672K, reserved 1245184K
  class space    used 22395K, committed 23744K, reserved 1048576K
}
Event: 37.799 GC heap before
{Heap before GC invocations=62 (full 0):
 garbage-first heap   total 669696K, used 629353K [0x0000000080000000, 0x0000000100000000)
  region size 1024K, 391 young (400384K), 29 survivors (29696K)
 Metaspace       used 192449K, committed 195200K, reserved 1245184K
  class space    used 24229K, committed 25600K, reserved 1048576K
}
Event: 37.814 GC heap after
{Heap after GC invocations=63 (full 0):
 garbage-first heap   total 673792K, used 260342K [0x0000000080000000, 0x0000000100000000)
  region size 1024K, 21 young (21504K), 21 survivors (21504K)
 Metaspace       used 192449K, committed 195200K, reserved 1245184K
  class space    used 24229K, committed 25600K, reserved 1048576K
}

Dll operation events (3 events):
Event: 0.006 Loaded shared library C:\Program Files\Android\Android Studio\jbr\bin\java.dll
Event: 0.009 Loaded shared library C:\Program Files\Android\Android Studio\jbr\bin\zip.dll
Event: 0.293 Loaded shared library C:\Program Files\Android\Android Studio\jbr\bin\verify.dll

Deoptimization events (20 events):
Event: 51.853 Thread 0x000001f76cfefd60 Uncommon trap: trap_request=0xffffff45 fr.pc=0x000001f759249d78 relative=0x00000000000053f8
Event: 51.853 Thread 0x000001f76cfefd60 Uncommon trap: reason=unstable_if action=reinterpret pc=0x000001f759249d78 method=sun.security.ssl.SSLCipher$T13GcmReadCipherGenerator$GcmReadCipher.decrypt(BLjava/nio/ByteBuffer;[B)Lsun/security/ssl/Plaintext; @ 7 c2
Event: 51.853 Thread 0x000001f76cfefd60 DEOPT PACKING pc=0x000001f759249d78 sp=0x00000012c2ef7f20
Event: 51.853 Thread 0x000001f76cfefd60 DEOPT UNPACKING pc=0x000001f7582a46a2 sp=0x00000012c2ef7ef0 mode 2
Event: 51.855 Thread 0x000001f76cfefd60 Uncommon trap: trap_request=0xffffffbe fr.pc=0x000001f75948a95c relative=0x000000000000067c
Event: 51.855 Thread 0x000001f76cfefd60 Uncommon trap: reason=profile_predicate action=maybe_recompile pc=0x000001f75948a95c method=java.math.BigInteger.montReduce([I[III)[I @ 9 c2
Event: 51.855 Thread 0x000001f76cfefd60 DEOPT PACKING pc=0x000001f75948a95c sp=0x00000012c2ef70a0
Event: 51.855 Thread 0x000001f76cfefd60 DEOPT UNPACKING pc=0x000001f7582a46a2 sp=0x00000012c2ef7070 mode 2
Event: 51.855 Thread 0x000001f76cfefd60 Uncommon trap: trap_request=0xffffffbe fr.pc=0x000001f75948a95c relative=0x000000000000067c
Event: 51.855 Thread 0x000001f76cfefd60 Uncommon trap: reason=profile_predicate action=maybe_recompile pc=0x000001f75948a95c method=java.math.BigInteger.montReduce([I[III)[I @ 9 c2
Event: 51.855 Thread 0x000001f76cfefd60 DEOPT PACKING pc=0x000001f75948a95c sp=0x00000012c2ef70a0
Event: 51.855 Thread 0x000001f76cfefd60 DEOPT UNPACKING pc=0x000001f7582a46a2 sp=0x00000012c2ef7070 mode 2
Event: 51.857 Thread 0x000001f76cfefd60 Uncommon trap: trap_request=0xffffffc6 fr.pc=0x000001f758a2566c relative=0x00000000000006ac
Event: 51.857 Thread 0x000001f76cfefd60 Uncommon trap: reason=bimorphic_or_optimized_type_check action=maybe_recompile pc=0x000001f758a2566c method=java.io.OutputStream.write([B)V @ 5 c2
Event: 51.857 Thread 0x000001f76cfefd60 DEOPT PACKING pc=0x000001f758a2566c sp=0x00000012c2ef7bd0
Event: 51.857 Thread 0x000001f76cfefd60 DEOPT UNPACKING pc=0x000001f7582a46a2 sp=0x00000012c2ef7ba8 mode 2
Event: 51.858 Thread 0x000001f76cfefd60 Uncommon trap: trap_request=0xffffff45 fr.pc=0x000001f7592bfe74 relative=0x0000000000000eb4
Event: 51.858 Thread 0x000001f76cfefd60 Uncommon trap: reason=unstable_if action=reinterpret pc=0x000001f7592bfe74 method=sun.security.ssl.SSLSocketImpl$AppInputStream.available()I @ 4 c2
Event: 51.858 Thread 0x000001f76cfefd60 DEOPT PACKING pc=0x000001f7592bfe74 sp=0x00000012c2ef82b0
Event: 51.858 Thread 0x000001f76cfefd60 DEOPT UNPACKING pc=0x000001f7582a46a2 sp=0x00000012c2ef8228 mode 2

Classes loaded (20 events):
Event: 26.499 Loading class sun/security/rsa/MGF1
Event: 26.499 Loading class sun/security/rsa/MGF1 done
Event: 26.505 Loading class java/text/ParsePosition
Event: 26.505 Loading class java/text/ParsePosition done
Event: 26.505 Loading class java/text/CalendarBuilder
Event: 26.505 Loading class java/text/CalendarBuilder done
Event: 50.706 Loading class java/io/PrintWriter$1
Event: 50.706 Loading class jdk/internal/access/JavaIOPrintWriterAccess
Event: 50.706 Loading class jdk/internal/access/JavaIOPrintWriterAccess done
Event: 50.706 Loading class java/io/PrintWriter$1 done
Event: 50.706 Loading class java/lang/Throwable$WrappedPrintWriter
Event: 50.706 Loading class java/lang/Throwable$PrintStreamOrWriter
Event: 50.706 Loading class java/lang/Throwable$PrintStreamOrWriter done
Event: 50.706 Loading class java/lang/Throwable$WrappedPrintWriter done
Event: 50.707 Loading class java/lang/StackTraceElement$HashedModules
Event: 50.708 Loading class java/lang/StackTraceElement$HashedModules done
Event: 50.758 Loading class java/util/Collections$EmptyListIterator
Event: 50.758 Loading class java/util/Collections$EmptyListIterator done
Event: 51.851 Loading class com/sun/crypto/provider/HmacCore$HmacSHA384
Event: 51.851 Loading class com/sun/crypto/provider/HmacCore$HmacSHA384 done

Classes unloaded (1 events):
Event: 6.106 Thread 0x000001f766484fb0 Unloading class 0x0000000100ac8400 'java/lang/invoke/LambdaForm$DMH+0x0000000100ac8400'

Classes redefined (0 events):
No events

Internal exceptions (20 events):
Event: 25.672 Thread 0x000001f77ae09530 Exception <a 'java/lang/NoSuchMethodError'{0x00000000a1d469c8}: static Lorg/jetbrains/kotlin/android/synthetic/idea/AndroidExtensionsGradleModelImpl;.<clinit>()V> (0x00000000a1d469c8) 
thrown [s\src\hotspot\share\prims\jni.cpp, line 1139]
Event: 25.672 Thread 0x000001f77ae09530 Exception <a 'java/lang/NoSuchMethodError'{0x00000000a1d4ee68}: static Lorg/jetbrains/kotlin/idea/gradleTooling/model/parcelize/ParcelizeGradleModelImpl;.<clinit>()V> (0x00000000a1d4ee68) 
thrown [s\src\hotspot\share\prims\jni.cpp, line 1139]
Event: 25.672 Thread 0x000001f77ae09530 Exception <a 'java/lang/NoSuchMethodError'{0x00000000a1d56e90}: static Lorg/jetbrains/kotlin/idea/gradleTooling/model/assignment/AssignmentModelImpl;.<clinit>()V> (0x00000000a1d56e90) 
thrown [s\src\hotspot\share\prims\jni.cpp, line 1139]
Event: 25.673 Thread 0x000001f77ae09530 Exception <a 'java/lang/NoSuchMethodError'{0x00000000a1d66808}: static Lorg/jetbrains/kotlin/idea/gradleTooling/model/samWithReceiver/SamWithReceiverModelImpl;.<clinit>()V> (0x00000000a1d66808) 
thrown [s\src\hotspot\share\prims\jni.cpp, line 1139]
Event: 25.673 Thread 0x000001f77ae09530 Exception <a 'java/lang/NoSuchMethodError'{0x00000000a1d6f518}: static Lorg/jetbrains/kotlin/idea/gradleTooling/model/noarg/NoArgModelImpl;.<clinit>()V> (0x00000000a1d6f518) 
thrown [s\src\hotspot\share\prims\jni.cpp, line 1139]
Event: 25.673 Thread 0x000001f77ae09530 Exception <a 'java/lang/NoSuchMethodError'{0x00000000a1d78028}: static Lorg/jetbrains/kotlin/idea/gradleTooling/model/allopen/AllOpenModelImpl;.<clinit>()V> (0x00000000a1d78028) 
thrown [s\src\hotspot\share\prims\jni.cpp, line 1139]
Event: 25.675 Thread 0x000001f77ae09530 Exception <a 'java/lang/NoSuchMethodError'{0x00000000a1c24240}: static Lorg/jetbrains/plugins/gradle/tooling/internal/VersionCatalogsModelImpl;.<clinit>()V> (0x00000000a1c24240) 
thrown [s\src\hotspot\share\prims\jni.cpp, line 1139]
Event: 25.747 Thread 0x000001f76cfefd60 Exception <a 'sun/nio/fs/WindowsException'{0x00000000a16def78}> (0x00000000a16def78) 
thrown [s\src\hotspot\share\prims\jni.cpp, line 535]
Event: 26.527 Thread 0x000001f76cfefd60 Implicit null exception at 0x000001f75903f87b to 0x000001f75903f8b4
Event: 26.527 Thread 0x000001f76cfefd60 Implicit null exception at 0x000001f758f0a8bf to 0x000001f758f0ac40
Event: 26.530 Thread 0x000001f76cff1110 Exception <a 'java/lang/NoSuchMethodError'{0x000000009fb88cf0}: static Lorg/gradle/internal/build/event/types/DefaultFileDownloadDescriptor;.<clinit>()V> (0x000000009fb88cf0) 
thrown [s\src\hotspot\share\prims\jni.cpp, line 1139]
Event: 26.585 Thread 0x000001f76cff1110 Exception <a 'java/lang/NoSuchMethodError'{0x000000009fa08ec0}: static Lorg/gradle/internal/build/event/types/DefaultStatusEvent;.<clinit>()V> (0x000000009fa08ec0) 
thrown [s\src\hotspot\share\prims\jni.cpp, line 1139]
Event: 31.579 Thread 0x000001f76cff1110 Exception <a 'java/lang/NoSuchMethodError'{0x000000009d705cb0}: static Lorg/gradle/internal/build/event/types/DefaultFileDownloadSuccessResult;.<clinit>()V> (0x000000009d705cb0) 
thrown [s\src\hotspot\share\prims\jni.cpp, line 1139]
Event: 42.314 Thread 0x000001f76cfefd60 Exception <a 'java/io/IOException'{0x000000009e4345e8}> (0x000000009e4345e8) 
thrown [s\src\hotspot\share\prims\jni.cpp, line 535]
Event: 48.665 Thread 0x000001f76cfefd60 Exception <a 'java/io/FileNotFoundException'{0x000000009b4a5700}> (0x000000009b4a5700) 
thrown [s\src\hotspot\share\prims\jni.cpp, line 535]
Event: 50.748 Thread 0x000001f76cff0a80 Exception <a 'java/lang/NoSuchMethodError'{0x000000009b1ec118}: static Lorg/gradle/internal/operations/MultipleBuildOperationFailures;.<clinit>()V> (0x000000009b1ec118) 
thrown [s\src\hotspot\share\prims\jni.cpp, line 1139]
Event: 50.748 Thread 0x000001f76cff0a80 Exception <a 'java/lang/NoSuchMethodError'{0x000000009b1ef1e8}: static Lorg/gradle/internal/exceptions/DefaultMultiCauseException;.<clinit>()V> (0x000000009b1ef1e8) 
thrown [s\src\hotspot\share\prims\jni.cpp, line 1139]
Event: 50.748 Thread 0x000001f76cff0a80 Exception <a 'java/lang/NoSuchMethodError'{0x000000009b1f3e70}: static Lorg/gradle/api/GradleException;.<clinit>()V> (0x000000009b1f3e70) 
thrown [s\src\hotspot\share\prims\jni.cpp, line 1139]
Event: 50.749 Thread 0x000001f76cff0a80 Exception <a 'java/lang/NoSuchMethodError'{0x000000009b1f6460}: static [Ljava/lang/StackTraceElement;.<clinit>()V> (0x000000009b1f6460) 
thrown [s\src\hotspot\share\prims\jni.cpp, line 1139]
Event: 50.755 Thread 0x000001f76cff0a80 Exception <a 'java/lang/NoSuchMethodError'{0x000000009af0f908}: static Lorg/gradle/internal/execution/OutputSnapshotter$OutputFileSnapshottingException;.<clinit>()V> (0x000000009af0f908) 
thrown [s\src\hotspot\share\prims\jni.cpp, line 1139]

ZGC Phase Switch (0 events):
No events

VM Operations (20 events):
Event: 37.814 Executing VM operation: G1CollectForAllocation (G1 Evacuation Pause) done
Event: 41.861 Executing VM operation: Cleanup
Event: 41.861 Executing VM operation: Cleanup done
Event: 42.872 Executing VM operation: Cleanup
Event: 43.558 Executing VM operation: Cleanup done
Event: 44.560 Executing VM operation: Cleanup
Event: 44.593 Executing VM operation: Cleanup done
Event: 45.608 Executing VM operation: Cleanup
Event: 45.608 Executing VM operation: Cleanup done
Event: 46.611 Executing VM operation: Cleanup
Event: 46.611 Executing VM operation: Cleanup done
Event: 48.669 Executing VM operation: HandshakeAllThreads (Deoptimize)
Event: 48.669 Executing VM operation: HandshakeAllThreads (Deoptimize) done
Event: 49.685 Executing VM operation: HandshakeAllThreads (Deoptimize)
Event: 49.685 Executing VM operation: HandshakeAllThreads (Deoptimize) done
Event: 50.690 Executing VM operation: Cleanup
Event: 50.706 Executing VM operation: Cleanup done
Event: 50.786 Executing VM operation: ICBufferFull
Event: 50.786 Executing VM operation: ICBufferFull done
Event: 52.794 Executing VM operation: Cleanup

Memory protections (0 events):
No events

Nmethod flushes (20 events):
Event: 25.193 Thread 0x000001f766484fb0 flushing  nmethod 0x000001f75242ba10
Event: 25.193 Thread 0x000001f766484fb0 flushing  nmethod 0x000001f75242bd90
Event: 25.193 Thread 0x000001f766484fb0 flushing  nmethod 0x000001f75242cc90
Event: 25.193 Thread 0x000001f766484fb0 flushing  nmethod 0x000001f75242df90
Event: 25.193 Thread 0x000001f766484fb0 flushing  nmethod 0x000001f75242e410
Event: 25.193 Thread 0x000001f766484fb0 flushing  nmethod 0x000001f75242e990
Event: 25.193 Thread 0x000001f766484fb0 flushing  nmethod 0x000001f75242ef10
Event: 25.193 Thread 0x000001f766484fb0 flushing  nmethod 0x000001f75242fd10
Event: 25.193 Thread 0x000001f766484fb0 flushing  nmethod 0x000001f752431890
Event: 25.193 Thread 0x000001f766484fb0 flushing  nmethod 0x000001f752432490
Event: 25.193 Thread 0x000001f766484fb0 flushing  nmethod 0x000001f75260b510
Event: 25.193 Thread 0x000001f766484fb0 flushing  nmethod 0x000001f75260ca90
Event: 25.193 Thread 0x000001f766484fb0 flushing  nmethod 0x000001f7526ee090
Event: 25.193 Thread 0x000001f766484fb0 flushing  nmethod 0x000001f7526eee10
Event: 25.193 Thread 0x000001f766484fb0 flushing  nmethod 0x000001f7526f1110
Event: 25.193 Thread 0x000001f766484fb0 flushing  nmethod 0x000001f7526f1c10
Event: 25.193 Thread 0x000001f766484fb0 flushing  nmethod 0x000001f7526ff590
Event: 25.193 Thread 0x000001f766484fb0 flushing  nmethod 0x000001f752701190
Event: 25.193 Thread 0x000001f766484fb0 flushing  nmethod 0x000001f752866710
Event: 25.193 Thread 0x000001f766484fb0 flushing  nmethod 0x000001f75286a990

Events (20 events):
Event: 26.134 Thread 0x000001f76cdd9940 Thread exited: 0x000001f76cdd9940
Event: 26.476 Thread 0x000001f779913000 Thread exited: 0x000001f779913000
Event: 26.523 Thread 0x000001f76cfefd60 Thread added: 0x000001f77ae0af70
Event: 27.549 Thread 0x000001f779912260 Thread exited: 0x000001f779912260
Event: 28.044 Thread 0x000001f76f0774b0 Thread exited: 0x000001f76f0774b0
Event: 28.051 Thread 0x000001f76f073760 Thread exited: 0x000001f76f073760
Event: 28.133 Thread 0x000001f76f076710 Thread exited: 0x000001f76f076710
Event: 30.888 Thread 0x000001f76cdd7730 Thread exited: 0x000001f76cdd7730
Event: 42.002 Thread 0x000001f76650c2a0 Thread added: 0x000001f76cdd7730
Event: 43.558 Thread 0x000001f76650c2a0 Thread added: 0x000001f76cdd84d0
Event: 43.558 Thread 0x000001f76650c2a0 Thread added: 0x000001f76cdd9940
Event: 44.595 Thread 0x000001f76cdd7730 Thread added: 0x000001f76f076710
Event: 44.595 Thread 0x000001f76cdd7730 Thread added: 0x000001f76f074500
Event: 44.595 Thread 0x000001f76cdd7730 Thread added: 0x000001f76f073760
Event: 44.595 Thread 0x000001f76cdd7730 Thread added: 0x000001f76f0774b0
Event: 50.709 Thread 0x000001f76650c2a0 Thread added: 0x000001f77a9288a0
Event: 50.709 Thread 0x000001f76650c2a0 Thread added: 0x000001f77a928f70
Event: 50.709 Thread 0x000001f76650c2a0 Thread added: 0x000001f779913000
Event: 51.817 Thread 0x000001f779913000 Thread exited: 0x000001f779913000
Event: 51.817 Thread 0x000001f77a928f70 Thread exited: 0x000001f77a928f70


Dynamic libraries:
0x00007ff635d20000 - 0x00007ff635d2a000 	C:\Program Files\Android\Android Studio\jbr\bin\java.exe
0x00007ffed9fe0000 - 0x00007ffeda247000 	C:\WINDOWS\SYSTEM32\ntdll.dll
0x00007ffed83d0000 - 0x00007ffed8499000 	C:\WINDOWS\System32\KERNEL32.DLL
0x00007ffed75a0000 - 0x00007ffed798f000 	C:\WINDOWS\System32\KERNELBASE.dll
0x00007ffed7b00000 - 0x00007ffed7c4b000 	C:\WINDOWS\System32\ucrtbase.dll
0x00007ffed3b90000 - 0x00007ffed3bab000 	C:\Program Files\Android\Android Studio\jbr\bin\VCRUNTIME140.dll
0x00007ffec8da0000 - 0x00007ffec8db8000 	C:\Program Files\Android\Android Studio\jbr\bin\jli.dll
0x00007ffed9370000 - 0x00007ffed9535000 	C:\WINDOWS\System32\USER32.dll
0x00007ffed74b0000 - 0x00007ffed74d7000 	C:\WINDOWS\System32\win32u.dll
0x00007ffec24a0000 - 0x00007ffec2733000 	C:\WINDOWS\WinSxS\amd64_microsoft.windows.common-controls_6595b64144ccf1df_6.0.26100.7309_none_3e05feeae336a044\COMCTL32.dll
0x00007ffed8be0000 - 0x00007ffed8c0b000 	C:\WINDOWS\System32\GDI32.dll
0x00007ffed7d80000 - 0x00007ffed7e29000 	C:\WINDOWS\System32\msvcrt.dll
0x00007ffed7c50000 - 0x00007ffed7d7c000 	C:\WINDOWS\System32\gdi32full.dll
0x00007ffed79a0000 - 0x00007ffed7a43000 	C:\WINDOWS\System32\msvcp_win.dll
0x00007ffed8c10000 - 0x00007ffed8c41000 	C:\WINDOWS\System32\IMM32.DLL
0x00007ffece780000 - 0x00007ffece78c000 	C:\Program Files\Android\Android Studio\jbr\bin\vcruntime140_1.dll
0x00007ffe8ccd0000 - 0x00007ffe8cd5d000 	C:\Program Files\Android\Android Studio\jbr\bin\msvcp140.dll
0x00007ffe41350000 - 0x00007ffe41fdb000 	C:\Program Files\Android\Android Studio\jbr\bin\server\jvm.dll
0x00007ffed8f90000 - 0x00007ffed9044000 	C:\WINDOWS\System32\ADVAPI32.dll
0x00007ffed7f00000 - 0x00007ffed7fa6000 	C:\WINDOWS\System32\sechost.dll
0x00007ffed9ca0000 - 0x00007ffed9db8000 	C:\WINDOWS\System32\RPCRT4.dll
0x00007ffed8520000 - 0x00007ffed8594000 	C:\WINDOWS\System32\WS2_32.dll
0x00007ffed6f90000 - 0x00007ffed6fee000 	C:\WINDOWS\SYSTEM32\POWRPROF.dll
0x00007ffec2f60000 - 0x00007ffec2f6b000 	C:\WINDOWS\SYSTEM32\VERSION.dll
0x00007ffecf1a0000 - 0x00007ffecf1d5000 	C:\WINDOWS\SYSTEM32\WINMM.dll
0x00007ffed6f70000 - 0x00007ffed6f84000 	C:\WINDOWS\SYSTEM32\UMPDC.dll
0x00007ffed5e40000 - 0x00007ffed5e5b000 	C:\WINDOWS\SYSTEM32\kernel.appcore.dll
0x00007ffece770000 - 0x00007ffece77a000 	C:\Program Files\Android\Android Studio\jbr\bin\jimage.dll
0x00007ffed4740000 - 0x00007ffed4982000 	C:\WINDOWS\SYSTEM32\DBGHELP.DLL
0x00007ffed8040000 - 0x00007ffed83c6000 	C:\WINDOWS\System32\combase.dll
0x00007ffed8e80000 - 0x00007ffed8f56000 	C:\WINDOWS\System32\OLEAUT32.dll
0x00007ffea3b80000 - 0x00007ffea3bbc000 	C:\WINDOWS\SYSTEM32\dbgcore.DLL
0x00007ffed7a50000 - 0x00007ffed7af5000 	C:\WINDOWS\System32\bcryptPrimitives.dll
0x00007ffec8d90000 - 0x00007ffec8d9e000 	C:\Program Files\Android\Android Studio\jbr\bin\instrument.dll
0x00007ffec8980000 - 0x00007ffec89a0000 	C:\Program Files\Android\Android Studio\jbr\bin\java.dll
0x00007ffec8960000 - 0x00007ffec8978000 	C:\Program Files\Android\Android Studio\jbr\bin\zip.dll
0x00007ffed9540000 - 0x00007ffed9c93000 	C:\WINDOWS\System32\SHELL32.dll
0x00007ffed71c0000 - 0x00007ffed732a000 	C:\WINDOWS\System32\wintypes.dll
0x00007ffed4d10000 - 0x00007ffed556e000 	C:\WINDOWS\SYSTEM32\windows.storage.dll
0x00007ffed9270000 - 0x00007ffed9365000 	C:\WINDOWS\System32\SHCORE.dll
0x00007ffed7fd0000 - 0x00007ffed8036000 	C:\WINDOWS\System32\shlwapi.dll
0x00007ffed7050000 - 0x00007ffed7079000 	C:\WINDOWS\SYSTEM32\profapi.dll
0x00007ffece760000 - 0x00007ffece770000 	C:\Program Files\Android\Android Studio\jbr\bin\net.dll
0x00007ffed0fe0000 - 0x00007ffed1108000 	C:\WINDOWS\SYSTEM32\WINHTTP.dll
0x00007ffed63f0000 - 0x00007ffed645b000 	C:\WINDOWS\system32\mswsock.dll
0x00007ffec8000000 - 0x00007ffec8016000 	C:\Program Files\Android\Android Studio\jbr\bin\nio.dll
0x00007ffed3b60000 - 0x00007ffed3b70000 	C:\Program Files\Android\Android Studio\jbr\bin\verify.dll
0x00007ffec88f0000 - 0x00007ffec8917000 	C:\Users\PC-1802\.gradle\native\c067742578af261105cb4f569cf0c3c89f3d7b1fecec35dd04571415982c5e48\windows-amd64\native-platform.dll
0x00007ffe831e0000 - 0x00007ffe83324000 	C:\Users\PC-1802\.gradle\native\100fb08df4bc3b14c8652ba06237920a3bd2aa13389f12d3474272988ae205f9\windows-amd64\native-platform-file-events.dll
0x00007ffeb8780000 - 0x00007ffeb8789000 	C:\Program Files\Android\Android Studio\jbr\bin\management.dll
0x00007ffeb5c10000 - 0x00007ffeb5c1b000 	C:\Program Files\Android\Android Studio\jbr\bin\management_ext.dll
0x00007ffed7ef0000 - 0x00007ffed7ef8000 	C:\WINDOWS\System32\PSAPI.DLL
0x00007ffed67e0000 - 0x00007ffed67fb000 	C:\WINDOWS\SYSTEM32\CRYPTSP.dll
0x00007ffed5e00000 - 0x00007ffed5e3a000 	C:\WINDOWS\system32\rsaenh.dll
0x00007ffed64a0000 - 0x00007ffed64cb000 	C:\WINDOWS\SYSTEM32\USERENV.dll
0x00007ffed7020000 - 0x00007ffed704a000 	C:\WINDOWS\SYSTEM32\bcrypt.dll
0x00007ffed67c0000 - 0x00007ffed67cc000 	C:\WINDOWS\SYSTEM32\CRYPTBASE.dll
0x00007ffed5940000 - 0x00007ffed5974000 	C:\WINDOWS\SYSTEM32\IPHLPAPI.DLL
0x00007ffed8bd0000 - 0x00007ffed8bda000 	C:\WINDOWS\System32\NSI.dll
0x00007ffec7a20000 - 0x00007ffec7a29000 	C:\Program Files\Android\Android Studio\jbr\bin\extnet.dll
0x00007ffebece0000 - 0x00007ffebece8000 	C:\WINDOWS\system32\wshunix.dll
0x00007ffed5a20000 - 0x00007ffed5b4c000 	C:\WINDOWS\SYSTEM32\DNSAPI.dll
0x00007ffec7ce0000 - 0x00007ffec7ceb000 	C:\Windows\System32\rasadhlp.dll
0x00007ffecef90000 - 0x00007ffecf016000 	C:\WINDOWS\System32\fwpuclnt.dll

dbghelp: loaded successfully - version: 4.0.5 - missing functions: none
symbol engine: initialized successfully - sym options: 0x614 - pdb path: .;C:\Program Files\Android\Android Studio\jbr\bin;C:\WINDOWS\SYSTEM32;C:\WINDOWS\WinSxS\amd64_microsoft.windows.common-controls_6595b64144ccf1df_6.0.26100.7309_none_3e05feeae336a044;C:\Program Files\Android\Android Studio\jbr\bin\server;C:\Users\PC-1802\.gradle\native\c067742578af261105cb4f569cf0c3c89f3d7b1fecec35dd04571415982c5e48\windows-amd64;C:\Users\PC-1802\.gradle\native\100fb08df4bc3b14c8652ba06237920a3bd2aa13389f12d3474272988ae205f9\windows-amd64

VM Arguments:
jvm_args: --add-opens=java.base/java.lang=ALL-UNNAMED --add-opens=java.base/java.lang.invoke=ALL-UNNAMED --add-opens=java.base/java.util=ALL-UNNAMED --add-opens=java.prefs/java.util.prefs=ALL-UNNAMED --add-exports=jdk.compiler/com.sun.tools.javac.api=ALL-UNNAMED --add-exports=jdk.compiler/com.sun.tools.javac.util=ALL-UNNAMED --add-opens=java.base/java.util=ALL-UNNAMED --add-opens=java.prefs/java.util.prefs=ALL-UNNAMED --add-opens=java.base/java.nio.charset=ALL-UNNAMED --add-opens=java.base/java.net=ALL-UNNAMED --add-opens=java.base/java.util.concurrent.atomic=ALL-UNNAMED --add-opens=java.xml/javax.xml.namespace=ALL-UNNAMED -Xmx2048m -Dfile.encoding=UTF-8 -Duser.country=US -Duser.language=en -Duser.variant -javaagent:C:\Users\PC-1802\.gradle\wrapper\dists\gradle-8.11.1-bin\bpt9gzteqjrbo1mjrsomdt32c\gradle-8.11.1\lib\agents\gradle-instrumentation-agent-8.11.1.jar 
java_command: org.gradle.launcher.daemon.bootstrap.GradleDaemon 8.11.1
java_class_path (initial): C:\Users\PC-1802\.gradle\wrapper\dists\gradle-8.11.1-bin\bpt9gzteqjrbo1mjrsomdt32c\gradle-8.11.1\lib\gradle-daemon-main-8.11.1.jar
Launcher Type: SUN_STANDARD

[Global flags]
     intx CICompilerCount                          = 12                                        {product} {ergonomic}
     uint ConcGCThreads                            = 4                                         {product} {ergonomic}
     uint G1ConcRefinementThreads                  = 15                                        {product} {ergonomic}
   size_t G1HeapRegionSize                         = 1048576                                   {product} {ergonomic}
    uintx GCDrainStackTargetSize                   = 64                                        {product} {ergonomic}
   size_t InitialHeapSize                          = 264241152                                 {product} {ergonomic}
   size_t MarkStackSize                            = 4194304                                   {product} {ergonomic}
   size_t MaxHeapSize                              = 2147483648                                {product} {command line}
   size_t MaxNewSize                               = 1287651328                                {product} {ergonomic}
   size_t MinHeapDeltaBytes                        = 1048576                                   {product} {ergonomic}
   size_t MinHeapSize                              = 8388608                                   {product} {ergonomic}
    uintx NonNMethodCodeHeapSize                   = 7602480                                {pd product} {ergonomic}
    uintx NonProfiledCodeHeapSize                  = 122027880                              {pd product} {ergonomic}
    uintx ProfiledCodeHeapSize                     = 122027880                              {pd product} {ergonomic}
    uintx ReservedCodeCacheSize                    = 251658240                              {pd product} {ergonomic}
     bool SegmentedCodeCache                       = true                                      {product} {ergonomic}
   size_t SoftMaxHeapSize                          = 2147483648                             {manageable} {ergonomic}
     bool UseCompressedOops                        = true                           {product lp64_product} {ergonomic}
     bool UseG1GC                                  = true                                      {product} {ergonomic}
     bool UseLargePagesIndividualAllocation        = false                                  {pd product} {ergonomic}

Logging:
Log output configuration:
 #0: stdout all=warning uptime,level,tags foldmultilines=false
 #1: stderr all=off uptime,level,tags foldmultilines=false

Environment Variables:
PATH=C:\Program Files\Common Files\Oracle\Java\javapath;C:\Program Files (x86)\VMware\VMware Workstation\bin\;C:\WINDOWS\system32;C:\WINDOWS;C:\WINDOWS\System32\Wbem;C:\WINDOWS\System32\WindowsPowerShell\v1.0\;C:\WINDOWS\System32\OpenSSH\;C:\Program Files\dotnet\;C:\Program Files (x86)\AOMEI Backupper;C:\Program Files (x86)\Windows Kits\10\Windows Performance Toolkit\;C:\Program Files\Git\cmd;C:\Program Files\nodejs\;C:\ProgramData\chocolatey\bin;C:\Program Files\Docker\Docker\resources\bin;C:\Users\PC-1802\AppData\Local\Programs\Python\Python313\Scripts\;C:\Users\PC-1802\AppData\Local\Programs\Python\Python313\;C:\Users\PC-1802\AppData\Local\Microsoft\WindowsApps;;C:\Users\PC-1802\AppData\Local\Programs\Microsoft VS Code\bin;C:\Users\PC-1802\.dotnet\tools;C:\Users\PC-1802\AppData\Roaming\npm;C:\Program Files\JetBrains\IntelliJ IDEA Community Edition 2025.1.1.1\bin;
USERNAME=PC-1802
OS=Windows_NT
PROCESSOR_IDENTIFIER=Intel64 Family 6 Model 151 Stepping 2, GenuineIntel
TMP=C:\Users\PC-1802\AppData\Local\Temp
TEMP=C:\Users\PC-1802\AppData\Local\Temp




Periodic native trim disabled

JNI global refs:
JNI global refs: 39, weak refs: 8

JNI global refs memory usage: 835, weak refs: 833

Process memory usage:
Resident Set Size: 1209248K (7% of 16458476K total physical memory with 2329068K free physical memory)

OOME stack traces (most recent first):
Classloader memory used:
Loader org.gradle.internal.classloader.VisitableURLClassLoader                         : 107M
Loader bootstrap                                                                       : 33899K
Loader org.gradle.internal.classloader.VisitableURLClassLoader$InstrumentingVisitableURLClassLoader: 30061K
Loader org.gradle.initialization.MixInLegacyTypesClassLoader                           : 14655K
Loader org.gradle.internal.classloader.VisitableURLClassLoader                         : 1930K
Loader jdk.internal.loader.ClassLoaders$PlatformClassLoader                            : 805K
Loader jdk.internal.reflect.DelegatingClassLoader                                      : 568K
Loader jdk.internal.jrtfs.JrtFileSystemProvider$JrtFsLoader                            : 342K
Loader jdk.internal.loader.ClassLoaders$AppClassLoader                                 : 235K
Loader org.gradle.groovy.scripts.internal.DefaultScriptCompilationHandler$ScriptClassLoader: 89712B
Loader org.codehaus.groovy.runtime.callsite.CallSiteClassLoader                        : 53080B

Classes loaded by more than one classloader:
Class Program                                                                         : loaded 5 times (x 68B)
Class org.gradle.internal.Cast                                                        : loaded 3 times (x 67B)
Class org.gradle.api.Action                                                           : loaded 3 times (x 66B)
Class Build_gradle$1                                                                  : loaded 3 times (x 70B)
Class org.gradle.internal.IoActions                                                   : loaded 3 times (x 67B)
Class org.gradle.api.UncheckedIOException                                             : loaded 3 times (x 78B)
Class org.gradle.api.GradleException                                                  : loaded 3 times (x 78B)
Class Build_gradle                                                                    : loaded 3 times (x 126B)
Class jdk.internal.jimage.BasicImageReader                                            : loaded 2 times (x 91B)
Class com.intellij.gradle.toolingExtension.impl.model.sourceSetModel.GradleSourceSetSerialisationService$Companion: loaded 2 times (x 67B)
Class org.gradle.internal.classloader.ClassLoaderHierarchy                            : loaded 2 times (x 66B)
Class com.google.common.collect.ImmutableEnumSet                                      : loaded 2 times (x 142B)
Class com.google.common.util.concurrent.ExecutionError                                : loaded 2 times (x 78B)
Class com.google.common.collect.ImmutableList$1                                       : loaded 2 times (x 93B)
Class org.jetbrains.plugins.gradle.tooling.util.IntObjectMap$ObjectFactory            : loaded 2 times (x 66B)
Class org.gradle.tooling.model.build.GradleEnvironment                                : loaded 2 times (x 66B)
Class org.gradle.api.internal.classpath.ManifestUtil                                  : loaded 2 times (x 67B)
Class com.google.common.collect.RegularImmutableMap                                   : loaded 2 times (x 117B)
Class com.google.common.collect.ImmutableMap$MapViewOfValuesAsSingletonSets           : loaded 2 times (x 122B)
Class org.jetbrains.plugins.gradle.model.GradleExtensions                             : loaded 2 times (x 66B)
Class org.jetbrains.plugins.gradle.model.AnnotationProcessingModel                    : loaded 2 times (x 66B)
Class org.gradle.tooling.internal.adapter.TargetTypeProvider                          : loaded 2 times (x 66B)
Class [Lorg.objectweb.asm.Symbol;                                                     : loaded 2 times (x 65B)
Class org.objectweb.asm.ClassVisitor                                                  : loaded 2 times (x 84B)
Class com.google.common.collect.UnmodifiableListIterator                              : loaded 2 times (x 91B)
Class jdk.internal.jimage.decompressor.StringSharingDecompressorFactory               : loaded 2 times (x 70B)
Class org.gradle.internal.operations.MultipleBuildOperationFailures                   : loaded 2 times (x 91B)
Class com.google.common.base.Platform$JdkPatternCompiler                              : loaded 2 times (x 71B)
Class org.objectweb.asm.MethodTooLargeException                                       : loaded 2 times (x 79B)
Class [Lcom.google.common.cache.CacheBuilder$OneWeigher;                              : loaded 2 times (x 65B)
Class com.google.common.base.Suppliers                                                : loaded 2 times (x 67B)
Class com.intellij.util.containers.IntObjectHashMap$ArrayProducer                     : loaded 2 times (x 66B)
Class org.jetbrains.kotlin.idea.gradleTooling.model.noarg.NoArgModel                  : loaded 2 times (x 66B)
Class org.gradle.internal.classloader.DefaultClassLoaderFactory                       : loaded 2 times (x 78B)
Class com.google.common.base.CharMatcher$None                                         : loaded 2 times (x 108B)
Class kotlin.collections.AbstractList$Companion                                       : loaded 2 times (x 67B)
Class org.gradle.internal.classloader.ClassLoaderVisitor                              : loaded 2 times (x 72B)
Class [Lcom.google.common.collect.ImmutableMapEntry;                                  : loaded 2 times (x 65B)
Class org.jetbrains.plugins.gradle.tooling.serialization.internal.IdeaProjectSerializationService: loaded 2 times (x 73B)
Class org.gradle.api.internal.classpath.EffectiveClassPath                            : loaded 2 times (x 86B)
Class com.google.common.collect.ImmutableRangeSet                                     : loaded 2 times (x 111B)
Class com.google.common.collect.ListMultimap                                          : loaded 2 times (x 66B)
Class com.google.common.collect.ImmutableEnumMap                                      : loaded 2 times (x 122B)
Class org.gradle.tooling.internal.gradle.DefaultProjectIdentifier                     : loaded 2 times (x 82B)
Class com.google.common.collect.Sets$1                                                : loaded 2 times (x 135B)
Class org.objectweb.asm.AnnotationVisitor                                             : loaded 2 times (x 74B)
Class com.google.common.base.Splitter                                                 : loaded 2 times (x 68B)
Class com.intellij.gradle.toolingExtension.impl.model.buildScriptClasspathModel.GradleBuildScriptClasspathSerializationService$ReadContext: loaded 2 times (x 68B)
Class org.gradle.internal.impldep.gnu.trove.TObjectIntHashMap                         : loaded 2 times (x 105B)
Class org.jetbrains.kotlin.idea.gradleTooling.model.allopen.AllOpenModel              : loaded 2 times (x 66B)
Class org.gradle.api.internal.DefaultClassPathProvider                                : loaded 2 times (x 72B)
Class com.google.common.collect.Sets$2                                                : loaded 2 times (x 135B)
Class [Lorg.gradle.api.internal.ClassPathProvider;                                    : loaded 2 times (x 65B)
Class org.gradle.api.internal.ClassPathProvider                                       : loaded 2 times (x 66B)
Class [Lorg.objectweb.asm.AnnotationVisitor;                                          : loaded 2 times (x 65B)
Class com.google.common.collect.Sets$3                                                : loaded 2 times (x 135B)
Class com.google.common.util.concurrent.AbstractFuture$SafeAtomicHelper               : loaded 2 times (x 75B)
Class com.google.common.cache.LocalCache$LocalLoadingCache                            : loaded 2 times (x 130B)
Class com.google.common.base.AbstractIterator$State                                   : loaded 2 times (x 75B)
Class jdk.internal.jrtfs.SystemImage                                                  : loaded 2 times (x 70B)
Class org.gradle.internal.impldep.gnu.trove.TObjectHash$NULL                          : loaded 2 times (x 67B)
Class org.gradle.internal.service.UnknownServiceException                             : loaded 2 times (x 79B)
Class com.google.common.collect.Sets$4                                                : loaded 2 times (x 135B)
Class org.objectweb.asm.ModuleVisitor                                                 : loaded 2 times (x 77B)
Class com.google.common.cache.LocalCache$Strength$1                                   : loaded 2 times (x 77B)
Class org.jetbrains.kotlin.idea.gradleTooling.KotlinDslScriptAdditionalTask           : loaded 2 times (x 66B)
Class org.jetbrains.plugins.gradle.model.ClasspathEntryModel                          : loaded 2 times (x 66B)
Class com.google.common.util.concurrent.SettableFuture                                : loaded 2 times (x 110B)
Class com.google.common.cache.LocalCache$Strength$2                                   : loaded 2 times (x 77B)
Class org.jetbrains.plugins.gradle.tooling.serialization.GradleExtensionsSerializationService: loaded 2 times (x 73B)
Class org.gradle.tooling.model.Dependency                                             : loaded 2 times (x 66B)
Class com.google.common.cache.LocalCache$Strength$3                                   : loaded 2 times (x 77B)
Class com.google.common.collect.MapDifference                                         : loaded 2 times (x 66B)
Class com.google.common.base.Splitter$1                                               : loaded 2 times (x 73B)
Class com.intellij.openapi.externalSystem.model.project.dependencies.ResolutionState  : loaded 2 times (x 75B)
Class org.objectweb.asm.FieldWriter                                                   : loaded 2 times (x 74B)
Class com.google.common.cache.CacheBuilder$NullListener                               : loaded 2 times (x 78B)
Class org.gradle.internal.classpath.TransformedClassPath                              : loaded 2 times (x 92B)
Class org.gradle.internal.classloader.InstrumentingClassLoader                        : loaded 2 times (x 66B)
Class com.google.common.collect.ImmutableRangeSet$AsSet                               : loaded 2 times (x 296B)
Class com.google.common.cache.CacheLoader$FunctionToCacheLoader                       : loaded 2 times (x 71B)
Class com.google.common.collect.Iterators$ArrayItr                                    : loaded 2 times (x 93B)
Class com.google.common.collect.ImmutableCollection$Builder                           : loaded 2 times (x 72B)
Class jdk.internal.jrtfs.SystemImage$1                                                : loaded 2 times (x 74B)
Class kotlin.enums.EnumEntriesList                                                    : loaded 2 times (x 219B)
Class com.google.common.base.Joiner                                                   : loaded 2 times (x 75B)
Class com.google.common.base.MoreObjects                                              : loaded 2 times (x 67B)
Class jdk.internal.jrtfs.SystemImage$2                                                : loaded 2 times (x 72B)
Class com.google.common.collect.Platform                                              : loaded 2 times (x 67B)
Class [Lorg.objectweb.asm.Type;                                                       : loaded 2 times (x 65B)
Class com.google.common.collect.UnmodifiableIterator                                  : loaded 2 times (x 76B)
Class org.jetbrains.plugins.gradle.model.IntelliJSettings                             : loaded 2 times (x 66B)
Class org.jetbrains.kotlin.idea.gradleTooling.KotlinSourceSetContainer                : loaded 2 times (x 66B)
Class org.gradle.internal.service.ServiceLocator                                      : loaded 2 times (x 66B)
Class com.google.common.collect.HashBiMap$BiEntry                                     : loaded 2 times (x 79B)
Class com.google.common.base.Ascii                                                    : loaded 2 times (x 67B)
Class com.google.common.collect.SingletonImmutableBiMap                               : loaded 2 times (x 139B)
Class com.google.common.cache.LocalCache$1                                            : loaded 2 times (x 85B)
Class com.google.common.collect.AbstractMapEntry                                      : loaded 2 times (x 77B)
Class jdk.internal.jrtfs.JrtFileSystemProvider                                        : loaded 2 times (x 97B)
Class org.jetbrains.kotlin.android.synthetic.idea.AndroidExtensionsGradleModel        : loaded 2 times (x 66B)
Class com.intellij.gradle.toolingExtension.util.GradleVersionUtil                     : loaded 2 times (x 67B)
Class org.gradle.tooling.model.UnsupportedMethodException                             : loaded 2 times (x 78B)
Class com.google.common.collect.Sets$ImprovedAbstractSet                              : loaded 2 times (x 131B)
Class com.google.common.collect.ImmutableList$Builder                                 : loaded 2 times (x 73B)
Class com.google.common.collect.AbstractMultimap                                      : loaded 2 times (x 119B)
Class com.google.common.cache.LocalCache$2                                            : loaded 2 times (x 138B)
Class com.google.common.collect.ImmutableRangeSet$1                                   : loaded 2 times (x 206B)
Class com.google.common.util.concurrent.AbstractFuture$UnsafeAtomicHelper$1           : loaded 2 times (x 72B)
Class com.google.common.collect.RegularImmutableAsList                                : loaded 2 times (x 213B)
Class org.jetbrains.plugins.gradle.tooling.serialization.AnnotationProcessingModelSerializationService$WriteContext: loaded 2 times (x 68B)
Class org.gradle.internal.impldep.gnu.trove.THash                                     : loaded 2 times (x 77B)
Class com.google.common.collect.Range                                                 : loaded 2 times (x 83B)
Class com.google.common.util.concurrent.AbstractFuture$Trusted                        : loaded 2 times (x 66B)
Class com.google.common.collect.Iterators                                             : loaded 2 times (x 67B)
Class org.jetbrains.plugins.gradle.tooling.serialization.ProjectDependenciesSerializationService$WriteContext: loaded 2 times (x 68B)
Class org.jetbrains.plugins.gradle.tooling.serialization.ProjectDependenciesSerializationService: loaded 2 times (x 73B)
Class org.gradle.tooling.internal.adapter.CollectionMapper                            : loaded 2 times (x 69B)
Class com.google.common.util.concurrent.UncheckedExecutionException                   : loaded 2 times (x 78B)
Class com.google.common.collect.Lists$StringAsImmutableList                           : loaded 2 times (x 203B)
Class org.gradle.kotlin.dsl.VersionCatalogAccessorsKt                                 : loaded 2 times (x 67B)
Class jdk.internal.jimage.ImageLocation                                               : loaded 2 times (x 86B)
Class jdk.internal.jrtfs.JrtDirectoryStream$1                                         : loaded 2 times (x 79B)
Class org.gradle.internal.impldep.gnu.trove.Equality                                  : loaded 2 times (x 66B)
Class com.intellij.gradle.toolingExtension.impl.model.buildScriptClasspathModel.GradleBuildScriptClasspathSerializationService$WriteContext: loaded 2 times (x 68B)
Class org.gradle.tooling.internal.adapter.ProtocolToModelAdapter                      : loaded 2 times (x 76B)
Class org.gradle.internal.InternalTransformer                                         : loaded 2 times (x 66B)
Class com.google.common.collect.AbstractMapBasedMultimap$KeySet$1                     : loaded 2 times (x 78B)
Class org.objectweb.asm.ClassWriter                                                   : loaded 2 times (x 102B)
Class com.google.common.cache.CacheLoader$UnsupportedLoadingOperationException        : loaded 2 times (x 78B)
Class com.google.common.base.CharMatcher$And                                          : loaded 2 times (x 108B)
Class jdk.internal.jimage.ImageBufferCache$1                                          : loaded 2 times (x 79B)
Class org.gradle.internal.impldep.gnu.trove.TObjectCanonicalHashingStrategy           : loaded 2 times (x 76B)
Class org.gradle.internal.time.DefaultTimer                                           : loaded 2 times (x 76B)
Class org.gradle.internal.classloader.ClasspathUtil$1                                 : loaded 2 times (x 72B)
Class com.google.common.base.Objects                                                  : loaded 2 times (x 67B)
Class org.objectweb.asm.FieldVisitor                                                  : loaded 2 times (x 73B)
Class com.google.common.collect.IndexedImmutableSet                                   : loaded 2 times (x 148B)
Class com.google.common.collect.ImmutableMap$1                                        : loaded 2 times (x 77B)
Class com.google.common.collect.BiMap                                                 : loaded 2 times (x 66B)
Class jdk.internal.jimage.ImageBufferCache$2                                          : loaded 2 times (x 87B)
Class org.gradle.api.internal.classpath.DefaultModuleRegistry$DefaultModule           : loaded 2 times (x 82B)
Class com.google.common.primitives.Ints                                               : loaded 2 times (x 67B)
Class com.google.common.collect.AbstractIterator                                      : loaded 2 times (x 78B)
Class org.jetbrains.kotlin.idea.gradleTooling.model.lombok.LombokModel                : loaded 2 times (x 66B)
Class com.google.common.collect.Multiset                                              : loaded 2 times (x 66B)
Class com.google.common.collect.ArrayListMultimapGwtSerializationDependencies         : loaded 2 times (x 168B)
Class com.google.common.math.MathPreconditions                                        : loaded 2 times (x 67B)
Class com.google.common.collect.ObjectArrays                                          : loaded 2 times (x 67B)
Class com.google.common.collect.AbstractIndexedListIterator                           : loaded 2 times (x 92B)
Class org.jetbrains.plugins.gradle.model.ExternalTask                                 : loaded 2 times (x 66B)
Class org.gradle.internal.time.DefaultCountdownTimer                                  : loaded 2 times (x 84B)
Class com.google.common.collect.ImmutableMapEntrySet                                  : loaded 2 times (x 148B)
Class org.jetbrains.plugins.gradle.tooling.util.ObjectCollector                       : loaded 2 times (x 68B)
Class org.jetbrains.plugins.gradle.model.GradleTaskModel                              : loaded 2 times (x 66B)
Class org.gradle.tooling.internal.gradle.DefaultBuildIdentifier                       : loaded 2 times (x 75B)
Class kotlin.Function                                                                 : loaded 2 times (x 66B)
Class org.gradle.api.internal.classpath.Module                                        : loaded 2 times (x 66B)
Class com.google.common.cache.Weigher                                                 : loaded 2 times (x 66B)
Class com.intellij.openapi.externalSystem.model.project.IExternalSystemSourceType     : loaded 2 times (x 66B)
Class org.gradle.api.internal.classpath.UnknownModuleException                        : loaded 2 times (x 78B)
Class com.google.common.base.Stopwatch                                                : loaded 2 times (x 68B)
Class com.google.common.cache.LocalCache$Strength                                     : loaded 2 times (x 77B)
Class com.google.common.cache.Cache                                                   : loaded 2 times (x 66B)
Class jdk.internal.jimage.ImageHeader                                                 : loaded 2 times (x 67B)
Class org.jetbrains.plugins.gradle.tooling.serialization.ProjectDependenciesSerializationService$ReadContext: loaded 2 times (x 68B)
Class org.gradle.internal.impldep.gnu.trove.TObjectIdentityHashingStrategy            : loaded 2 times (x 74B)
Class com.intellij.openapi.externalSystem.model.project.dependencies.ProjectDependencies: loaded 2 times (x 66B)
Class com.google.common.util.concurrent.AbstractFuture$Cancellation                   : loaded 2 times (x 68B)
Class com.google.common.collect.ImmutableMap$Builder                                  : loaded 2 times (x 78B)
Class com.google.common.base.NullnessCasts                                            : loaded 2 times (x 67B)
Class com.google.common.cache.RemovalListener                                         : loaded 2 times (x 66B)
Class org.jetbrains.plugins.gradle.tooling.serialization.RepositoriesModelSerializationService: loaded 2 times (x 78B)
Class org.gradle.tooling.internal.gradle.GradleProjectIdentity                        : loaded 2 times (x 66B)
Class org.gradle.api.internal.DefaultClassPathRegistry                                : loaded 2 times (x 72B)
Class com.google.common.primitives.IntsMethodsForWeb                                  : loaded 2 times (x 67B)
Class com.google.common.collect.Multimap                                              : loaded 2 times (x 66B)
Class org.jetbrains.plugins.gradle.tooling.serialization.RepositoriesModelSerializationService$ReadContext: loaded 2 times (x 68B)
Class org.gradle.api.internal.ClassPathRegistry                                       : loaded 2 times (x 66B)
Class org.gradle.internal.classpath.DefaultClassPath$ImmutableUniqueList              : loaded 2 times (x 195B)
Class com.google.common.base.ExtraObjectsMethodsForWeb                                : loaded 2 times (x 67B)
Class jdk.internal.jimage.decompressor.ResourceDecompressor                           : loaded 2 times (x 66B)
Class org.jetbrains.plugins.gradle.tooling.serialization.internal.adapter.InternalBuildIdentifier: loaded 2 times (x 71B)
Class com.intellij.gradle.toolingExtension.impl.model.projectModel.GradleExternalProjectSerializationService$WriteContext: loaded 2 times (x 69B)
Class com.google.common.base.CharMatcher$IsEither                                     : loaded 2 times (x 107B)
Class com.google.common.cache.CacheBuilder                                            : loaded 2 times (x 68B)
Class com.google.common.collect.SingletonImmutableList                                : loaded 2 times (x 203B)
Class Settings_gradle$1                                                               : loaded 2 times (x 70B)
Class [Lcom.google.common.base.AbstractIterator$State;                                : loaded 2 times (x 65B)
Class org.gradle.internal.classpath.ClassPath                                         : loaded 2 times (x 66B)
Class com.google.common.collect.ImmutableList$ReverseImmutableList                    : loaded 2 times (x 205B)
Class com.google.common.base.JdkPattern                                               : loaded 2 times (x 71B)
Class org.jetbrains.plugins.gradle.tooling.serialization.KotlinDslScriptsModelSerializationService: loaded 2 times (x 77B)
Class org.objectweb.asm.SymbolTable$Entry                                             : loaded 2 times (x 70B)
Class com.google.common.util.concurrent.AbstractFuture$AtomicHelper                   : loaded 2 times (x 74B)
Class org.jetbrains.plugins.gradle.tooling.serialization.ExternalTestsSerializationService$WriteContext: loaded 2 times (x 68B)
Class org.jetbrains.kotlin.idea.gradleTooling.KotlinGradleModel                       : loaded 2 times (x 66B)
Class org.objectweb.asm.Edge                                                          : loaded 2 times (x 68B)
Class com.google.common.base.Suppliers$SupplierOfInstance                             : loaded 2 times (x 75B)
Class com.google.common.collect.Iterators$1                                           : loaded 2 times (x 77B)
Class jdk.internal.jimage.ImageStringsReader                                          : loaded 2 times (x 76B)
Class org.gradle.tooling.model.Model                                                  : loaded 2 times (x 66B)
Class com.google.common.cache.LocalCache$ComputingValueReference                      : loaded 2 times (x 92B)
Class com.google.common.collect.SingletonImmutableSet                                 : loaded 2 times (x 142B)
Class com.google.common.collect.ImmutableMap$IteratorBasedImmutableMap                : loaded 2 times (x 122B)
Class kotlin.Metadata                                                                 : loaded 2 times (x 66B)
Class kotlin.UninitializedPropertyAccessException                                     : loaded 2 times (x 78B)
Class com.google.common.cache.LocalCache$Segment                                      : loaded 2 times (x 150B)
Class jdk.internal.jimage.ImageReader                                                 : loaded 2 times (x 71B)
Class org.jetbrains.plugins.gradle.model.IntelliJProjectSettings                      : loaded 2 times (x 66B)
Class org.jetbrains.kotlin.idea.gradleTooling.model.annotation.AnnotationBasedPluginModel: loaded 2 times (x 66B)
Class sync_studio_tooling1_5a92yo1ik1z3kjumrx1qffujh                                  : loaded 2 times (x 175B)
Class org.gradle.internal.classloader.FilteringClassLoader                            : loaded 2 times (x 101B)
Class com.google.common.collect.SortedIterable                                        : loaded 2 times (x 66B)
Class com.google.common.collect.AbstractListMultimap                                  : loaded 2 times (x 168B)
Class [Lorg.objectweb.asm.SymbolTable$Entry;                                          : loaded 2 times (x 65B)
Class com.google.common.cache.CacheLoader                                             : loaded 2 times (x 70B)
Class com.google.common.collect.Iterators$4                                           : loaded 2 times (x 78B)
Class com.google.common.collect.ImmutableBiMap                                        : loaded 2 times (x 139B)
Class jdk.internal.jimage.ImageReader$SharedImageReader                               : loaded 2 times (x 91B)
Class org.jetbrains.plugins.gradle.model.ExternalDependency                           : loaded 2 times (x 66B)
Class com.intellij.util.containers.IntObjectHashMap                                   : loaded 2 times (x 68B)
Class org.gradle.internal.installation.GradleInstallation$1                           : loaded 2 times (x 71B)
Class org.gradle.api.internal.classpath.ModuleRegistry                                : loaded 2 times (x 66B)
Class com.google.common.util.concurrent.internal.InternalFutureFailureAccess          : loaded 2 times (x 68B)
Class com.google.common.collect.Iterators$5                                           : loaded 2 times (x 78B)
Class com.google.common.collect.ImmutableSet$JdkBackedSetBuilderImpl                  : loaded 2 times (x 72B)
Class com.google.common.base.Splitter$SplittingIterator                               : loaded 2 times (x 80B)
Class jdk.internal.jimage.decompressor.ResourceDecompressorFactory                    : loaded 2 times (x 70B)
Class com.intellij.gradle.toolingExtension.impl.model.sourceSetDependencyModel.GradleSourceSetDependencySerialisationService$SourceSetDependencyModelReadContext: loaded 2 times (x 68B)
Class com.intellij.gradle.toolingExtension.impl.model.dependencyModel.DependencyReadContext: loaded 2 times (x 68B)
Class org.jetbrains.plugins.gradle.model.VersionCatalogsModel                         : loaded 2 times (x 66B)
Class org.gradle.tooling.internal.adapter.ObjectGraphAdapter                          : loaded 2 times (x 66B)
Class com.google.common.util.concurrent.AbstractFuture$UnsafeAtomicHelper             : loaded 2 times (x 74B)
Class com.google.common.cache.LocalCache$LocalManualCache$1                           : loaded 2 times (x 71B)
Class com.google.common.base.CharMatcher$ForPredicate                                 : loaded 2 times (x 108B)
Class org.jetbrains.plugins.gradle.model.ExternalSourceSet                            : loaded 2 times (x 66B)
Class com.intellij.gradle.toolingExtension.impl.model.warmUp.GradleTaskWarmUpRequest  : loaded 2 times (x 66B)
Class com.google.common.collect.ImmutableCollection                                   : loaded 2 times (x 121B)
Class com.google.common.base.CharMatcher$AnyOf                                        : loaded 2 times (x 108B)
Class jdk.internal.jimage.ImageReader$Node                                            : loaded 2 times (x 80B)
Class com.intellij.gradle.toolingExtension.impl.model.sourceSetArtifactIndex.GradleSourceSetArtifactBuildRequest: loaded 2 times (x 66B)
Class org.gradle.api.internal.classpath.DefaultModuleRegistry                         : loaded 2 times (x 82B)
Class com.google.common.util.concurrent.ListenableFuture                              : loaded 2 times (x 66B)
Class com.google.common.cache.ReferenceEntry                                          : loaded 2 times (x 66B)
Class com.google.common.base.Converter                                                : loaded 2 times (x 86B)
Class com.google.common.collect.ImmutableSet$CachingAsList                            : loaded 2 times (x 144B)
Class com.google.common.collect.Lists                                                 : loaded 2 times (x 67B)
Class jdk.internal.jimage.BasicImageReader$1                                          : loaded 2 times (x 73B)
Class org.jetbrains.plugins.gradle.tooling.serialization.internal.IdeaProjectSerializationService$WriteContext$1: loaded 2 times (x 79B)
Class org.jetbrains.plugins.gradle.model.ExternalProject                              : loaded 2 times (x 66B)
Class com.google.common.collect.AbstractMapBasedMultimap                              : loaded 2 times (x 135B)
Class com.google.common.util.concurrent.AbstractFuture                                : loaded 2 times (x 102B)
Class com.google.common.base.FunctionalEquivalence                                    : loaded 2 times (x 79B)
Class com.google.common.collect.Iterators$9                                           : loaded 2 times (x 77B)
Class com.google.common.collect.ImmutableAsList                                       : loaded 2 times (x 205B)
Class org.jetbrains.plugins.gradle.tooling.serialization.internal.IdeaProjectSerializationService$WriteContext$2: loaded 2 times (x 79B)
Class org.objectweb.asm.RecordComponentVisitor                                        : loaded 2 times (x 73B)
Class com.google.common.cache.CacheLoader$SupplierToCacheLoader                       : loaded 2 times (x 71B)
Class org.jetbrains.plugins.gradle.tooling.serialization.AnnotationProcessingModelSerializationService$ReadContext: loaded 2 times (x 68B)
Class org.jetbrains.plugins.gradle.tooling.serialization.internal.IdeaProjectSerializationService$WriteContext$3: loaded 2 times (x 79B)
Class com.google.common.collect.Maps$EntryTransformer                                 : loaded 2 times (x 66B)
Class jdk.internal.jimage.decompressor.Decompressor                                   : loaded 2 times (x 68B)
Class jdk.internal.jimage.ImageReader$Resource                                        : loaded 2 times (x 80B)
Class org.jetbrains.plugins.gradle.tooling.serialization.internal.IdeaProjectSerializationService$WriteContext$4: loaded 2 times (x 79B)
Class com.intellij.gradle.toolingExtension.impl.model.sourceSetDependencyModel.GradleSourceSetDependencySerialisationService$Companion: loaded 2 times (x 67B)
Class org.gradle.internal.time.MonotonicClock                                         : loaded 2 times (x 73B)
Class org.gradle.internal.service.ServiceLookupException                              : loaded 2 times (x 78B)
Class com.google.common.collect.ImmutableSortedSet                                    : loaded 2 times (x 296B)
Class [Lcom.google.common.cache.LocalCache$EntryFactory;                              : loaded 2 times (x 65B)
Class jdk.internal.jrtfs.JrtFileAttributes                                            : loaded 2 times (x 79B)
Class org.jetbrains.plugins.gradle.tooling.serialization.internal.IdeaProjectSerializationService$WriteContext$5: loaded 2 times (x 79B)
Class com.intellij.gradle.toolingExtension.impl.model.sourceSetDependencyModel.GradleSourceSetDependencySerialisationService$SourceSetDependencyModelWriteContext: loaded 2 times (x 68B)
Class org.gradle.internal.classloader.ClassLoaderFactory                              : loaded 2 times (x 66B)
Class com.google.common.cache.LocalCache$LocalManualCache                             : loaded 2 times (x 95B)
Class com.google.common.base.CharMatcher$IsNot                                        : loaded 2 times (x 107B)
Class com.google.common.base.CommonPattern                                            : loaded 2 times (x 70B)
Class org.jetbrains.plugins.gradle.tooling.serialization.internal.IdeaProjectSerializationService$WriteContext$6: loaded 2 times (x 79B)
Class org.jetbrains.plugins.gradle.tooling.util.IntObjectMap                          : loaded 2 times (x 69B)
Class org.gradle.internal.service.CachingServiceLocator                               : loaded 2 times (x 78B)
Class com.google.common.collect.AbstractMapBasedMultimap$KeySet                       : loaded 2 times (x 133B)
Class com.google.common.collect.RegularImmutableSortedSet                             : loaded 2 times (x 296B)
Class com.google.common.math.IntMath                                                  : loaded 2 times (x 67B)
Class org.jetbrains.plugins.gradle.tooling.serialization.internal.IdeaProjectSerializationService$WriteContext$7: loaded 2 times (x 79B)
Class org.jetbrains.plugins.gradle.model.RepositoryModels                             : loaded 2 times (x 66B)
Class [Lcom.google.common.collect.HashBiMap$BiEntry;                                  : loaded 2 times (x 65B)
Class org.objectweb.asm.commons.InstructionAdapter                                    : loaded 2 times (x 184B)
Class com.google.common.collect.ImmutableMapEntry                                     : loaded 2 times (x 81B)
Class org.jetbrains.plugins.gradle.tooling.serialization.internal.IdeaProjectSerializationService$WriteContext$8: loaded 2 times (x 79B)
Class org.gradle.internal.time.TimeSource                                             : loaded 2 times (x 66B)
Class org.gradle.tooling.model.kotlin.dsl.KotlinDslScriptsModel                       : loaded 2 times (x 66B)
Class com.google.common.base.Equivalence                                              : loaded 2 times (x 78B)
Class com.google.common.base.Function                                                 : loaded 2 times (x 66B)
Class com.google.common.collect.ImmutableMapEntry$NonTerminalImmutableMapEntry        : loaded 2 times (x 81B)
Class org.jetbrains.plugins.gradle.tooling.serialization.SerializationService         : loaded 2 times (x 66B)
Class org.gradle.tooling.internal.gradle.GradleBuildIdentity                          : loaded 2 times (x 66B)
Class kotlin.enums.EnumEntries                                                        : loaded 2 times (x 66B)
Class com.google.common.collect.IndexedImmutableSet$1                                 : loaded 2 times (x 209B)
Class com.google.common.cache.CacheBuilder$OneWeigher                                 : loaded 2 times (x 78B)
Class com.google.common.collect.RegularImmutableList                                  : loaded 2 times (x 209B)
Class org.jetbrains.plugins.gradle.tooling.serialization.internal.adapter.Supplier    : loaded 2 times (x 66B)
Class org.gradle.internal.exceptions.ResolutionProvider                               : loaded 2 times (x 66B)
Class jdk.internal.jimage.ImageBufferCache                                            : loaded 2 times (x 67B)
Class jdk.internal.jrtfs.JrtPath                                                      : loaded 2 times (x 114B)
Class org.gradle.tooling.model.ProjectIdentifier                                      : loaded 2 times (x 66B)
Class org.gradle.internal.classloader.ClasspathUtil                                   : loaded 2 times (x 67B)
Class org.jetbrains.kotlin.tooling.core.HasExtras                                     : loaded 2 times (x 66B)
Class com.google.common.base.Charsets                                                 : loaded 2 times (x 67B)
Class com.google.common.util.concurrent.Uninterruptibles                              : loaded 2 times (x 67B)
Class com.intellij.gradle.toolingExtension.impl.model.sourceSetModel.GradleSourceSetSerialisationService: loaded 2 times (x 73B)
Class ijInit1_6kb9xmha9nafimx9dfz6r3a7z                                               : loaded 2 times (x 175B)
Class com.google.common.collect.Maps                                                  : loaded 2 times (x 67B)
Class org.gradle.internal.time.TimeSource$1                                           : loaded 2 times (x 73B)
Class kotlin.jvm.internal.DefaultConstructorMarker                                    : loaded 2 times (x 67B)
Class org.gradle.api.specs.Spec                                                       : loaded 2 times (x 66B)
Class [Lcom.google.common.collect.ImmutableEntry;                                     : loaded 2 times (x 65B)
Class jdk.internal.jimage.ImageReader$SharedImageReader$LocationVisitor               : loaded 2 times (x 66B)
Class com.google.common.cache.LocalCache$LoadingValueReference                        : loaded 2 times (x 92B)
Class com.intellij.gradle.toolingExtension.impl.model.buildScriptClasspathModel.GradleBuildScriptClasspathSerializationService: loaded 2 times (x 73B)
Class kotlin.NotImplementedError                                                      : loaded 2 times (x 78B)
Class com.google.common.base.Platform                                                 : loaded 2 times (x 67B)
Class jdk.internal.jimage.decompressor.ResourceDecompressorRepository                 : loaded 2 times (x 67B)
Class org.jetbrains.plugins.gradle.model.FileCollectionDependency                     : loaded 2 times (x 66B)
Class org.gradle.internal.impldep.gnu.trove.TObjectHashingStrategy                    : loaded 2 times (x 66B)
Class com.intellij.gradle.toolingExtension.impl.model.utilDummyModel.DummyModel       : loaded 2 times (x 66B)
Class org.gradle.internal.time.Clock                                                  : loaded 2 times (x 66B)
Class [Lorg.objectweb.asm.AnnotationWriter;                                           : loaded 2 times (x 65B)
Class com.google.common.collect.Maps$8                                                : loaded 2 times (x 78B)
Class jdk.internal.jimage.ImageReader$Directory                                       : loaded 2 times (x 80B)
Class org.jetbrains.plugins.gradle.model.GradleSourceSetDependencyModel               : loaded 2 times (x 66B)
Class org.gradle.tooling.internal.adapter.TypeInspector                               : loaded 2 times (x 69B)
Class org.gradle.tooling.internal.adapter.ProtocolToModelAdapter$NoOpDecoration       : loaded 2 times (x 75B)
Class org.gradle.tooling.model.Element                                                : loaded 2 times (x 66B)
Class kotlin.collections.AbstractList                                                 : loaded 2 times (x 193B)
Class kotlin.collections.AbstractCollection                                           : loaded 2 times (x 113B)
Class com.google.common.collect.ImmutableRangeSet$Builder                             : loaded 2 times (x 73B)
Class org.jetbrains.kotlin.tooling.core.Extras                                        : loaded 2 times (x 66B)
Class com.google.common.collect.Sets$SetView                                          : loaded 2 times (x 134B)
Class com.google.common.cache.LocalCache$StrongValueReference                         : loaded 2 times (x 86B)
Class com.google.common.util.concurrent.AbstractFuture$SynchronizedHelper             : loaded 2 times (x 74B)
Class com.intellij.gradle.toolingExtension.impl.model.taskModel.GradleTaskSerialisationService: loaded 2 times (x 72B)
Class org.objectweb.asm.Type                                                          : loaded 2 times (x 68B)
Class org.jetbrains.plugins.gradle.tooling.util.IntObjectMap$1                        : loaded 2 times (x 73B)
Class org.gradle.internal.impldep.com.google.common.base.Preconditions                : loaded 2 times (x 67B)
Class org.gradle.internal.classloader.VisitableURLClassLoader$InstrumentingVisitableURLClassLoader: loaded 2 times (x 119B)
Class org.objectweb.asm.ByteVector                                                    : loaded 2 times (x 75B)
Class [Lcom.google.common.cache.CacheBuilder$NullListener;                            : loaded 2 times (x 65B)
Class com.google.common.math.IntMath$1                                                : loaded 2 times (x 67B)
Class org.gradle.internal.classloader.VisitableURLClassLoader$Spec                    : loaded 2 times (x 70B)
Class org.gradle.internal.classpath.DefaultClassPath                                  : loaded 2 times (x 86B)
Class org.objectweb.asm.Symbol                                                        : loaded 2 times (x 69B)
Class com.google.common.base.AbstractIterator                                         : loaded 2 times (x 76B)
Class jdk.internal.jimage.decompressor.ZipDecompressorFactory                         : loaded 2 times (x 70B)
Class org.jetbrains.plugins.gradle.model.GradleBuildScriptClasspathModel              : loaded 2 times (x 66B)
Class org.gradle.util.internal.DefaultGradleVersion                                   : loaded 2 times (x 80B)
Class com.google.common.base.CharMatcher$Ascii                                        : loaded 2 times (x 108B)
Class com.google.common.collect.RegularImmutableMap$Values                            : loaded 2 times (x 203B)
Class com.google.common.collect.ImmutableSet                                          : loaded 2 times (x 141B)
Class com.google.common.base.CharMatcher$BitSetMatcher                                : loaded 2 times (x 108B)
Class org.gradle.internal.classloader.ClassLoaderSpec                                 : loaded 2 times (x 67B)
Class org.objectweb.asm.AnnotationWriter                                              : loaded 2 times (x 75B)
Class com.google.common.cache.CacheStats                                              : loaded 2 times (x 67B)
Class org.objectweb.asm.RecordComponentWriter                                         : loaded 2 times (x 74B)
Class com.google.common.util.concurrent.AbstractFuture$Listener                       : loaded 2 times (x 68B)
Class com.google.common.base.CharMatcher$Or                                           : loaded 2 times (x 108B)
Class Settings_gradle$1$1                                                             : loaded 2 times (x 70B)
Class kotlin.Unit                                                                     : loaded 2 times (x 67B)
Class org.objectweb.asm.Attribute                                                     : loaded 2 times (x 73B)
Class com.google.common.base.Supplier                                                 : loaded 2 times (x 66B)
Class org.gradle.internal.classloader.VisitableURLClassLoader                         : loaded 2 times (x 113B)
Class com.google.common.util.concurrent.AbstractFuture$Waiter                         : loaded 2 times (x 68B)
Class Settings_gradle                                                                 : loaded 2 times (x 124B)
Class org.jetbrains.plugins.gradle.tooling.serialization.ExternalTestsSerializationService$ReadContext: loaded 2 times (x 68B)
Class org.jetbrains.plugins.gradle.tooling.serialization.internal.IdeaProjectSerializationService$ReadContext: loaded 2 times (x 68B)
Class com.google.common.collect.RegularImmutableMap$KeySet                            : loaded 2 times (x 148B)
Class org.gradle.tooling.model.idea.IdeaDependency                                    : loaded 2 times (x 66B)
Class com.google.common.collect.HashBiMap                                             : loaded 2 times (x 139B)
Class com.google.common.base.Strings                                                  : loaded 2 times (x 67B)
Class com.google.common.collect.Sets                                                  : loaded 2 times (x 67B)
Class org.objectweb.asm.Handler                                                       : loaded 2 times (x 68B)
Class com.google.common.base.Ticker                                                   : loaded 2 times (x 68B)
Class com.google.common.base.CharMatcher$FastMatcher                                  : loaded 2 times (x 107B)
Class jdk.internal.jimage.decompressor.ZipDecompressor                                : loaded 2 times (x 71B)
Class kotlin.jvm.functions.Function1                                                  : loaded 2 times (x 66B)
Class [Lcom.google.common.cache.LocalCache$Segment;                                   : loaded 2 times (x 65B)
Class [Lcom.google.common.cache.LocalCache$Strength;                                  : loaded 2 times (x 65B)
Class com.google.common.cache.CacheBuilder$1                                          : loaded 2 times (x 81B)
Class com.google.common.collect.ImmutableMap                                          : loaded 2 times (x 116B)
Class com.google.common.base.Predicate                                                : loaded 2 times (x 66B)
Class org.jetbrains.plugins.gradle.tooling.serialization.internal.IdeaProjectSerializationService$WriteContext: loaded 2 times (x 68B)
Class com.intellij.gradle.toolingExtension.impl.model.sourceSetDependencyModel.GradleSourceSetDependencySerialisationService: loaded 2 times (x 73B)
Class org.jetbrains.plugins.gradle.model.GradleSourceSetModel                         : loaded 2 times (x 66B)
Class org.gradle.internal.classpath.DefaultClassPath$ImmutableUniqueList$Builder      : loaded 2 times (x 71B)
Class com.google.common.collect.AbstractRangeSet                                      : loaded 2 times (x 110B)
Class com.google.common.cache.LocalCache                                              : loaded 2 times (x 183B)
Class com.google.common.cache.CacheBuilder$2                                          : loaded 2 times (x 75B)
Class com.google.common.base.CharMatcher$NegatedFastMatcher                           : loaded 2 times (x 109B)
Class com.google.common.collect.ArrayListMultimap                                     : loaded 2 times (x 168B)
Class com.google.common.cache.CacheBuilder$3                                          : loaded 2 times (x 68B)
Class [Lcom.google.common.collect.AbstractMapEntry;                                   : loaded 2 times (x 65B)
Class com.google.common.collect.ImmutableEntry                                        : loaded 2 times (x 78B)
Class org.jetbrains.plugins.gradle.tooling.util.ObjectCollector$Processor             : loaded 2 times (x 66B)
Class org.jetbrains.kotlin.idea.gradleTooling.model.samWithReceiver.SamWithReceiverModel: loaded 2 times (x 66B)
Class kotlin.annotation.Target                                                        : loaded 2 times (x 66B)
Class com.google.common.base.Equivalence$Identity                                     : loaded 2 times (x 78B)
Class org.gradle.internal.exceptions.NonGradleCauseExceptionsHolder                   : loaded 2 times (x 66B)
Class org.gradle.tooling.model.idea.IdeaModuleDependency                              : loaded 2 times (x 66B)
Class org.gradle.tooling.internal.adapter.ViewBuilder                                 : loaded 2 times (x 66B)
Class com.google.common.collect.CollectPreconditions                                  : loaded 2 times (x 67B)
Class jdk.internal.jimage.ImageStrings                                                : loaded 2 times (x 66B)
Class org.jetbrains.plugins.gradle.model.AnnotationProcessingConfig                   : loaded 2 times (x 66B)
Class kotlin.annotation.Retention                                                     : loaded 2 times (x 66B)
Class com.google.common.collect.SortedMapDifference                                   : loaded 2 times (x 66B)
Class org.jetbrains.plugins.gradle.tooling.ModelBuilderService$Parameter              : loaded 2 times (x 66B)
Class com.google.common.cache.LocalCache$WriteThroughEntry                            : loaded 2 times (x 75B)
Class com.google.common.cache.LocalCache$HashIterator                                 : loaded 2 times (x 82B)
Class com.google.common.cache.LocalCache$EntryFactory                                 : loaded 2 times (x 79B)
Class org.gradle.internal.impldep.gnu.trove.TObjectIntProcedure                       : loaded 2 times (x 66B)
Class org.gradle.tooling.internal.adapter.ProtocolToModelAdapter$ReflectionMethodInvoker: loaded 2 times (x 72B)
Class org.jetbrains.kotlin.tooling.core.HasMutableExtras                              : loaded 2 times (x 66B)
Class com.google.common.cache.LocalCache$AbstractReferenceEntry                       : loaded 2 times (x 103B)
Class com.google.common.base.Splitter$1$1                                             : loaded 2 times (x 82B)
Class org.jetbrains.kotlin.idea.gradleTooling.model.assignment.AssignmentModel        : loaded 2 times (x 66B)
Class org.gradle.tooling.internal.adapter.ProtocolToModelAdapter$MethodInvocationCache: loaded 2 times (x 69B)
Class kotlin.enums.EnumEntriesKt                                                      : loaded 2 times (x 67B)
Class com.google.common.collect.ImmutableRangeSet$ComplementRanges                    : loaded 2 times (x 203B)
Class org.objectweb.asm.SymbolTable                                                   : loaded 2 times (x 68B)
Class com.google.common.cache.CacheLoader$InvalidCacheLoadException                   : loaded 2 times (x 78B)
Class com.google.common.collect.ImmutableSet$RegularSetBuilderImpl                    : loaded 2 times (x 73B)
Class org.jetbrains.plugins.gradle.model.GradleProperty                               : loaded 2 times (x 66B)
Class org.gradle.internal.classloader.SystemClassLoaderSpec                           : loaded 2 times (x 67B)
Class com.google.common.cache.LocalCache$StrongEntry                                  : loaded 2 times (x 104B)
Class com.google.common.util.concurrent.AbstractFuture$TrustedFuture                  : loaded 2 times (x 110B)
Class com.google.common.cache.LoadingCache                                            : loaded 2 times (x 66B)
Class org.gradle.internal.exceptions.MultiCauseException                              : loaded 2 times (x 66B)
Class org.gradle.internal.time.CountdownTimer                                         : loaded 2 times (x 66B)
Class kotlin.jvm.internal.Intrinsics                                                  : loaded 2 times (x 67B)
Class org.objectweb.asm.MethodWriter                                                  : loaded 2 times (x 102B)
Class [Lcom.google.common.cache.Weigher;                                              : loaded 2 times (x 65B)
Class com.google.common.collect.RegularImmutableMap$BucketOverflowException           : loaded 2 times (x 78B)
Class jdk.internal.jrtfs.JrtFileSystem                                                : loaded 2 times (x 98B)
Class com.intellij.gradle.toolingExtension.impl.model.projectModel.GradleExternalProjectSerializationService$ReadContext: loaded 2 times (x 69B)
Class com.intellij.gradle.toolingExtension.impl.model.dependencyModel.DependencyWriteContext: loaded 2 times (x 68B)
Class org.jetbrains.kotlin.idea.gradleTooling.model.parcelize.ParcelizeGradleModel    : loaded 2 times (x 66B)
Class org.gradle.tooling.model.ProjectModel                                           : loaded 2 times (x 66B)
Class jdk.internal.jimage.decompressor.CompressedResourceHeader                       : loaded 2 times (x 67B)
Class org.jetbrains.plugins.gradle.model.GradleConfiguration                          : loaded 2 times (x 66B)
Class kotlin.KotlinNullPointerException                                               : loaded 2 times (x 79B)
Class com.google.common.collect.RegularImmutableBiMap                                 : loaded 2 times (x 145B)
Class com.google.common.cache.LocalCache$ValueReference                               : loaded 2 times (x 66B)
Class com.google.common.base.CharMatcher$Negated                                      : loaded 2 times (x 109B)
Class com.google.common.base.CharMatcher$Is                                           : loaded 2 times (x 107B)
Class org.jetbrains.plugins.gradle.model.tests.ExternalTestsModel                     : loaded 2 times (x 66B)
Class org.gradle.internal.exceptions.DefaultMultiCauseException                       : loaded 2 times (x 91B)
Class com.google.common.base.PatternCompiler                                          : loaded 2 times (x 66B)
Class com.google.common.util.concurrent.AbstractFuture$Failure                        : loaded 2 times (x 68B)
Class com.google.common.base.Equivalence$Equals                                       : loaded 2 times (x 78B)
Class com.google.common.collect.Hashing                                               : loaded 2 times (x 67B)
Class com.google.common.base.Preconditions                                            : loaded 2 times (x 67B)
Class com.intellij.gradle.toolingExtension.impl.model.projectModel.GradleExternalProjectSerializationService: loaded 2 times (x 73B)
Class org.gradle.tooling.model.HierarchicalElement                                    : loaded 2 times (x 66B)
Class com.google.common.base.Joiner$1                                                 : loaded 2 times (x 76B)
Class org.objectweb.asm.Label                                                         : loaded 2 times (x 69B)
Class org.objectweb.asm.CurrentFrame                                                  : loaded 2 times (x 69B)
Class org.objectweb.asm.ClassTooLargeException                                        : loaded 2 times (x 79B)
Class com.google.common.collect.PeekingIterator                                       : loaded 2 times (x 66B)
Class com.google.common.base.CharMatcher                                              : loaded 2 times (x 107B)
Class org.jetbrains.plugins.gradle.tooling.serialization.ExternalTestsSerializationService: loaded 2 times (x 73B)
Class org.gradle.internal.time.Time                                                   : loaded 2 times (x 67B)
Class com.google.common.collect.Maps$IteratorBasedAbstractMap                         : loaded 2 times (x 121B)
Class com.google.common.collect.RangeGwtSerializationDependencies                     : loaded 2 times (x 67B)
Class com.google.common.base.Joiner$2                                                 : loaded 2 times (x 75B)
Class org.objectweb.asm.Frame                                                         : loaded 2 times (x 69B)
Class org.objectweb.asm.MethodVisitor                                                 : loaded 2 times (x 101B)
Class com.google.common.cache.LocalCache$EntryFactory$1                               : loaded 2 times (x 79B)
Class [Lcom.google.common.cache.RemovalListener;                                      : loaded 2 times (x 65B)
Class com.google.common.base.CharMatcher$NamedFastMatcher                             : loaded 2 times (x 108B)
Class com.google.common.base.CharMatcher$1                                            : loaded 2 times (x 109B)
Class org.jetbrains.plugins.gradle.tooling.serialization.AnnotationProcessingModelSerializationService: loaded 2 times (x 73B)
Class com.google.common.collect.RangeSet                                              : loaded 2 times (x 66B)
Class com.google.common.cache.LocalCache$EntryFactory$2                               : loaded 2 times (x 79B)
Class [Lcom.intellij.openapi.externalSystem.model.project.dependencies.ResolutionState;: loaded 2 times (x 65B)
Class org.gradle.internal.impldep.gnu.trove.TObjectHash                               : loaded 2 times (x 90B)
Class org.jetbrains.plugins.gradle.model.DependencyAccessorsModel                     : loaded 2 times (x 66B)
Class org.gradle.api.internal.classpath.GlobalCacheRootsProvider                      : loaded 2 times (x 66B)
Class com.google.common.collect.CollectCollectors                                     : loaded 2 times (x 67B)
Class org.objectweb.asm.ModuleWriter                                                  : loaded 2 times (x 78B)
Class com.google.common.cache.LocalCache$EntryFactory$3                               : loaded 2 times (x 79B)
Class com.google.common.base.Ticker$1                                                 : loaded 2 times (x 68B)
Class com.google.common.collect.Maps$BiMapConverter                                   : loaded 2 times (x 86B)
Class com.google.common.collect.ImmutableMapEntrySet$RegularEntrySet                  : loaded 2 times (x 148B)
Class org.jetbrains.kotlin.idea.gradleTooling.KotlinMPPGradleModel                    : loaded 2 times (x 66B)
Class com.intellij.gradle.toolingExtension.impl.model.dependencyDownloadPolicyModel.GradleDependencyDownloadPolicy: loaded 2 times (x 66B)
Class org.gradle.tooling.model.BuildIdentifier                                        : loaded 2 times (x 66B)
Class com.google.common.cache.LocalCache$EntryFactory$4                               : loaded 2 times (x 79B)
Class com.google.common.collect.ImmutableSet$Builder                                  : loaded 2 times (x 81B)
Class com.google.common.base.CharMatcher$InRange                                      : loaded 2 times (x 107B)
Class org.jetbrains.kotlin.idea.gradleTooling.PrepareKotlinIdeImportTaskModel         : loaded 2 times (x 66B)
Class com.google.common.cache.LocalCache$EntryFactory$5                               : loaded 2 times (x 79B)
Class org.gradle.tooling.model.build.JavaEnvironment                                  : loaded 2 times (x 66B)
Class com.google.common.base.PairwiseEquivalence                                      : loaded 2 times (x 79B)
Class com.google.common.cache.LocalCache$EntryFactory$6                               : loaded 2 times (x 79B)
Class org.jetbrains.plugins.gradle.model.GradleExtension                              : loaded 2 times (x 66B)
Class org.gradle.internal.time.Timer                                                  : loaded 2 times (x 66B)
Class kotlin.jvm.internal.markers.KMappedMarker                                       : loaded 2 times (x 66B)
Class org.gradle.internal.installation.CurrentGradleInstallationLocator               : loaded 2 times (x 67B)
Class com.google.common.collect.Maps$KeySet                                           : loaded 2 times (x 133B)
Class com.google.common.cache.LocalCache$EntryFactory$7                               : loaded 2 times (x 79B)
Class com.google.common.collect.ImmutableSet$EmptySetBuilderImpl                      : loaded 2 times (x 72B)
Class com.google.common.collect.ImmutableList                                         : loaded 2 times (x 202B)
Class org.gradle.tooling.model.idea.IdeaProject                                       : loaded 2 times (x 66B)
Class org.gradle.tooling.model.DomainObjectSet                                        : loaded 2 times (x 66B)
Class org.gradle.internal.service.DefaultServiceLocator                               : loaded 2 times (x 79B)
Class org.jetbrains.kotlin.util.capitalizeDecapitalize.CapitalizeDecapitalizeKt       : loaded 2 times (x 67B)
Class com.google.common.cache.LocalCache$EntryFactory$8                               : loaded 2 times (x 79B)
Class com.google.common.collect.ImmutableSet$SetBuilderImpl                           : loaded 2 times (x 72B)
Class jdk.internal.jrtfs.JrtDirectoryStream                                           : loaded 2 times (x 85B)
Class org.gradle.util.GradleVersion                                                   : loaded 2 times (x 79B)
Class org.gradle.internal.installation.CurrentGradleInstallation                      : loaded 2 times (x 69B)
Class com.google.common.cache.CacheLoader$1                                           : loaded 2 times (x 71B)
Class com.google.common.collect.ImmutableList$SubList                                 : loaded 2 times (x 205B)
Class org.jetbrains.plugins.gradle.tooling.serialization.GradleExtensionsSerializationService$WriteContext: loaded 2 times (x 68B)
Class com.intellij.gradle.toolingExtension.impl.model.taskModel.GradleTaskSerialisationService$Companion: loaded 2 times (x 67B)
Class org.jetbrains.plugins.gradle.javaModel.JavaGradleManifestModel                  : loaded 2 times (x 66B)
Class org.gradle.util.internal.GUtil                                                  : loaded 2 times (x 67B)
Class com.google.common.util.concurrent.AbstractFuture$SetFuture                      : loaded 2 times (x 71B)
Class com.google.common.cache.AbstractCache$StatsCounter                              : loaded 2 times (x 66B)
Class com.intellij.gradle.toolingExtension.impl.model.sourceSetModel.GradleSourceSetSerialisationService$SourceSetModelReadContext: loaded 2 times (x 68B)
Class com.intellij.gradle.toolingExtension.impl.model.utilTurnOffDefaultTasksModel.TurnOffDefaultTasks: loaded 2 times (x 66B)
Class com.google.common.collect.Iterators$MergingIterator                             : loaded 2 times (x 77B)
Class com.google.common.collect.RegularImmutableSet                                   : loaded 2 times (x 145B)
Class com.intellij.gradle.toolingExtension.impl.model.sourceSetModel.GradleSourceSetSerialisationService$SourceSetModelWriteContext: loaded 2 times (x 68B)
Class org.gradle.tooling.internal.adapter.ProtocolToModelAdapter$1                    : loaded 2 times (x 71B)
Class org.gradle.tooling.internal.adapter.ProtocolToModelAdapter$ViewDecoration       : loaded 2 times (x 66B)
Class org.gradle.internal.installation.GradleInstallation                             : loaded 2 times (x 71B)
Class com.google.common.collect.Iterables                                             : loaded 2 times (x 67B)
Class com.google.common.base.Splitter$Strategy                                        : loaded 2 times (x 66B)
Class jdk.internal.jimage.decompressor.ResourceDecompressor$StringsProvider           : loaded 2 times (x 66B)
Class org.jetbrains.plugins.gradle.tooling.serialization.GradleExtensionsSerializationService$ReadContext: loaded 2 times (x 68B)
Class org.gradle.tooling.internal.adapter.MethodInvoker                               : loaded 2 times (x 66B)
Class org.jetbrains.plugins.gradle.tooling.serialization.RepositoriesModelSerializationService$WriteContext: loaded 2 times (x 68B)

---------------  S Y S T E M  ---------------

OS:
 Windows 11 , 64 bit Build 26100 (10.0.26100.7623)
OS uptime: 7 days 1:14 hours
Hyper-V role detected

CPU: total 20 (initial active 20) (10 cores per cpu, 2 threads per core) family 6 model 151 stepping 2 microcode 0x34, cx8, cmov, fxsr, ht, mmx, 3dnowpref, sse, sse2, sse3, ssse3, sse4.1, sse4.2, popcnt, lzcnt, tsc, tscinvbit, avx, avx2, aes, erms, clmul, bmi1, bmi2, adx, sha, fma, vzeroupper, clflush, clflushopt, clwb, hv, serialize, rdtscp, rdpid, fsrm, f16c, cet_ibt, cet_ss
Processor Information for processor 0
  Max Mhz: 1400, Current Mhz: 1400, Mhz Limit: 1400
Processor Information for processor 1
  Max Mhz: 1400, Current Mhz: 1400, Mhz Limit: 1400
Processor Information for processor 2
  Max Mhz: 1400, Current Mhz: 1400, Mhz Limit: 1400
Processor Information for processor 3
  Max Mhz: 1400, Current Mhz: 1400, Mhz Limit: 1400
Processor Information for processor 4
  Max Mhz: 1400, Current Mhz: 1400, Mhz Limit: 1400
Processor Information for processor 5
  Max Mhz: 1400, Current Mhz: 1400, Mhz Limit: 1400
Processor Information for processor 6
  Max Mhz: 1400, Current Mhz: 1400, Mhz Limit: 1400
Processor Information for processor 7
  Max Mhz: 1400, Current Mhz: 1400, Mhz Limit: 1400
Processor Information for processor 8
  Max Mhz: 1400, Current Mhz: 1400, Mhz Limit: 1400
Processor Information for processor 9
  Max Mhz: 1400, Current Mhz: 1400, Mhz Limit: 1400
Processor Information for processor 10
  Max Mhz: 1400, Current Mhz: 1400, Mhz Limit: 1400
Processor Information for processor 11
  Max Mhz: 1400, Current Mhz: 1400, Mhz Limit: 1400
Processor Information for processor 12
  Max Mhz: 1400, Current Mhz: 1400, Mhz Limit: 1400
Processor Information for processor 13
  Max Mhz: 1400, Current Mhz: 1400, Mhz Limit: 1400
Processor Information for processor 14
  Max Mhz: 1400, Current Mhz: 1400, Mhz Limit: 1400
Processor Information for processor 15
  Max Mhz: 1400, Current Mhz: 1400, Mhz Limit: 1400
Processor Information for processor 16
  Max Mhz: 1400, Current Mhz: 1000, Mhz Limit: 994
Processor Information for processor 17
  Max Mhz: 1400, Current Mhz: 1000, Mhz Limit: 994
Processor Information for processor 18
  Max Mhz: 1400, Current Mhz: 1000, Mhz Limit: 994
Processor Information for processor 19
  Max Mhz: 1400, Current Mhz: 1000, Mhz Limit: 994

Memory: 4k page, system-wide physical 16072M (3152M free)
TotalPageFile size 45582M (AvailPageFile size 766M)
current process WorkingSet (physical memory assigned to process): 1215M, peak: 1215M
current process commit charge ("private bytes"): 1267M, peak: 1267M

vm_info: OpenJDK 64-Bit Server VM (21.0.6+-13368085-b895.109) for windows-amd64 JRE (21.0.6+-13368085-b895.109), built on 2025-04-16T17:01:31Z by "builder" with MS VC++ 16.10 / 16.11 (VS2019)

END.
