#
# There is insufficient memory for the Java Runtime Environment to continue.
# Native memory allocation (mmap) failed to map 284164096 bytes. Error detail: G1 virtual space
# Possible reasons:
#   The system is out of physical RAM or swap space
#   This process is running with CompressedOops enabled, and the Java Heap may be blocking the growth of the native heap
# Possible solutions:
#   Reduce memory load on the system
#   Increase physical memory or swap space
#   Check if swap backing store is full
#   Decrease Java heap size (-Xmx/-Xms)
#   Decrease number of Java threads
#   Decrease Java thread stack sizes (-Xss)
#   Set larger code cache with -XX:ReservedCodeCacheSize=
#   JVM is running with Unscaled Compressed Oops mode in which the Java heap is
#     placed in the first 4GB address space. The Java Heap base address is the
#     maximum limit for the native heap growth. Please use -XX:HeapBaseMinAddress
#     to set the Java Heap base and to place the Java Heap above 4GB virtual address.
# This output file may be truncated or incomplete.
#
#  Out of Memory Error (os_windows.cpp:3898), pid=17560, tid=16476
#
# JRE version: OpenJDK Runtime Environment (21.0.6) (build 21.0.6+-13368085-b895.109)
# Java VM: OpenJDK 64-Bit Server VM (21.0.6+-13368085-b895.109, mixed mode, tiered, compressed oops, compressed class ptrs, g1 gc, windows-amd64)
# No core dump will be written. Minidumps are not enabled by default on client versions of Windows
#

---------------  S U M M A R Y ------------

Command Line: --add-opens=java.base/java.lang=ALL-UNNAMED --add-opens=java.base/java.lang.invoke=ALL-UNNAMED --add-opens=java.base/java.util=ALL-UNNAMED --add-opens=java.prefs/java.util.prefs=ALL-UNNAMED --add-exports=jdk.compiler/com.sun.tools.javac.api=ALL-UNNAMED --add-exports=jdk.compiler/com.sun.tools.javac.util=ALL-UNNAMED --add-opens=java.base/java.util=ALL-UNNAMED --add-opens=java.prefs/java.util.prefs=ALL-UNNAMED --add-opens=java.base/java.nio.charset=ALL-UNNAMED --add-opens=java.base/java.net=ALL-UNNAMED --add-opens=java.base/java.util.concurrent.atomic=ALL-UNNAMED --add-opens=java.xml/javax.xml.namespace=ALL-UNNAMED -Xmx2048m -Dfile.encoding=UTF-8 -Duser.country=US -Duser.language=en -Duser.variant -javaagent:C:\Users\PC-1802\.gradle\wrapper\dists\gradle-8.11.1-bin\bpt9gzteqjrbo1mjrsomdt32c\gradle-8.11.1\lib\agents\gradle-instrumentation-agent-8.11.1.jar org.gradle.launcher.daemon.bootstrap.GradleDaemon 8.11.1

Host: 12th Gen Intel(R) Core(TM) i7-12700T, 20 cores, 15G,  Windows 11 , 64 bit Build 26100 (10.0.26100.7623)
Time: Tue Feb  3 13:26:52 2026 SE Asia Standard Time elapsed time: 57.729159 seconds (0d 0h 0m 57s)

---------------  T H R E A D  ---------------

Current thread (0x0000018e5dafb730):  VMThread "VM Thread"          [id=16476, stack(0x0000003a59d00000,0x0000003a59e00000) (1024K)]

Stack: [0x0000003a59d00000,0x0000003a59e00000]
Native frames: (J=compiled Java code, j=interpreted, Vv=VM code, C=native code)
V  [jvm.dll+0x6d0639]
V  [jvm.dll+0x85eb03]
V  [jvm.dll+0x86105e]
V  [jvm.dll+0x861743]
V  [jvm.dll+0x27e6e6]
V  [jvm.dll+0x6ccfd5]
V  [jvm.dll+0x6c0a8a]
V  [jvm.dll+0x35537b]
V  [jvm.dll+0x35cfd6]
V  [jvm.dll+0x3aef86]
V  [jvm.dll+0x3af258]
V  [jvm.dll+0x327a2c]
V  [jvm.dll+0x327ab7]
V  [jvm.dll+0x36d93c]
V  [jvm.dll+0x36c0ee]
V  [jvm.dll+0x327181]
V  [jvm.dll+0x36b7f0]
V  [jvm.dll+0x8674c8]
V  [jvm.dll+0x868844]
V  [jvm.dll+0x868d80]
V  [jvm.dll+0x869013]
V  [jvm.dll+0x806ed8]
V  [jvm.dll+0x6cef0d]
C  [ucrtbase.dll+0x37b0]
C  [KERNEL32.DLL+0x2e8d7]
C  [ntdll.dll+0x8c53c]

VM_Operation (0x0000003a653fa620): G1CollectForAllocation, mode: safepoint, requested by thread 0x0000018e6c41fb40


---------------  P R O C E S S  ---------------

Threads class SMR info:
_java_thread_list=0x0000018e6ed0ec70, length=175, elements={
0x0000018e431d8930, 0x0000018e5de54500, 0x0000018e5de59370, 0x0000018e5de3d070,
0x0000018e5de3dc90, 0x0000018e5de3e2f0, 0x0000018e5de3ed40, 0x0000018e5de6a220,
0x0000018e5de40370, 0x0000018e5e0037f0, 0x0000018e5e353bc0, 0x0000018e642d8830,
0x0000018e643d8220, 0x0000018e64899fc0, 0x0000018e6441ae20, 0x0000018e6441b480,
0x0000018e6441bae0, 0x0000018e6487e5c0, 0x0000018e644e49c0, 0x0000018e646212a0,
0x0000018e64621900, 0x0000018e64a37d80, 0x0000018e64a38410, 0x0000018e64a376f0,
0x0000018e64a38aa0, 0x0000018e64a397c0, 0x0000018e64a39130, 0x0000018e64a39e50,
0x0000018e64a3a4e0, 0x0000018e64a37060, 0x0000018e64e0b490, 0x0000018e64e0bb20,
0x0000018e64e086a0, 0x0000018e64e0ae00, 0x0000018e64e0a0e0, 0x0000018e64e08d30,
0x0000018e64e0a770, 0x0000018e64e0c1b0, 0x0000018e64e0c840, 0x0000018e64e093c0,
0x0000018e64e0ced0, 0x0000018e64e09a50, 0x0000018e64e0d560, 0x0000018e64e0f630,
0x0000018e64e0e910, 0x0000018e64e0e280, 0x0000018e64e0dbf0, 0x0000018e64e0efa0,
0x0000018e64e0fcc0, 0x0000018e65edf170, 0x0000018e65edddc0, 0x0000018e65ee0bb0,
0x0000018e65ee3310, 0x0000018e65ee39a0, 0x0000018e65ee25f0, 0x0000018e65ee2c80,
0x0000018e65ee4030, 0x0000018e65ee4d50, 0x0000018e65ee46c0, 0x0000018e65ee18d0,
0x0000018e65ee53e0, 0x0000018e6daa06d0, 0x0000018e6da9e600, 0x0000018e6daa0d60,
0x0000018e6da9df70, 0x0000018e6da9ec90, 0x0000018e6da9f320, 0x0000018e6da9f9b0,
0x0000018e6d964910, 0x0000018e6d965cc0, 0x0000018e6d964fa0, 0x0000018e6d966350,
0x0000018e6d963bf0, 0x0000018e6e91f5b0, 0x0000018e6e584790, 0x0000018e6e585b40,
0x0000018e6e583a70, 0x0000018e6e584e20, 0x0000018e6e584100, 0x0000018e6e586860,
0x0000018e6e588930, 0x0000018e6e586ef0, 0x0000018e6e5882a0, 0x0000018e6e587580,
0x0000018e6e5854b0, 0x0000018e6e588fc0, 0x0000018e6e58aa00, 0x0000018e6e589650,
0x0000018e6e58a370, 0x0000018e6e587c10, 0x0000018e6e58bdb0, 0x0000018e6e589ce0,
0x0000018e6e58b720, 0x0000018e6e58de80, 0x0000018e6e58e510, 0x0000018e6e58eba0,
0x0000018e6e58f230, 0x0000018e64f79480, 0x0000018e64f7a1a0, 0x0000018e64f7cf90,
0x0000018e64f7b550, 0x0000018e64f79b10, 0x0000018e64f7bbe0, 0x0000018e64f7dcb0,
0x0000018e64f7d620, 0x0000018e64f7c900, 0x0000018e64f7e9d0, 0x0000018e64f80410,
0x0000018e64f7f060, 0x0000018e64f7e340, 0x0000018e64f7f6f0, 0x0000018e64f7fd80,
0x0000018e64f80aa0, 0x0000018e6d9669e0, 0x0000018e6d963560, 0x0000018e6d967d90,
0x0000018e6d968420, 0x0000018e6d968ab0, 0x0000018e6d967070, 0x0000018e6d969140,
0x0000018e6d9697d0, 0x0000018e6d969e60, 0x0000018e6d96a4f0, 0x0000018e6d96ab80,
0x0000018e6e9202d0, 0x0000018e6e91ef20, 0x0000018e6e920ff0, 0x0000018e6713d620,
0x0000018e6713dcf0, 0x0000018e6c421c10, 0x0000018e6c422fc0, 0x0000018e6c425db0,
0x0000018e6c4277f0, 0x0000018e6c426ad0, 0x0000018e6c425720, 0x0000018e6c424370,
0x0000018e6c419f60, 0x0000018e6c41a5f0, 0x0000018e6c41b310, 0x0000018e6c41ac80,
0x0000018e6c418bb0, 0x0000018e6c419240, 0x0000018e6c4198d0, 0x0000018e6c41b9a0,
0x0000018e6c418520, 0x0000018e6c41da70, 0x0000018e6c41ee20, 0x0000018e6c41c6c0,
0x0000018e6713e3c0, 0x0000018e6926a5a0, 0x0000018e6926c670, 0x0000018e6926b2c0,
0x0000018e69269880, 0x0000018e69269f10, 0x0000018e6926e0b0, 0x0000018e6926faf0,
0x0000018e6926da20, 0x0000018e6713c880, 0x0000018e69270ea0, 0x0000018e69271bc0,
0x0000018e69270810, 0x0000018e692728e0, 0x0000018e6c41cd50, 0x0000018e6c41f4b0,
0x0000018e6c41c030, 0x0000018e6c41fb40, 0x0000018e6c4201d0, 0x0000018e6c41e790,
0x0000018e6c420860, 0x0000018e671405d0, 0x0000018e6713cf50, 0x0000018e67141370,
0x0000018e67140ca0, 0x0000018e67141a40, 0x0000018e67142110
}

Java Threads: ( => current thread )
  0x0000018e431d8930 JavaThread "main"                              [_thread_blocked, id=3088, stack(0x0000003a59600000,0x0000003a59700000) (1024K)]
  0x0000018e5de54500 JavaThread "Reference Handler"          daemon [_thread_blocked, id=21628, stack(0x0000003a59e00000,0x0000003a59f00000) (1024K)]
  0x0000018e5de59370 JavaThread "Finalizer"                  daemon [_thread_blocked, id=15308, stack(0x0000003a59f00000,0x0000003a5a000000) (1024K)]
  0x0000018e5de3d070 JavaThread "Signal Dispatcher"          daemon [_thread_blocked, id=5832, stack(0x0000003a5a000000,0x0000003a5a100000) (1024K)]
  0x0000018e5de3dc90 JavaThread "Attach Listener"            daemon [_thread_blocked, id=11092, stack(0x0000003a5a100000,0x0000003a5a200000) (1024K)]
  0x0000018e5de3e2f0 JavaThread "Service Thread"             daemon [_thread_blocked, id=13852, stack(0x0000003a5a200000,0x0000003a5a300000) (1024K)]
  0x0000018e5de3ed40 JavaThread "Monitor Deflation Thread"   daemon [_thread_blocked, id=19068, stack(0x0000003a5a300000,0x0000003a5a400000) (1024K)]
  0x0000018e5de6a220 JavaThread "C2 CompilerThread0"         daemon [_thread_blocked, id=14968, stack(0x0000003a5a400000,0x0000003a5a500000) (1024K)]
  0x0000018e5de40370 JavaThread "C1 CompilerThread0"         daemon [_thread_blocked, id=17404, stack(0x0000003a5a500000,0x0000003a5a600000) (1024K)]
  0x0000018e5e0037f0 JavaThread "Common-Cleaner"             daemon [_thread_blocked, id=21356, stack(0x0000003a5a600000,0x0000003a5a700000) (1024K)]
  0x0000018e5e353bc0 JavaThread "Notification Thread"        daemon [_thread_blocked, id=12424, stack(0x0000003a5a900000,0x0000003a5aa00000) (1024K)]
  0x0000018e642d8830 JavaThread "Daemon health stats"               [_thread_blocked, id=22136, stack(0x0000003a5b500000,0x0000003a5b600000) (1024K)]
  0x0000018e643d8220 JavaThread "Incoming local TCP Connector on port 56525"        [_thread_in_native, id=2012, stack(0x0000003a5b600000,0x0000003a5b700000) (1024K)]
  0x0000018e64899fc0 JavaThread "Daemon periodic checks"            [_thread_blocked, id=14652, stack(0x0000003a5b700000,0x0000003a5b800000) (1024K)]
  0x0000018e6441ae20 JavaThread "Daemon"                            [_thread_blocked, id=9740, stack(0x0000003a5b800000,0x0000003a5b900000) (1024K)]
  0x0000018e6441b480 JavaThread "Handler for socket connection from /127.0.0.1:56525 to /127.0.0.1:56527"        [_thread_in_native, id=16972, stack(0x0000003a5b900000,0x0000003a5ba00000) (1024K)]
  0x0000018e6441bae0 JavaThread "Cancel handler"                    [_thread_blocked, id=13992, stack(0x0000003a5ba00000,0x0000003a5bb00000) (1024K)]
  0x0000018e6487e5c0 JavaThread "Daemon worker"                     [_thread_blocked, id=14352, stack(0x0000003a5bb00000,0x0000003a5bc00000) (1024K)]
  0x0000018e644e49c0 JavaThread "Asynchronous log dispatcher for DefaultDaemonConnection: socket connection from /127.0.0.1:56525 to /127.0.0.1:56527"        [_thread_blocked, id=3336, stack(0x0000003a5bc00000,0x0000003a5bd00000) (1024K)]
  0x0000018e646212a0 JavaThread "Stdin handler"                     [_thread_blocked, id=20484, stack(0x0000003a5bd00000,0x0000003a5be00000) (1024K)]
  0x0000018e64621900 JavaThread "Daemon client event forwarder"        [_thread_blocked, id=14300, stack(0x0000003a5be00000,0x0000003a5bf00000) (1024K)]
  0x0000018e64a37d80 JavaThread "Cache worker for journal cache (C:\Users\PC-1802\.gradle\caches\journal-1)"        [_thread_blocked, id=18384, stack(0x0000003a5c900000,0x0000003a5ca00000) (1024K)]
  0x0000018e64a38410 JavaThread "File lock request listener"        [_thread_in_native, id=4040, stack(0x0000003a5ca00000,0x0000003a5cb00000) (1024K)]
  0x0000018e64a376f0 JavaThread "Cache worker for file hash cache (C:\Users\PC-1802\.gradle\caches\8.11.1\fileHashes)"        [_thread_blocked, id=2080, stack(0x0000003a5cb00000,0x0000003a5cc00000) (1024K)]
  0x0000018e64a38aa0 JavaThread "Cache worker for file content cache (C:\Users\PC-1802\.gradle\caches\8.11.1\fileContent)"        [_thread_blocked, id=18192, stack(0x0000003a5cc00000,0x0000003a5cd00000) (1024K)]
  0x0000018e64a397c0 JavaThread "Cache worker for file hash cache (C:\Users\PC-1802\Documents\GitHub\CP213_169LearnAndroid\lab\.gradle\8.11.1\fileHashes)"        [_thread_blocked, id=14456, stack(0x0000003a5cd00000,0x0000003a5ce00000) (1024K)]
  0x0000018e64a39130 JavaThread "Cache worker for Build Output Cleanup Cache (C:\Users\PC-1802\Documents\GitHub\CP213_169LearnAndroid\lab\.gradle\buildOutputCleanup)"        [_thread_blocked, id=13552, stack(0x0000003a5ce00000,0x0000003a5cf00000) (1024K)]
  0x0000018e64a39e50 JavaThread "File watcher server"        daemon [_thread_in_native, id=14924, stack(0x0000003a5cf00000,0x0000003a5d000000) (1024K)]
  0x0000018e64a3a4e0 JavaThread "File watcher consumer"      daemon [_thread_blocked, id=22384, stack(0x0000003a5d000000,0x0000003a5d100000) (1024K)]
  0x0000018e64a37060 JavaThread "jar transforms"                    [_thread_blocked, id=18552, stack(0x0000003a5aa00000,0x0000003a5ab00000) (1024K)]
  0x0000018e64e0b490 JavaThread "jar transforms Thread 2"           [_thread_blocked, id=9032, stack(0x0000003a5ab00000,0x0000003a5ac00000) (1024K)]
  0x0000018e64e0bb20 JavaThread "jar transforms Thread 3"           [_thread_blocked, id=22120, stack(0x0000003a5ac00000,0x0000003a5ad00000) (1024K)]
  0x0000018e64e086a0 JavaThread "jar transforms Thread 4"           [_thread_blocked, id=1448, stack(0x0000003a5d100000,0x0000003a5d200000) (1024K)]
  0x0000018e64e0ae00 JavaThread "jar transforms Thread 5"           [_thread_blocked, id=10892, stack(0x0000003a5d200000,0x0000003a5d300000) (1024K)]
  0x0000018e64e0a0e0 JavaThread "jar transforms Thread 6"           [_thread_blocked, id=20072, stack(0x0000003a5d300000,0x0000003a5d400000) (1024K)]
  0x0000018e64e08d30 JavaThread "jar transforms Thread 7"           [_thread_blocked, id=1552, stack(0x0000003a5d400000,0x0000003a5d500000) (1024K)]
  0x0000018e64e0a770 JavaThread "jar transforms Thread 8"           [_thread_blocked, id=14596, stack(0x0000003a5d500000,0x0000003a5d600000) (1024K)]
  0x0000018e64e0c1b0 JavaThread "jar transforms Thread 9"           [_thread_blocked, id=12980, stack(0x0000003a5d600000,0x0000003a5d700000) (1024K)]
  0x0000018e64e0c840 JavaThread "jar transforms Thread 10"          [_thread_blocked, id=15844, stack(0x0000003a5d700000,0x0000003a5d800000) (1024K)]
  0x0000018e64e093c0 JavaThread "jar transforms Thread 11"          [_thread_blocked, id=12256, stack(0x0000003a5d800000,0x0000003a5d900000) (1024K)]
  0x0000018e64e0ced0 JavaThread "jar transforms Thread 12"          [_thread_blocked, id=16320, stack(0x0000003a5d900000,0x0000003a5da00000) (1024K)]
  0x0000018e64e09a50 JavaThread "jar transforms Thread 13"          [_thread_blocked, id=20792, stack(0x0000003a5da00000,0x0000003a5db00000) (1024K)]
  0x0000018e64e0d560 JavaThread "jar transforms Thread 14"          [_thread_blocked, id=14668, stack(0x0000003a5db00000,0x0000003a5dc00000) (1024K)]
  0x0000018e64e0f630 JavaThread "jar transforms Thread 15"          [_thread_blocked, id=20324, stack(0x0000003a5dc00000,0x0000003a5dd00000) (1024K)]
  0x0000018e64e0e910 JavaThread "jar transforms Thread 16"          [_thread_blocked, id=18628, stack(0x0000003a5dd00000,0x0000003a5de00000) (1024K)]
  0x0000018e64e0e280 JavaThread "jar transforms Thread 17"          [_thread_blocked, id=16880, stack(0x0000003a5de00000,0x0000003a5df00000) (1024K)]
  0x0000018e64e0dbf0 JavaThread "jar transforms Thread 18"          [_thread_blocked, id=19296, stack(0x0000003a5df00000,0x0000003a5e000000) (1024K)]
  0x0000018e64e0efa0 JavaThread "jar transforms Thread 19"          [_thread_blocked, id=15660, stack(0x0000003a5e000000,0x0000003a5e100000) (1024K)]
  0x0000018e64e0fcc0 JavaThread "jar transforms Thread 20"          [_thread_blocked, id=22436, stack(0x0000003a5e100000,0x0000003a5e200000) (1024K)]
  0x0000018e65edf170 JavaThread "Cache worker for checksums cache (C:\Users\PC-1802\Documents\GitHub\CP213_169LearnAndroid\lab\.gradle\8.11.1\checksums)"        [_thread_blocked, id=10988, stack(0x0000003a5e400000,0x0000003a5e500000) (1024K)]
  0x0000018e65edddc0 JavaThread "Cache worker for cache directory md-rule (C:\Users\PC-1802\.gradle\caches\8.11.1\md-rule)"        [_thread_blocked, id=10536, stack(0x0000003a5e500000,0x0000003a5e600000) (1024K)]
  0x0000018e65ee0bb0 JavaThread "Cache worker for cache directory md-supplier (C:\Users\PC-1802\.gradle\caches\8.11.1\md-supplier)"        [_thread_blocked, id=1744, stack(0x0000003a5e600000,0x0000003a5e700000) (1024K)]
  0x0000018e65ee3310 JavaThread "Unconstrained build operations"        [_thread_blocked, id=13756, stack(0x0000003a5eb00000,0x0000003a5ec00000) (1024K)]
  0x0000018e65ee39a0 JavaThread "Unconstrained build operations Thread 2"        [_thread_blocked, id=560, stack(0x0000003a5ec00000,0x0000003a5ed00000) (1024K)]
  0x0000018e65ee25f0 JavaThread "Unconstrained build operations Thread 3"        [_thread_blocked, id=8772, stack(0x0000003a5ed00000,0x0000003a5ee00000) (1024K)]
  0x0000018e65ee2c80 JavaThread "Unconstrained build operations Thread 4"        [_thread_blocked, id=10360, stack(0x0000003a5ee00000,0x0000003a5ef00000) (1024K)]
  0x0000018e65ee4030 JavaThread "Unconstrained build operations Thread 5"        [_thread_blocked, id=6040, stack(0x0000003a5e900000,0x0000003a5ea00000) (1024K)]
  0x0000018e65ee4d50 JavaThread "Unconstrained build operations Thread 6"        [_thread_blocked, id=9708, stack(0x0000003a5ea00000,0x0000003a5eb00000) (1024K)]
  0x0000018e65ee46c0 JavaThread "Unconstrained build operations Thread 7"        [_thread_blocked, id=7576, stack(0x0000003a5ef00000,0x0000003a5f000000) (1024K)]
  0x0000018e65ee18d0 JavaThread "Unconstrained build operations Thread 8"        [_thread_blocked, id=2124, stack(0x0000003a5f000000,0x0000003a5f100000) (1024K)]
  0x0000018e65ee53e0 JavaThread "Unconstrained build operations Thread 9"        [_thread_blocked, id=6224, stack(0x0000003a5f100000,0x0000003a5f200000) (1024K)]
  0x0000018e6daa06d0 JavaThread "Unconstrained build operations Thread 10"        [_thread_blocked, id=14708, stack(0x0000003a5f200000,0x0000003a5f300000) (1024K)]
  0x0000018e6da9e600 JavaThread "Unconstrained build operations Thread 11"        [_thread_blocked, id=20236, stack(0x0000003a5f300000,0x0000003a5f400000) (1024K)]
  0x0000018e6daa0d60 JavaThread "Unconstrained build operations Thread 12"        [_thread_blocked, id=3076, stack(0x0000003a5f400000,0x0000003a5f500000) (1024K)]
  0x0000018e6da9df70 JavaThread "Unconstrained build operations Thread 13"        [_thread_blocked, id=21676, stack(0x0000003a5e200000,0x0000003a5e300000) (1024K)]
  0x0000018e6da9ec90 JavaThread "Unconstrained build operations Thread 14"        [_thread_blocked, id=8868, stack(0x0000003a5e300000,0x0000003a5e400000) (1024K)]
  0x0000018e6da9f320 JavaThread "Unconstrained build operations Thread 15"        [_thread_blocked, id=6668, stack(0x0000003a5e700000,0x0000003a5e800000) (1024K)]
  0x0000018e6da9f9b0 JavaThread "Unconstrained build operations Thread 16"        [_thread_blocked, id=19880, stack(0x0000003a5e800000,0x0000003a5e900000) (1024K)]
  0x0000018e6d964910 JavaThread "Unconstrained build operations Thread 17"        [_thread_blocked, id=8524, stack(0x0000003a5f500000,0x0000003a5f600000) (1024K)]
  0x0000018e6d965cc0 JavaThread "Unconstrained build operations Thread 18"        [_thread_blocked, id=22524, stack(0x0000003a5f600000,0x0000003a5f700000) (1024K)]
  0x0000018e6d964fa0 JavaThread "Unconstrained build operations Thread 19"        [_thread_blocked, id=19524, stack(0x0000003a5f700000,0x0000003a5f800000) (1024K)]
  0x0000018e6d966350 JavaThread "Unconstrained build operations Thread 20"        [_thread_blocked, id=14348, stack(0x0000003a5f800000,0x0000003a5f900000) (1024K)]
  0x0000018e6d963bf0 JavaThread "Unconstrained build operations Thread 21"        [_thread_blocked, id=17312, stack(0x0000003a5f900000,0x0000003a5fa00000) (1024K)]
  0x0000018e6e91f5b0 JavaThread "Kotlin DSL Writer"                 [_thread_blocked, id=19548, stack(0x0000003a5a700000,0x0000003a5a800000) (1024K)]
  0x0000018e6e584790 JavaThread "Unconstrained build operations Thread 22"        [_thread_blocked, id=21464, stack(0x0000003a5b200000,0x0000003a5b300000) (1024K)]
  0x0000018e6e585b40 JavaThread "Unconstrained build operations Thread 23"        [_thread_blocked, id=12384, stack(0x0000003a5fa00000,0x0000003a5fb00000) (1024K)]
  0x0000018e6e583a70 JavaThread "Unconstrained build operations Thread 24"        [_thread_blocked, id=18748, stack(0x0000003a5fd00000,0x0000003a5fe00000) (1024K)]
  0x0000018e6e584e20 JavaThread "Unconstrained build operations Thread 25"        [_thread_blocked, id=5204, stack(0x0000003a5ff00000,0x0000003a60000000) (1024K)]
  0x0000018e6e584100 JavaThread "Unconstrained build operations Thread 26"        [_thread_blocked, id=7660, stack(0x0000003a60100000,0x0000003a60200000) (1024K)]
  0x0000018e6e586860 JavaThread "Unconstrained build operations Thread 27"        [_thread_blocked, id=22300, stack(0x0000003a60200000,0x0000003a60300000) (1024K)]
  0x0000018e6e588930 JavaThread "Unconstrained build operations Thread 28"        [_thread_blocked, id=14568, stack(0x0000003a60300000,0x0000003a60400000) (1024K)]
  0x0000018e6e586ef0 JavaThread "Unconstrained build operations Thread 29"        [_thread_blocked, id=21284, stack(0x0000003a60400000,0x0000003a60500000) (1024K)]
  0x0000018e6e5882a0 JavaThread "Unconstrained build operations Thread 30"        [_thread_blocked, id=14152, stack(0x0000003a60500000,0x0000003a60600000) (1024K)]
  0x0000018e6e587580 JavaThread "Unconstrained build operations Thread 31"        [_thread_blocked, id=18312, stack(0x0000003a60600000,0x0000003a60700000) (1024K)]
  0x0000018e6e5854b0 JavaThread "Unconstrained build operations Thread 32"        [_thread_blocked, id=14636, stack(0x0000003a60700000,0x0000003a60800000) (1024K)]
  0x0000018e6e588fc0 JavaThread "Unconstrained build operations Thread 33"        [_thread_blocked, id=15924, stack(0x0000003a60800000,0x0000003a60900000) (1024K)]
  0x0000018e6e58aa00 JavaThread "Unconstrained build operations Thread 34"        [_thread_blocked, id=20384, stack(0x0000003a60900000,0x0000003a60a00000) (1024K)]
  0x0000018e6e589650 JavaThread "Unconstrained build operations Thread 35"        [_thread_blocked, id=7988, stack(0x0000003a60a00000,0x0000003a60b00000) (1024K)]
  0x0000018e6e58a370 JavaThread "Unconstrained build operations Thread 36"        [_thread_blocked, id=17168, stack(0x0000003a60b00000,0x0000003a60c00000) (1024K)]
  0x0000018e6e587c10 JavaThread "Unconstrained build operations Thread 37"        [_thread_blocked, id=8920, stack(0x0000003a60c00000,0x0000003a60d00000) (1024K)]
  0x0000018e6e58bdb0 JavaThread "Unconstrained build operations Thread 38"        [_thread_blocked, id=19856, stack(0x0000003a60d00000,0x0000003a60e00000) (1024K)]
  0x0000018e6e589ce0 JavaThread "Unconstrained build operations Thread 39"        [_thread_blocked, id=19744, stack(0x0000003a60e00000,0x0000003a60f00000) (1024K)]
  0x0000018e6e58b720 JavaThread "Unconstrained build operations Thread 40"        [_thread_blocked, id=18960, stack(0x0000003a60f00000,0x0000003a61000000) (1024K)]
  0x0000018e6e58de80 JavaThread "Unconstrained build operations Thread 41"        [_thread_blocked, id=4224, stack(0x0000003a59400000,0x0000003a59500000) (1024K)]
  0x0000018e6e58e510 JavaThread "Unconstrained build operations Thread 42"        [_thread_blocked, id=19840, stack(0x0000003a5a800000,0x0000003a5a900000) (1024K)]
  0x0000018e6e58eba0 JavaThread "Unconstrained build operations Thread 43"        [_thread_blocked, id=17636, stack(0x0000003a61000000,0x0000003a61100000) (1024K)]
  0x0000018e6e58f230 JavaThread "Unconstrained build operations Thread 44"        [_thread_blocked, id=19356, stack(0x0000003a61100000,0x0000003a61200000) (1024K)]
  0x0000018e64f79480 JavaThread "Unconstrained build operations Thread 45"        [_thread_blocked, id=8088, stack(0x0000003a61200000,0x0000003a61300000) (1024K)]
  0x0000018e64f7a1a0 JavaThread "Unconstrained build operations Thread 46"        [_thread_blocked, id=9272, stack(0x0000003a61300000,0x0000003a61400000) (1024K)]
  0x0000018e64f7cf90 JavaThread "Unconstrained build operations Thread 47"        [_thread_blocked, id=19508, stack(0x0000003a61400000,0x0000003a61500000) (1024K)]
  0x0000018e64f7b550 JavaThread "Unconstrained build operations Thread 48"        [_thread_blocked, id=12504, stack(0x0000003a61500000,0x0000003a61600000) (1024K)]
  0x0000018e64f79b10 JavaThread "Unconstrained build operations Thread 49"        [_thread_blocked, id=18088, stack(0x0000003a61600000,0x0000003a61700000) (1024K)]
  0x0000018e64f7bbe0 JavaThread "Unconstrained build operations Thread 50"        [_thread_blocked, id=15812, stack(0x0000003a61700000,0x0000003a61800000) (1024K)]
  0x0000018e64f7dcb0 JavaThread "Unconstrained build operations Thread 51"        [_thread_blocked, id=13280, stack(0x0000003a61800000,0x0000003a61900000) (1024K)]
  0x0000018e64f7d620 JavaThread "Unconstrained build operations Thread 52"        [_thread_blocked, id=21264, stack(0x0000003a61900000,0x0000003a61a00000) (1024K)]
  0x0000018e64f7c900 JavaThread "Unconstrained build operations Thread 53"        [_thread_blocked, id=19756, stack(0x0000003a61a00000,0x0000003a61b00000) (1024K)]
  0x0000018e64f7e9d0 JavaThread "Unconstrained build operations Thread 54"        [_thread_blocked, id=20940, stack(0x0000003a61b00000,0x0000003a61c00000) (1024K)]
  0x0000018e64f80410 JavaThread "Unconstrained build operations Thread 55"        [_thread_blocked, id=13560, stack(0x0000003a61c00000,0x0000003a61d00000) (1024K)]
  0x0000018e64f7f060 JavaThread "Unconstrained build operations Thread 56"        [_thread_blocked, id=17932, stack(0x0000003a61d00000,0x0000003a61e00000) (1024K)]
  0x0000018e64f7e340 JavaThread "Unconstrained build operations Thread 57"        [_thread_blocked, id=9528, stack(0x0000003a61e00000,0x0000003a61f00000) (1024K)]
  0x0000018e64f7f6f0 JavaThread "Unconstrained build operations Thread 58"        [_thread_blocked, id=7420, stack(0x0000003a61f00000,0x0000003a62000000) (1024K)]
  0x0000018e64f7fd80 JavaThread "Unconstrained build operations Thread 59"        [_thread_blocked, id=20596, stack(0x0000003a62000000,0x0000003a62100000) (1024K)]
  0x0000018e64f80aa0 JavaThread "Unconstrained build operations Thread 60"        [_thread_blocked, id=10576, stack(0x0000003a62100000,0x0000003a62200000) (1024K)]
  0x0000018e6d9669e0 JavaThread "Unconstrained build operations Thread 61"        [_thread_blocked, id=18052, stack(0x0000003a62200000,0x0000003a62300000) (1024K)]
  0x0000018e6d963560 JavaThread "Unconstrained build operations Thread 62"        [_thread_blocked, id=20356, stack(0x0000003a62300000,0x0000003a62400000) (1024K)]
  0x0000018e6d967d90 JavaThread "Unconstrained build operations Thread 63"        [_thread_blocked, id=9236, stack(0x0000003a62400000,0x0000003a62500000) (1024K)]
  0x0000018e6d968420 JavaThread "Unconstrained build operations Thread 64"        [_thread_blocked, id=1252, stack(0x0000003a62500000,0x0000003a62600000) (1024K)]
  0x0000018e6d968ab0 JavaThread "Unconstrained build operations Thread 65"        [_thread_blocked, id=15744, stack(0x0000003a62600000,0x0000003a62700000) (1024K)]
  0x0000018e6d967070 JavaThread "Unconstrained build operations Thread 66"        [_thread_blocked, id=14092, stack(0x0000003a62700000,0x0000003a62800000) (1024K)]
  0x0000018e6d969140 JavaThread "Unconstrained build operations Thread 67"        [_thread_blocked, id=10224, stack(0x0000003a62800000,0x0000003a62900000) (1024K)]
  0x0000018e6d9697d0 JavaThread "Unconstrained build operations Thread 68"        [_thread_blocked, id=2744, stack(0x0000003a62900000,0x0000003a62a00000) (1024K)]
  0x0000018e6d969e60 JavaThread "Unconstrained build operations Thread 69"        [_thread_blocked, id=7792, stack(0x0000003a62a00000,0x0000003a62b00000) (1024K)]
  0x0000018e6d96a4f0 JavaThread "Unconstrained build operations Thread 70"        [_thread_blocked, id=3772, stack(0x0000003a62b00000,0x0000003a62c00000) (1024K)]
  0x0000018e6d96ab80 JavaThread "Unconstrained build operations Thread 71"        [_thread_blocked, id=19504, stack(0x0000003a62c00000,0x0000003a62d00000) (1024K)]
  0x0000018e6e9202d0 JavaThread "Unconstrained build operations Thread 72"        [_thread_blocked, id=2296, stack(0x0000003a62d00000,0x0000003a62e00000) (1024K)]
  0x0000018e6e91ef20 JavaThread "Unconstrained build operations Thread 73"        [_thread_blocked, id=14912, stack(0x0000003a62e00000,0x0000003a62f00000) (1024K)]
  0x0000018e6e920ff0 JavaThread "Unconstrained build operations Thread 74"        [_thread_blocked, id=20608, stack(0x0000003a62f00000,0x0000003a63000000) (1024K)]
  0x0000018e6713d620 JavaThread "C1 CompilerThread1"         daemon [_thread_blocked, id=952, stack(0x0000003a5fb00000,0x0000003a5fc00000) (1024K)]
  0x0000018e6713dcf0 JavaThread "C1 CompilerThread2"         daemon [_thread_blocked, id=22492, stack(0x0000003a5fc00000,0x0000003a5fd00000) (1024K)]
  0x0000018e6c421c10 JavaThread "Unconstrained build operations Thread 75"        [_thread_blocked, id=4976, stack(0x0000003a5fe00000,0x0000003a5ff00000) (1024K)]
  0x0000018e6c422fc0 JavaThread "Unconstrained build operations Thread 76"        [_thread_blocked, id=19364, stack(0x0000003a63000000,0x0000003a63100000) (1024K)]
  0x0000018e6c425db0 JavaThread "Unconstrained build operations Thread 77"        [_thread_blocked, id=11548, stack(0x0000003a63100000,0x0000003a63200000) (1024K)]
  0x0000018e6c4277f0 JavaThread "Unconstrained build operations Thread 78"        [_thread_blocked, id=9848, stack(0x0000003a63300000,0x0000003a63400000) (1024K)]
  0x0000018e6c426ad0 JavaThread "Unconstrained build operations Thread 79"        [_thread_blocked, id=11280, stack(0x0000003a63500000,0x0000003a63600000) (1024K)]
  0x0000018e6c425720 JavaThread "Unconstrained build operations Thread 80"        [_thread_blocked, id=8056, stack(0x0000003a63600000,0x0000003a63700000) (1024K)]
  0x0000018e6c424370 JavaThread "Unconstrained build operations Thread 81"        [_thread_blocked, id=17708, stack(0x0000003a63700000,0x0000003a63800000) (1024K)]
  0x0000018e6c419f60 JavaThread "Unconstrained build operations Thread 82"        [_thread_blocked, id=17988, stack(0x0000003a63800000,0x0000003a63900000) (1024K)]
  0x0000018e6c41a5f0 JavaThread "Unconstrained build operations Thread 83"        [_thread_blocked, id=11596, stack(0x0000003a63900000,0x0000003a63a00000) (1024K)]
  0x0000018e6c41b310 JavaThread "Unconstrained build operations Thread 84"        [_thread_blocked, id=15860, stack(0x0000003a63a00000,0x0000003a63b00000) (1024K)]
  0x0000018e6c41ac80 JavaThread "Unconstrained build operations Thread 85"        [_thread_blocked, id=19588, stack(0x0000003a63b00000,0x0000003a63c00000) (1024K)]
  0x0000018e6c418bb0 JavaThread "Unconstrained build operations Thread 86"        [_thread_blocked, id=13912, stack(0x0000003a63c00000,0x0000003a63d00000) (1024K)]
  0x0000018e6c419240 JavaThread "Unconstrained build operations Thread 87"        [_thread_blocked, id=20776, stack(0x0000003a63e00000,0x0000003a63f00000) (1024K)]
  0x0000018e6c4198d0 JavaThread "Unconstrained build operations Thread 88"        [_thread_blocked, id=17620, stack(0x0000003a63f00000,0x0000003a64000000) (1024K)]
  0x0000018e6c41b9a0 JavaThread "Unconstrained build operations Thread 89"        [_thread_blocked, id=1808, stack(0x0000003a64000000,0x0000003a64100000) (1024K)]
  0x0000018e6c418520 JavaThread "Unconstrained build operations Thread 90"        [_thread_blocked, id=16576, stack(0x0000003a64200000,0x0000003a64300000) (1024K)]
  0x0000018e6c41da70 JavaThread "Unconstrained build operations Thread 91"        [_thread_blocked, id=20112, stack(0x0000003a64300000,0x0000003a64400000) (1024K)]
  0x0000018e6c41ee20 JavaThread "Unconstrained build operations Thread 92"        [_thread_blocked, id=5436, stack(0x0000003a64400000,0x0000003a64500000) (1024K)]
  0x0000018e6c41c6c0 JavaThread "Unconstrained build operations Thread 93"        [_thread_blocked, id=8068, stack(0x0000003a64500000,0x0000003a64600000) (1024K)]
  0x0000018e6713e3c0 JavaThread "C2 CompilerThread1"         daemon [_thread_blocked, id=22140, stack(0x0000003a63200000,0x0000003a63300000) (1024K)]
  0x0000018e6926a5a0 JavaThread "Unconstrained build operations Thread 94"        [_thread_blocked, id=19552, stack(0x0000003a63400000,0x0000003a63500000) (1024K)]
  0x0000018e6926c670 JavaThread "Unconstrained build operations Thread 95"        [_thread_blocked, id=22252, stack(0x0000003a63d00000,0x0000003a63e00000) (1024K)]
  0x0000018e6926b2c0 JavaThread "Unconstrained build operations Thread 96"        [_thread_blocked, id=5188, stack(0x0000003a64100000,0x0000003a64200000) (1024K)]
  0x0000018e69269880 JavaThread "Unconstrained build operations Thread 97"        [_thread_blocked, id=8480, stack(0x0000003a64600000,0x0000003a64700000) (1024K)]
  0x0000018e69269f10 JavaThread "Unconstrained build operations Thread 98"        [_thread_blocked, id=13716, stack(0x0000003a64700000,0x0000003a64800000) (1024K)]
  0x0000018e6926e0b0 JavaThread "Unconstrained build operations Thread 99"        [_thread_blocked, id=15208, stack(0x0000003a64800000,0x0000003a64900000) (1024K)]
  0x0000018e6926faf0 JavaThread "Unconstrained build operations Thread 100"        [_thread_blocked, id=14028, stack(0x0000003a64900000,0x0000003a64a00000) (1024K)]
  0x0000018e6926da20 JavaThread "Unconstrained build operations Thread 101"        [_thread_blocked, id=16540, stack(0x0000003a64a00000,0x0000003a64b00000) (1024K)]
  0x0000018e6713c880 JavaThread "C2 CompilerThread2"         daemon [_thread_blocked, id=4364, stack(0x0000003a64b00000,0x0000003a64c00000) (1024K)]
  0x0000018e69270ea0 JavaThread "Unconstrained build operations Thread 102"        [_thread_blocked, id=4896, stack(0x0000003a64c00000,0x0000003a64d00000) (1024K)]
  0x0000018e69271bc0 JavaThread "Unconstrained build operations Thread 103"        [_thread_blocked, id=3160, stack(0x0000003a64d00000,0x0000003a64e00000) (1024K)]
  0x0000018e69270810 JavaThread "Unconstrained build operations Thread 104"        [_thread_blocked, id=16168, stack(0x0000003a64e00000,0x0000003a64f00000) (1024K)]
  0x0000018e692728e0 JavaThread "Unconstrained build operations Thread 105"        [_thread_blocked, id=12912, stack(0x0000003a64f00000,0x0000003a65000000) (1024K)]
  0x0000018e6c41cd50 JavaThread "Unconstrained build operations Thread 106"        [_thread_blocked, id=17028, stack(0x0000003a65000000,0x0000003a65100000) (1024K)]
  0x0000018e6c41f4b0 JavaThread "Unconstrained build operations Thread 107"        [_thread_blocked, id=14556, stack(0x0000003a65100000,0x0000003a65200000) (1024K)]
  0x0000018e6c41c030 JavaThread "Unconstrained build operations Thread 108"        [_thread_blocked, id=12968, stack(0x0000003a65200000,0x0000003a65300000) (1024K)]
  0x0000018e6c41fb40 JavaThread "Unconstrained build operations Thread 109"        [_thread_blocked, id=14724, stack(0x0000003a65300000,0x0000003a65400000) (1024K)]
  0x0000018e6c4201d0 JavaThread "Unconstrained build operations Thread 110"        [_thread_blocked, id=15172, stack(0x0000003a65400000,0x0000003a65500000) (1024K)]
  0x0000018e6c41e790 JavaThread "Unconstrained build operations Thread 111"        [_thread_blocked, id=13684, stack(0x0000003a65500000,0x0000003a65600000) (1024K)]
  0x0000018e6c420860 JavaThread "Unconstrained build operations Thread 112"        [_thread_blocked, id=3128, stack(0x0000003a65600000,0x0000003a65700000) (1024K)]
  0x0000018e671405d0 JavaThread "C1 CompilerThread3"         daemon [_thread_blocked, id=20096, stack(0x0000003a65700000,0x0000003a65800000) (1024K)]
  0x0000018e6713cf50 JavaThread "C2 CompilerThread3"         daemon [_thread_blocked, id=11148, stack(0x0000003a65800000,0x0000003a65900000) (1024K)]
  0x0000018e67141370 JavaThread "C2 CompilerThread4"         daemon [_thread_blocked, id=13616, stack(0x0000003a65900000,0x0000003a65a00000) (1024K)]
  0x0000018e67140ca0 JavaThread "C2 CompilerThread5"         daemon [_thread_blocked, id=12620, stack(0x0000003a65a00000,0x0000003a65b00000) (1024K)]
  0x0000018e67141a40 JavaThread "C2 CompilerThread6"         daemon [_thread_blocked, id=7984, stack(0x0000003a65b00000,0x0000003a65c00000) (1024K)]
  0x0000018e67142110 JavaThread "C2 CompilerThread7"         daemon [_thread_blocked, id=10556, stack(0x0000003a65c00000,0x0000003a65d00000) (1024K)]
Total: 175

Other Threads:
=>0x0000018e5dafb730 VMThread "VM Thread"                           [id=16476, stack(0x0000003a59d00000,0x0000003a59e00000) (1024K)]
  0x0000018e5dda19e0 WatcherThread "VM Periodic Task Thread"        [id=8324, stack(0x0000003a59c00000,0x0000003a59d00000) (1024K)]
  0x0000018e45655d30 WorkerThread "GC Thread#0"                     [id=3060, stack(0x0000003a59700000,0x0000003a59800000) (1024K)]
  0x0000018e5e629670 WorkerThread "GC Thread#1"                     [id=11228, stack(0x0000003a5ad00000,0x0000003a5ae00000) (1024K)]
  0x0000018e5e78c6c0 WorkerThread "GC Thread#2"                     [id=18024, stack(0x0000003a5ae00000,0x0000003a5af00000) (1024K)]
  0x0000018e5e78ca60 WorkerThread "GC Thread#3"                     [id=11488, stack(0x0000003a5af00000,0x0000003a5b000000) (1024K)]
  0x0000018e5e78ce00 WorkerThread "GC Thread#4"                     [id=2488, stack(0x0000003a5b000000,0x0000003a5b100000) (1024K)]
  0x0000018e5e5f68d0 WorkerThread "GC Thread#5"                     [id=4900, stack(0x0000003a5b100000,0x0000003a5b200000) (1024K)]
  0x0000018e642ad5e0 WorkerThread "GC Thread#6"                     [id=16424, stack(0x0000003a5b300000,0x0000003a5b400000) (1024K)]
  0x0000018e642ac020 WorkerThread "GC Thread#7"                     [id=12284, stack(0x0000003a5b400000,0x0000003a5b500000) (1024K)]
  0x0000018e642abc80 WorkerThread "GC Thread#8"                     [id=11056, stack(0x0000003a5bf00000,0x0000003a5c000000) (1024K)]
  0x0000018e642acea0 WorkerThread "GC Thread#9"                     [id=11180, stack(0x0000003a5c000000,0x0000003a5c100000) (1024K)]
  0x0000018e642ac3c0 WorkerThread "GC Thread#10"                    [id=5596, stack(0x0000003a5c100000,0x0000003a5c200000) (1024K)]
  0x0000018e642ac760 WorkerThread "GC Thread#11"                    [id=20268, stack(0x0000003a5c200000,0x0000003a5c300000) (1024K)]
  0x0000018e642acb00 WorkerThread "GC Thread#12"                    [id=3280, stack(0x0000003a5c300000,0x0000003a5c400000) (1024K)]
  0x0000018e64657810 WorkerThread "GC Thread#13"                    [id=9148, stack(0x0000003a5c400000,0x0000003a5c500000) (1024K)]
  0x0000018e6465a390 WorkerThread "GC Thread#14"                    [id=5336, stack(0x0000003a5c500000,0x0000003a5c600000) (1024K)]
  0x0000018e45666c20 ConcurrentGCThread "G1 Main Marker"            [id=15204, stack(0x0000003a59800000,0x0000003a59900000) (1024K)]
  0x0000018e45667630 WorkerThread "G1 Conc#0"                       [id=18912, stack(0x0000003a59900000,0x0000003a59a00000) (1024K)]
  0x0000018e64658a30 WorkerThread "G1 Conc#1"                       [id=8512, stack(0x0000003a5c600000,0x0000003a5c700000) (1024K)]
  0x0000018e646598b0 WorkerThread "G1 Conc#2"                       [id=19168, stack(0x0000003a5c700000,0x0000003a5c800000) (1024K)]
  0x0000018e64659170 WorkerThread "G1 Conc#3"                       [id=19800, stack(0x0000003a5c800000,0x0000003a5c900000) (1024K)]
  0x0000018e5d9ff5d0 ConcurrentGCThread "G1 Refine#0"               [id=17720, stack(0x0000003a59a00000,0x0000003a59b00000) (1024K)]
  0x0000018e5d9ffef0 ConcurrentGCThread "G1 Service"                [id=7648, stack(0x0000003a59b00000,0x0000003a59c00000) (1024K)]
Total: 24

Threads with active compile tasks:
C2 CompilerThread2  57751 26072       4       org.apache.commons.compress.archivers.zip.ZipArchiveOutputStream::writeCentralDirectoryInChunks (96 bytes)
C2 CompilerThread6  57751 25980       4       org.objectweb.asm.ClassReader::accept (1419 bytes)
C2 CompilerThread7  57751 26053   !   4       org.gradle.cache.internal.DefaultFileLockManager$DefaultFileLock::doWriteAction (66 bytes)
Total: 3

VM state: at safepoint (normal execution)

VM Mutex/Monitor currently owned by a thread:  ([mutex/lock_event])
[0x00007ffe41efe3a0] Threads_lock - owner thread: 0x0000018e5dafb730
[0x00007ffe41efe4a0] Heap_lock - owner thread: 0x0000018e6c41fb40

Heap address: 0x0000000080000000, size: 2048 MB, Compressed Oops mode: 32-bit

CDS archive(s) not mapped
Compressed class space mapped at: 0x0000000100000000-0x0000000140000000, reserved size: 1073741824
Narrow klass base: 0x0000000000000000, Narrow klass shift: 3, Narrow klass range: 0x140000000

GC Precious Log:
 CardTable entry size: 512
 Card Set container configuration: InlinePtr #cards 5 size 8 Array Of Cards #cards 12 size 40 Howl #buckets 4 coarsen threshold 1843 Howl Bitmap #cards 512 size 80 coarsen threshold 460 Card regions per heap region 1 cards per card region 2048
 CPUs: 20 total, 20 available
 Memory: 16072M
 Large Page Support: Disabled
 NUMA Support: Disabled
 Compressed Oops: Enabled (32-bit)
 Heap Region Size: 1M
 Heap Min Capacity: 8M
 Heap Initial Capacity: 252M
 Heap Max Capacity: 2G
 Pre-touch: Disabled
 Parallel Workers: 15
 Concurrent Workers: 4
 Concurrent Refinement Workers: 15
 Periodic GC: Disabled

Heap:
 garbage-first heap   total 783360K, used 344611K [0x0000000080000000, 0x0000000100000000)
  region size 1024K, 30 young (30720K), 30 survivors (30720K)
 Metaspace       used 167368K, committed 169728K, reserved 1245184K
  class space    used 20704K, committed 21888K, reserved 1048576K

Heap Regions: E=young(eden), S=young(survivor), O=old, HS=humongous(starts), HC=humongous(continues), CS=collection set, F=free, TAMS=top-at-mark-start, PB=parsable bottom
|   0|0x0000000080000000, 0x0000000080100000, 0x0000000080100000|100%|HS|  |TAMS 0x0000000080100000| PB 0x0000000080000000| Complete 
|   1|0x0000000080100000, 0x0000000080200000, 0x0000000080200000|100%|HC|  |TAMS 0x0000000080200000| PB 0x0000000080100000| Complete 
|   2|0x0000000080200000, 0x0000000080300000, 0x0000000080300000|100%|HC|  |TAMS 0x0000000080300000| PB 0x0000000080200000| Complete 
|   3|0x0000000080300000, 0x0000000080400000, 0x0000000080400000|100%| O|  |TAMS 0x0000000080400000| PB 0x0000000080300000| Untracked 
|   4|0x0000000080400000, 0x0000000080500000, 0x0000000080500000|100%| O|  |TAMS 0x0000000080500000| PB 0x0000000080400000| Untracked 
|   5|0x0000000080500000, 0x0000000080600000, 0x0000000080600000|100%| O|  |TAMS 0x0000000080600000| PB 0x0000000080500000| Untracked 
|   6|0x0000000080600000, 0x0000000080700000, 0x0000000080700000|100%|HS|  |TAMS 0x0000000080700000| PB 0x0000000080600000| Complete 
|   7|0x0000000080700000, 0x0000000080800000, 0x0000000080800000|100%| O|  |TAMS 0x0000000080800000| PB 0x0000000080700000| Untracked 
|   8|0x0000000080800000, 0x0000000080900000, 0x0000000080900000|100%| O|  |TAMS 0x0000000080900000| PB 0x0000000080800000| Untracked 
|   9|0x0000000080900000, 0x0000000080a00000, 0x0000000080a00000|100%| O|  |TAMS 0x0000000080a00000| PB 0x0000000080900000| Untracked 
|  10|0x0000000080a00000, 0x0000000080b00000, 0x0000000080b00000|100%| O|  |TAMS 0x0000000080b00000| PB 0x0000000080a00000| Untracked 
|  11|0x0000000080b00000, 0x0000000080c00000, 0x0000000080c00000|100%| O|  |TAMS 0x0000000080c00000| PB 0x0000000080b00000| Untracked 
|  12|0x0000000080c00000, 0x0000000080d00000, 0x0000000080d00000|100%| O|  |TAMS 0x0000000080d00000| PB 0x0000000080c00000| Untracked 
|  13|0x0000000080d00000, 0x0000000080e00000, 0x0000000080e00000|100%| O|  |TAMS 0x0000000080e00000| PB 0x0000000080d00000| Untracked 
|  14|0x0000000080e00000, 0x0000000080f00000, 0x0000000080f00000|100%| O|  |TAMS 0x0000000080f00000| PB 0x0000000080e00000| Untracked 
|  15|0x0000000080f00000, 0x0000000081000000, 0x0000000081000000|100%| O|  |TAMS 0x0000000081000000| PB 0x0000000080f00000| Untracked 
|  16|0x0000000081000000, 0x0000000081100000, 0x0000000081100000|100%| O|  |TAMS 0x0000000081100000| PB 0x0000000081000000| Untracked 
|  17|0x0000000081100000, 0x0000000081200000, 0x0000000081200000|100%| O|  |TAMS 0x0000000081200000| PB 0x0000000081100000| Untracked 
|  18|0x0000000081200000, 0x0000000081300000, 0x0000000081300000|100%| O|  |TAMS 0x0000000081300000| PB 0x0000000081200000| Untracked 
|  19|0x0000000081300000, 0x0000000081400000, 0x0000000081400000|100%| O|  |TAMS 0x0000000081400000| PB 0x0000000081300000| Untracked 
|  20|0x0000000081400000, 0x0000000081500000, 0x0000000081500000|100%|HS|  |TAMS 0x0000000081500000| PB 0x0000000081400000| Complete 
|  21|0x0000000081500000, 0x0000000081600000, 0x0000000081600000|100%|HC|  |TAMS 0x0000000081600000| PB 0x0000000081500000| Complete 
|  22|0x0000000081600000, 0x0000000081700000, 0x0000000081700000|100%|HC|  |TAMS 0x0000000081700000| PB 0x0000000081600000| Complete 
|  23|0x0000000081700000, 0x0000000081800000, 0x0000000081800000|100%|HC|  |TAMS 0x0000000081800000| PB 0x0000000081700000| Complete 
|  24|0x0000000081800000, 0x0000000081900000, 0x0000000081900000|100%|HC|  |TAMS 0x0000000081900000| PB 0x0000000081800000| Complete 
|  25|0x0000000081900000, 0x0000000081a00000, 0x0000000081a00000|100%|HC|  |TAMS 0x0000000081a00000| PB 0x0000000081900000| Complete 
|  26|0x0000000081a00000, 0x0000000081b00000, 0x0000000081b00000|100%| O|  |TAMS 0x0000000081b00000| PB 0x0000000081a00000| Untracked 
|  27|0x0000000081b00000, 0x0000000081c00000, 0x0000000081c00000|100%|HS|  |TAMS 0x0000000081c00000| PB 0x0000000081b00000| Complete 
|  28|0x0000000081c00000, 0x0000000081d00000, 0x0000000081d00000|100%| O|  |TAMS 0x0000000081d00000| PB 0x0000000081c00000| Untracked 
|  29|0x0000000081d00000, 0x0000000081e00000, 0x0000000081e00000|100%| O|  |TAMS 0x0000000081e00000| PB 0x0000000081d00000| Untracked 
|  30|0x0000000081e00000, 0x0000000081f00000, 0x0000000081f00000|100%| O|  |TAMS 0x0000000081f00000| PB 0x0000000081e00000| Untracked 
|  31|0x0000000081f00000, 0x0000000082000000, 0x0000000082000000|100%| O|  |TAMS 0x0000000082000000| PB 0x0000000081f00000| Untracked 
|  32|0x0000000082000000, 0x0000000082100000, 0x0000000082100000|100%| O|  |TAMS 0x0000000082100000| PB 0x0000000082000000| Untracked 
|  33|0x0000000082100000, 0x0000000082200000, 0x0000000082200000|100%|HS|  |TAMS 0x0000000082200000| PB 0x0000000082100000| Complete 
|  34|0x0000000082200000, 0x0000000082300000, 0x0000000082300000|100%|HC|  |TAMS 0x0000000082300000| PB 0x0000000082200000| Complete 
|  35|0x0000000082300000, 0x0000000082400000, 0x0000000082400000|100%|HC|  |TAMS 0x0000000082400000| PB 0x0000000082300000| Complete 
|  36|0x0000000082400000, 0x0000000082500000, 0x0000000082500000|100%|HC|  |TAMS 0x0000000082500000| PB 0x0000000082400000| Complete 
|  37|0x0000000082500000, 0x0000000082600000, 0x0000000082600000|100%|HS|  |TAMS 0x0000000082600000| PB 0x0000000082500000| Complete 
|  38|0x0000000082600000, 0x0000000082700000, 0x0000000082700000|100%|HC|  |TAMS 0x0000000082700000| PB 0x0000000082600000| Complete 
|  39|0x0000000082700000, 0x0000000082800000, 0x0000000082800000|100%| O|  |TAMS 0x0000000082800000| PB 0x0000000082700000| Untracked 
|  40|0x0000000082800000, 0x0000000082900000, 0x0000000082900000|100%| O|  |TAMS 0x0000000082900000| PB 0x0000000082800000| Untracked 
|  41|0x0000000082900000, 0x0000000082a00000, 0x0000000082a00000|100%| O|  |TAMS 0x0000000082a00000| PB 0x0000000082900000| Untracked 
|  42|0x0000000082a00000, 0x0000000082b00000, 0x0000000082b00000|100%| O|  |TAMS 0x0000000082b00000| PB 0x0000000082a00000| Untracked 
|  43|0x0000000082b00000, 0x0000000082c00000, 0x0000000082c00000|100%| O|  |TAMS 0x0000000082c00000| PB 0x0000000082b00000| Untracked 
|  44|0x0000000082c00000, 0x0000000082d00000, 0x0000000082d00000|100%| O|  |TAMS 0x0000000082d00000| PB 0x0000000082c00000| Untracked 
|  45|0x0000000082d00000, 0x0000000082e00000, 0x0000000082e00000|100%| O|  |TAMS 0x0000000082e00000| PB 0x0000000082d00000| Untracked 
|  46|0x0000000082e00000, 0x0000000082f00000, 0x0000000082f00000|100%| O|  |TAMS 0x0000000082f00000| PB 0x0000000082e00000| Untracked 
|  47|0x0000000082f00000, 0x0000000083000000, 0x0000000083000000|100%| O|  |TAMS 0x0000000083000000| PB 0x0000000082f00000| Untracked 
|  48|0x0000000083000000, 0x0000000083100000, 0x0000000083100000|100%| O|  |TAMS 0x0000000083100000| PB 0x0000000083000000| Untracked 
|  49|0x0000000083100000, 0x0000000083200000, 0x0000000083200000|100%| O|  |TAMS 0x0000000083200000| PB 0x0000000083100000| Untracked 
|  50|0x0000000083200000, 0x0000000083300000, 0x0000000083300000|100%| O|  |TAMS 0x0000000083300000| PB 0x0000000083200000| Untracked 
|  51|0x0000000083300000, 0x0000000083400000, 0x0000000083400000|100%| O|  |TAMS 0x0000000083400000| PB 0x0000000083300000| Untracked 
|  52|0x0000000083400000, 0x0000000083500000, 0x0000000083500000|100%|HS|  |TAMS 0x0000000083500000| PB 0x0000000083400000| Complete 
|  53|0x0000000083500000, 0x0000000083600000, 0x0000000083600000|100%|HC|  |TAMS 0x0000000083600000| PB 0x0000000083500000| Complete 
|  54|0x0000000083600000, 0x0000000083700000, 0x0000000083700000|100%| O|  |TAMS 0x0000000083700000| PB 0x0000000083600000| Untracked 
|  55|0x0000000083700000, 0x0000000083800000, 0x0000000083800000|100%| O|  |TAMS 0x0000000083800000| PB 0x0000000083700000| Untracked 
|  56|0x0000000083800000, 0x0000000083900000, 0x0000000083900000|100%| O|  |TAMS 0x0000000083900000| PB 0x0000000083800000| Untracked 
|  57|0x0000000083900000, 0x0000000083a00000, 0x0000000083a00000|100%| O|  |TAMS 0x0000000083a00000| PB 0x0000000083900000| Untracked 
|  58|0x0000000083a00000, 0x0000000083b00000, 0x0000000083b00000|100%| O|  |TAMS 0x0000000083b00000| PB 0x0000000083a00000| Untracked 
|  59|0x0000000083b00000, 0x0000000083c00000, 0x0000000083c00000|100%| O|  |TAMS 0x0000000083c00000| PB 0x0000000083b00000| Untracked 
|  60|0x0000000083c00000, 0x0000000083d00000, 0x0000000083d00000|100%| O|  |TAMS 0x0000000083d00000| PB 0x0000000083c00000| Untracked 
|  61|0x0000000083d00000, 0x0000000083e00000, 0x0000000083e00000|100%| O|  |TAMS 0x0000000083e00000| PB 0x0000000083d00000| Untracked 
|  62|0x0000000083e00000, 0x0000000083f00000, 0x0000000083f00000|100%| O|  |TAMS 0x0000000083f00000| PB 0x0000000083e00000| Untracked 
|  63|0x0000000083f00000, 0x0000000084000000, 0x0000000084000000|100%| O|  |TAMS 0x0000000084000000| PB 0x0000000083f00000| Untracked 
|  64|0x0000000084000000, 0x0000000084100000, 0x0000000084100000|100%| O|  |TAMS 0x0000000084100000| PB 0x0000000084000000| Untracked 
|  65|0x0000000084100000, 0x0000000084200000, 0x0000000084200000|100%| O|  |TAMS 0x0000000084200000| PB 0x0000000084100000| Untracked 
|  66|0x0000000084200000, 0x0000000084300000, 0x0000000084300000|100%| O|  |TAMS 0x0000000084300000| PB 0x0000000084200000| Untracked 
|  67|0x0000000084300000, 0x0000000084400000, 0x0000000084400000|100%| O|  |TAMS 0x0000000084400000| PB 0x0000000084300000| Untracked 
|  68|0x0000000084400000, 0x0000000084500000, 0x0000000084500000|100%| O|  |TAMS 0x0000000084500000| PB 0x0000000084400000| Untracked 
|  69|0x0000000084500000, 0x0000000084600000, 0x0000000084600000|100%| O|  |TAMS 0x0000000084600000| PB 0x0000000084500000| Untracked 
|  70|0x0000000084600000, 0x0000000084700000, 0x0000000084700000|100%| O|  |TAMS 0x0000000084700000| PB 0x0000000084600000| Untracked 
|  71|0x0000000084700000, 0x0000000084800000, 0x0000000084800000|100%| O|  |TAMS 0x0000000084800000| PB 0x0000000084700000| Untracked 
|  72|0x0000000084800000, 0x0000000084900000, 0x0000000084900000|100%| O|  |TAMS 0x0000000084900000| PB 0x0000000084800000| Untracked 
|  73|0x0000000084900000, 0x0000000084a00000, 0x0000000084a00000|100%| O|  |TAMS 0x0000000084a00000| PB 0x0000000084900000| Untracked 
|  74|0x0000000084a00000, 0x0000000084b00000, 0x0000000084b00000|100%| O|  |TAMS 0x0000000084b00000| PB 0x0000000084a00000| Untracked 
|  75|0x0000000084b00000, 0x0000000084c00000, 0x0000000084c00000|100%| O|  |TAMS 0x0000000084c00000| PB 0x0000000084b00000| Untracked 
|  76|0x0000000084c00000, 0x0000000084d00000, 0x0000000084d00000|100%| O|  |TAMS 0x0000000084d00000| PB 0x0000000084c00000| Untracked 
|  77|0x0000000084d00000, 0x0000000084e00000, 0x0000000084e00000|100%| O|  |TAMS 0x0000000084e00000| PB 0x0000000084d00000| Untracked 
|  78|0x0000000084e00000, 0x0000000084f00000, 0x0000000084f00000|100%| O|  |TAMS 0x0000000084f00000| PB 0x0000000084e00000| Untracked 
|  79|0x0000000084f00000, 0x0000000085000000, 0x0000000085000000|100%| O|  |TAMS 0x0000000085000000| PB 0x0000000084f00000| Untracked 
|  80|0x0000000085000000, 0x0000000085100000, 0x0000000085100000|100%| O|  |TAMS 0x0000000085100000| PB 0x0000000085000000| Untracked 
|  81|0x0000000085100000, 0x0000000085200000, 0x0000000085200000|100%| O|  |TAMS 0x0000000085200000| PB 0x0000000085100000| Untracked 
|  82|0x0000000085200000, 0x0000000085300000, 0x0000000085300000|100%| O|  |TAMS 0x0000000085300000| PB 0x0000000085200000| Untracked 
|  83|0x0000000085300000, 0x0000000085400000, 0x0000000085400000|100%| O|  |TAMS 0x0000000085400000| PB 0x0000000085300000| Untracked 
|  84|0x0000000085400000, 0x0000000085500000, 0x0000000085500000|100%| O|  |TAMS 0x0000000085500000| PB 0x0000000085400000| Untracked 
|  85|0x0000000085500000, 0x0000000085600000, 0x0000000085600000|100%| O|  |TAMS 0x0000000085600000| PB 0x0000000085500000| Untracked 
|  86|0x0000000085600000, 0x0000000085700000, 0x0000000085700000|100%| O|  |TAMS 0x0000000085700000| PB 0x0000000085600000| Untracked 
|  87|0x0000000085700000, 0x0000000085800000, 0x0000000085800000|100%| O|  |TAMS 0x0000000085800000| PB 0x0000000085700000| Untracked 
|  88|0x0000000085800000, 0x0000000085900000, 0x0000000085900000|100%| O|  |TAMS 0x0000000085900000| PB 0x0000000085800000| Untracked 
|  89|0x0000000085900000, 0x0000000085a00000, 0x0000000085a00000|100%| O|  |TAMS 0x0000000085a00000| PB 0x0000000085900000| Untracked 
|  90|0x0000000085a00000, 0x0000000085b00000, 0x0000000085b00000|100%| O|  |TAMS 0x0000000085b00000| PB 0x0000000085a00000| Untracked 
|  91|0x0000000085b00000, 0x0000000085c00000, 0x0000000085c00000|100%| O|  |TAMS 0x0000000085c00000| PB 0x0000000085b00000| Untracked 
|  92|0x0000000085c00000, 0x0000000085d00000, 0x0000000085d00000|100%| O|  |TAMS 0x0000000085d00000| PB 0x0000000085c00000| Untracked 
|  93|0x0000000085d00000, 0x0000000085e00000, 0x0000000085e00000|100%|HS|  |TAMS 0x0000000085e00000| PB 0x0000000085d00000| Complete 
|  94|0x0000000085e00000, 0x0000000085f00000, 0x0000000085f00000|100%| O|  |TAMS 0x0000000085f00000| PB 0x0000000085e00000| Untracked 
|  95|0x0000000085f00000, 0x0000000086000000, 0x0000000086000000|100%| O|  |TAMS 0x0000000086000000| PB 0x0000000085f00000| Untracked 
|  96|0x0000000086000000, 0x0000000086100000, 0x0000000086100000|100%| O|  |TAMS 0x0000000086100000| PB 0x0000000086000000| Untracked 
|  97|0x0000000086100000, 0x0000000086200000, 0x0000000086200000|100%| O|  |TAMS 0x0000000086200000| PB 0x0000000086100000| Untracked 
|  98|0x0000000086200000, 0x0000000086300000, 0x0000000086300000|100%| O|  |TAMS 0x0000000086300000| PB 0x0000000086200000| Untracked 
|  99|0x0000000086300000, 0x0000000086400000, 0x0000000086400000|100%| O|  |TAMS 0x0000000086400000| PB 0x0000000086300000| Untracked 
| 100|0x0000000086400000, 0x0000000086500000, 0x0000000086500000|100%| O|  |TAMS 0x0000000086500000| PB 0x0000000086400000| Untracked 
| 101|0x0000000086500000, 0x0000000086600000, 0x0000000086600000|100%| O|  |TAMS 0x0000000086600000| PB 0x0000000086500000| Untracked 
| 102|0x0000000086600000, 0x0000000086700000, 0x0000000086700000|100%| O|  |TAMS 0x0000000086700000| PB 0x0000000086600000| Untracked 
| 103|0x0000000086700000, 0x0000000086800000, 0x0000000086800000|100%|HS|  |TAMS 0x0000000086800000| PB 0x0000000086700000| Complete 
| 104|0x0000000086800000, 0x0000000086900000, 0x0000000086900000|100%|HC|  |TAMS 0x0000000086900000| PB 0x0000000086800000| Complete 
| 105|0x0000000086900000, 0x0000000086a00000, 0x0000000086a00000|100%|HC|  |TAMS 0x0000000086a00000| PB 0x0000000086900000| Complete 
| 106|0x0000000086a00000, 0x0000000086b00000, 0x0000000086b00000|100%|HC|  |TAMS 0x0000000086b00000| PB 0x0000000086a00000| Complete 
| 107|0x0000000086b00000, 0x0000000086c00000, 0x0000000086c00000|100%|HC|  |TAMS 0x0000000086c00000| PB 0x0000000086b00000| Complete 
| 108|0x0000000086c00000, 0x0000000086d00000, 0x0000000086d00000|100%|HC|  |TAMS 0x0000000086d00000| PB 0x0000000086c00000| Complete 
| 109|0x0000000086d00000, 0x0000000086e00000, 0x0000000086e00000|100%| O|  |TAMS 0x0000000086e00000| PB 0x0000000086d00000| Untracked 
| 110|0x0000000086e00000, 0x0000000086f00000, 0x0000000086f00000|100%| O|  |TAMS 0x0000000086f00000| PB 0x0000000086e00000| Untracked 
| 111|0x0000000086f00000, 0x0000000087000000, 0x0000000087000000|100%| O|  |TAMS 0x0000000087000000| PB 0x0000000086f00000| Untracked 
| 112|0x0000000087000000, 0x0000000087100000, 0x0000000087100000|100%| O|  |TAMS 0x0000000087100000| PB 0x0000000087000000| Untracked 
| 113|0x0000000087100000, 0x0000000087200000, 0x0000000087200000|100%|HS|  |TAMS 0x0000000087200000| PB 0x0000000087100000| Complete 
| 114|0x0000000087200000, 0x0000000087300000, 0x0000000087300000|100%| O|  |TAMS 0x0000000087300000| PB 0x0000000087200000| Untracked 
| 115|0x0000000087300000, 0x0000000087400000, 0x0000000087400000|100%| O|  |TAMS 0x0000000087400000| PB 0x0000000087300000| Untracked 
| 116|0x0000000087400000, 0x0000000087500000, 0x0000000087500000|100%| O|  |TAMS 0x0000000087500000| PB 0x0000000087400000| Untracked 
| 117|0x0000000087500000, 0x0000000087600000, 0x0000000087600000|100%| O|  |TAMS 0x0000000087600000| PB 0x0000000087500000| Untracked 
| 118|0x0000000087600000, 0x0000000087700000, 0x0000000087700000|100%| O|  |TAMS 0x0000000087700000| PB 0x0000000087600000| Untracked 
| 119|0x0000000087700000, 0x0000000087800000, 0x0000000087800000|100%| O|  |TAMS 0x0000000087800000| PB 0x0000000087700000| Untracked 
| 120|0x0000000087800000, 0x0000000087900000, 0x0000000087900000|100%| O|  |TAMS 0x0000000087900000| PB 0x0000000087800000| Untracked 
| 121|0x0000000087900000, 0x0000000087a00000, 0x0000000087a00000|100%|HS|  |TAMS 0x0000000087a00000| PB 0x0000000087900000| Complete 
| 122|0x0000000087a00000, 0x0000000087b00000, 0x0000000087b00000|100%| O|  |TAMS 0x0000000087b00000| PB 0x0000000087a00000| Untracked 
| 123|0x0000000087b00000, 0x0000000087c00000, 0x0000000087c00000|100%| O|  |TAMS 0x0000000087c00000| PB 0x0000000087b00000| Untracked 
| 124|0x0000000087c00000, 0x0000000087d00000, 0x0000000087d00000|100%| O|  |TAMS 0x0000000087d00000| PB 0x0000000087c00000| Untracked 
| 125|0x0000000087d00000, 0x0000000087e00000, 0x0000000087e00000|100%| O|  |TAMS 0x0000000087e00000| PB 0x0000000087d00000| Untracked 
| 126|0x0000000087e00000, 0x0000000087f00000, 0x0000000087f00000|100%| O|  |TAMS 0x0000000087f00000| PB 0x0000000087e00000| Untracked 
| 127|0x0000000087f00000, 0x0000000088000000, 0x0000000088000000|100%| O|  |TAMS 0x0000000088000000| PB 0x0000000087f00000| Untracked 
| 128|0x0000000088000000, 0x0000000088100000, 0x0000000088100000|100%| O|  |TAMS 0x0000000088100000| PB 0x0000000088000000| Untracked 
| 129|0x0000000088100000, 0x0000000088200000, 0x0000000088200000|100%|HS|  |TAMS 0x0000000088200000| PB 0x0000000088100000| Complete 
| 130|0x0000000088200000, 0x0000000088300000, 0x0000000088300000|100%|HC|  |TAMS 0x0000000088300000| PB 0x0000000088200000| Complete 
| 131|0x0000000088300000, 0x0000000088400000, 0x0000000088400000|100%|HC|  |TAMS 0x0000000088400000| PB 0x0000000088300000| Complete 
| 132|0x0000000088400000, 0x0000000088500000, 0x0000000088500000|100%|HC|  |TAMS 0x0000000088500000| PB 0x0000000088400000| Complete 
| 133|0x0000000088500000, 0x0000000088600000, 0x0000000088600000|100%|HC|  |TAMS 0x0000000088600000| PB 0x0000000088500000| Complete 
| 134|0x0000000088600000, 0x0000000088700000, 0x0000000088700000|100%|HC|  |TAMS 0x0000000088700000| PB 0x0000000088600000| Complete 
| 135|0x0000000088700000, 0x0000000088800000, 0x0000000088800000|100%| O|  |TAMS 0x0000000088800000| PB 0x0000000088700000| Untracked 
| 136|0x0000000088800000, 0x0000000088900000, 0x0000000088900000|100%| O|  |TAMS 0x0000000088900000| PB 0x0000000088800000| Untracked 
| 137|0x0000000088900000, 0x0000000088a00000, 0x0000000088a00000|100%| O|  |TAMS 0x0000000088a00000| PB 0x0000000088900000| Untracked 
| 138|0x0000000088a00000, 0x0000000088b00000, 0x0000000088b00000|100%| O|  |TAMS 0x0000000088b00000| PB 0x0000000088a00000| Untracked 
| 139|0x0000000088b00000, 0x0000000088c00000, 0x0000000088c00000|100%| O|  |TAMS 0x0000000088c00000| PB 0x0000000088b00000| Untracked 
| 140|0x0000000088c00000, 0x0000000088d00000, 0x0000000088d00000|100%| O|  |TAMS 0x0000000088d00000| PB 0x0000000088c00000| Untracked 
| 141|0x0000000088d00000, 0x0000000088e00000, 0x0000000088e00000|100%| O|  |TAMS 0x0000000088e00000| PB 0x0000000088d00000| Untracked 
| 142|0x0000000088e00000, 0x0000000088f00000, 0x0000000088f00000|100%| O|  |TAMS 0x0000000088f00000| PB 0x0000000088e00000| Untracked 
| 143|0x0000000088f00000, 0x0000000089000000, 0x0000000089000000|100%| O|  |TAMS 0x0000000089000000| PB 0x0000000088f00000| Untracked 
| 144|0x0000000089000000, 0x0000000089100000, 0x0000000089100000|100%| O|  |TAMS 0x0000000089100000| PB 0x0000000089000000| Untracked 
| 145|0x0000000089100000, 0x0000000089200000, 0x0000000089200000|100%| O|  |TAMS 0x0000000089200000| PB 0x0000000089100000| Untracked 
| 146|0x0000000089200000, 0x0000000089300000, 0x0000000089300000|100%| O|  |TAMS 0x0000000089300000| PB 0x0000000089200000| Untracked 
| 147|0x0000000089300000, 0x0000000089400000, 0x0000000089400000|100%| O|  |TAMS 0x0000000089400000| PB 0x0000000089300000| Untracked 
| 148|0x0000000089400000, 0x0000000089500000, 0x0000000089500000|100%|HS|  |TAMS 0x0000000089500000| PB 0x0000000089400000| Complete 
| 149|0x0000000089500000, 0x0000000089600000, 0x0000000089600000|100%|HC|  |TAMS 0x0000000089600000| PB 0x0000000089500000| Complete 
| 150|0x0000000089600000, 0x0000000089700000, 0x0000000089700000|100%|HC|  |TAMS 0x0000000089700000| PB 0x0000000089600000| Complete 
| 151|0x0000000089700000, 0x0000000089800000, 0x0000000089800000|100%|HC|  |TAMS 0x0000000089800000| PB 0x0000000089700000| Complete 
| 152|0x0000000089800000, 0x0000000089900000, 0x0000000089900000|100%|HC|  |TAMS 0x0000000089900000| PB 0x0000000089800000| Complete 
| 153|0x0000000089900000, 0x0000000089a00000, 0x0000000089a00000|100%|HC|  |TAMS 0x0000000089a00000| PB 0x0000000089900000| Complete 
| 154|0x0000000089a00000, 0x0000000089b00000, 0x0000000089b00000|100%|HS|  |TAMS 0x0000000089b00000| PB 0x0000000089a00000| Complete 
| 155|0x0000000089b00000, 0x0000000089c00000, 0x0000000089c00000|100%| O|  |TAMS 0x0000000089c00000| PB 0x0000000089b00000| Untracked 
| 156|0x0000000089c00000, 0x0000000089d00000, 0x0000000089d00000|100%| O|  |TAMS 0x0000000089d00000| PB 0x0000000089c00000| Untracked 
| 157|0x0000000089d00000, 0x0000000089e00000, 0x0000000089e00000|100%| O|  |TAMS 0x0000000089e00000| PB 0x0000000089d00000| Untracked 
| 158|0x0000000089e00000, 0x0000000089f00000, 0x0000000089f00000|100%| O|  |TAMS 0x0000000089f00000| PB 0x0000000089e00000| Untracked 
| 159|0x0000000089f00000, 0x000000008a000000, 0x000000008a000000|100%| O|  |TAMS 0x000000008a000000| PB 0x0000000089f00000| Untracked 
| 160|0x000000008a000000, 0x000000008a100000, 0x000000008a100000|100%| O|  |TAMS 0x000000008a100000| PB 0x000000008a000000| Untracked 
| 161|0x000000008a100000, 0x000000008a200000, 0x000000008a200000|100%| O|  |TAMS 0x000000008a200000| PB 0x000000008a100000| Untracked 
| 162|0x000000008a200000, 0x000000008a300000, 0x000000008a300000|100%| O|  |TAMS 0x000000008a300000| PB 0x000000008a200000| Untracked 
| 163|0x000000008a300000, 0x000000008a400000, 0x000000008a400000|100%| O|  |TAMS 0x000000008a400000| PB 0x000000008a300000| Untracked 
| 164|0x000000008a400000, 0x000000008a500000, 0x000000008a500000|100%| O|  |TAMS 0x000000008a500000| PB 0x000000008a400000| Untracked 
| 165|0x000000008a500000, 0x000000008a600000, 0x000000008a600000|100%| O|  |TAMS 0x000000008a600000| PB 0x000000008a500000| Untracked 
| 166|0x000000008a600000, 0x000000008a700000, 0x000000008a700000|100%| O|  |TAMS 0x000000008a700000| PB 0x000000008a600000| Untracked 
| 167|0x000000008a700000, 0x000000008a800000, 0x000000008a800000|100%| O|  |TAMS 0x000000008a800000| PB 0x000000008a700000| Untracked 
| 168|0x000000008a800000, 0x000000008a900000, 0x000000008a900000|100%| O|  |TAMS 0x000000008a900000| PB 0x000000008a800000| Untracked 
| 169|0x000000008a900000, 0x000000008aa00000, 0x000000008aa00000|100%| O|  |TAMS 0x000000008aa00000| PB 0x000000008a900000| Untracked 
| 170|0x000000008aa00000, 0x000000008ab00000, 0x000000008ab00000|100%| O|  |TAMS 0x000000008ab00000| PB 0x000000008aa00000| Untracked 
| 171|0x000000008ab00000, 0x000000008ac00000, 0x000000008ac00000|100%|HS|  |TAMS 0x000000008ac00000| PB 0x000000008ab00000| Complete 
| 172|0x000000008ac00000, 0x000000008ad00000, 0x000000008ad00000|100%| O|  |TAMS 0x000000008ad00000| PB 0x000000008ac00000| Untracked 
| 173|0x000000008ad00000, 0x000000008ae00000, 0x000000008ae00000|100%| O|  |TAMS 0x000000008ae00000| PB 0x000000008ad00000| Untracked 
| 174|0x000000008ae00000, 0x000000008af00000, 0x000000008af00000|100%| O|  |TAMS 0x000000008af00000| PB 0x000000008ae00000| Untracked 
| 175|0x000000008af00000, 0x000000008b000000, 0x000000008b000000|100%| O|  |TAMS 0x000000008b000000| PB 0x000000008af00000| Untracked 
| 176|0x000000008b000000, 0x000000008b100000, 0x000000008b100000|100%| O|  |TAMS 0x000000008b100000| PB 0x000000008b000000| Untracked 
| 177|0x000000008b100000, 0x000000008b200000, 0x000000008b200000|100%| O|  |TAMS 0x000000008b200000| PB 0x000000008b100000| Untracked 
| 178|0x000000008b200000, 0x000000008b300000, 0x000000008b300000|100%| O|  |TAMS 0x000000008b300000| PB 0x000000008b200000| Untracked 
| 179|0x000000008b300000, 0x000000008b400000, 0x000000008b400000|100%| O|  |TAMS 0x000000008b400000| PB 0x000000008b300000| Untracked 
| 180|0x000000008b400000, 0x000000008b500000, 0x000000008b500000|100%| O|  |TAMS 0x000000008b500000| PB 0x000000008b400000| Untracked 
| 181|0x000000008b500000, 0x000000008b600000, 0x000000008b600000|100%| O|  |TAMS 0x000000008b600000| PB 0x000000008b500000| Untracked 
| 182|0x000000008b600000, 0x000000008b700000, 0x000000008b700000|100%| O|  |TAMS 0x000000008b700000| PB 0x000000008b600000| Untracked 
| 183|0x000000008b700000, 0x000000008b800000, 0x000000008b800000|100%| O|  |TAMS 0x000000008b800000| PB 0x000000008b700000| Untracked 
| 184|0x000000008b800000, 0x000000008b900000, 0x000000008b900000|100%| O|  |TAMS 0x000000008b900000| PB 0x000000008b800000| Untracked 
| 185|0x000000008b900000, 0x000000008ba00000, 0x000000008ba00000|100%| O|  |TAMS 0x000000008ba00000| PB 0x000000008b900000| Untracked 
| 186|0x000000008ba00000, 0x000000008bb00000, 0x000000008bb00000|100%| O|  |TAMS 0x000000008bb00000| PB 0x000000008ba00000| Untracked 
| 187|0x000000008bb00000, 0x000000008bc00000, 0x000000008bc00000|100%| O|  |TAMS 0x000000008bc00000| PB 0x000000008bb00000| Untracked 
| 188|0x000000008bc00000, 0x000000008bd00000, 0x000000008bd00000|100%| O|  |TAMS 0x000000008bd00000| PB 0x000000008bc00000| Untracked 
| 189|0x000000008bd00000, 0x000000008be00000, 0x000000008be00000|100%| O|  |TAMS 0x000000008be00000| PB 0x000000008bd00000| Untracked 
| 190|0x000000008be00000, 0x000000008bf00000, 0x000000008bf00000|100%| O|  |TAMS 0x000000008bf00000| PB 0x000000008be00000| Untracked 
| 191|0x000000008bf00000, 0x000000008c000000, 0x000000008c000000|100%| O|  |TAMS 0x000000008c000000| PB 0x000000008bf00000| Untracked 
| 192|0x000000008c000000, 0x000000008c100000, 0x000000008c100000|100%| O|  |TAMS 0x000000008c100000| PB 0x000000008c000000| Untracked 
| 193|0x000000008c100000, 0x000000008c200000, 0x000000008c200000|100%| O|  |TAMS 0x000000008c200000| PB 0x000000008c100000| Untracked 
| 194|0x000000008c200000, 0x000000008c300000, 0x000000008c300000|100%| O|  |TAMS 0x000000008c300000| PB 0x000000008c200000| Untracked 
| 195|0x000000008c300000, 0x000000008c400000, 0x000000008c400000|100%| O|  |TAMS 0x000000008c400000| PB 0x000000008c300000| Untracked 
| 196|0x000000008c400000, 0x000000008c500000, 0x000000008c500000|100%| O|  |TAMS 0x000000008c500000| PB 0x000000008c400000| Untracked 
| 197|0x000000008c500000, 0x000000008c600000, 0x000000008c600000|100%| O|  |TAMS 0x000000008c600000| PB 0x000000008c500000| Untracked 
| 198|0x000000008c600000, 0x000000008c700000, 0x000000008c700000|100%| O|  |TAMS 0x000000008c700000| PB 0x000000008c600000| Untracked 
| 199|0x000000008c700000, 0x000000008c800000, 0x000000008c800000|100%| O|  |TAMS 0x000000008c800000| PB 0x000000008c700000| Untracked 
| 200|0x000000008c800000, 0x000000008c900000, 0x000000008c900000|100%| O|  |TAMS 0x000000008c900000| PB 0x000000008c800000| Untracked 
| 201|0x000000008c900000, 0x000000008ca00000, 0x000000008ca00000|100%| O|  |TAMS 0x000000008ca00000| PB 0x000000008c900000| Untracked 
| 202|0x000000008ca00000, 0x000000008cb00000, 0x000000008cb00000|100%| O|  |TAMS 0x000000008cb00000| PB 0x000000008ca00000| Untracked 
| 203|0x000000008cb00000, 0x000000008cc00000, 0x000000008cc00000|100%| O|  |TAMS 0x000000008cc00000| PB 0x000000008cb00000| Untracked 
| 204|0x000000008cc00000, 0x000000008cd00000, 0x000000008cd00000|100%| O|  |TAMS 0x000000008cd00000| PB 0x000000008cc00000| Untracked 
| 205|0x000000008cd00000, 0x000000008ce00000, 0x000000008ce00000|100%| O|  |TAMS 0x000000008cd00000| PB 0x000000008cd00000| Untracked 
| 206|0x000000008ce00000, 0x000000008cf00000, 0x000000008cf00000|100%| O|  |TAMS 0x000000008cf00000| PB 0x000000008ce00000| Untracked 
| 207|0x000000008cf00000, 0x000000008d000000, 0x000000008d000000|100%| O|  |TAMS 0x000000008d000000| PB 0x000000008cf00000| Untracked 
| 208|0x000000008d000000, 0x000000008d100000, 0x000000008d100000|100%| O|  |TAMS 0x000000008d100000| PB 0x000000008d000000| Untracked 
| 209|0x000000008d100000, 0x000000008d200000, 0x000000008d200000|100%| O|  |TAMS 0x000000008d200000| PB 0x000000008d100000| Untracked 
| 210|0x000000008d200000, 0x000000008d300000, 0x000000008d300000|100%| O|  |TAMS 0x000000008d300000| PB 0x000000008d200000| Untracked 
| 211|0x000000008d300000, 0x000000008d400000, 0x000000008d400000|100%| O|  |TAMS 0x000000008d400000| PB 0x000000008d300000| Untracked 
| 212|0x000000008d400000, 0x000000008d500000, 0x000000008d500000|100%| O|  |TAMS 0x000000008d400000| PB 0x000000008d400000| Untracked 
| 213|0x000000008d500000, 0x000000008d600000, 0x000000008d600000|100%|HS|  |TAMS 0x000000008d600000| PB 0x000000008d500000| Complete 
| 214|0x000000008d600000, 0x000000008d700000, 0x000000008d700000|100%|HC|  |TAMS 0x000000008d700000| PB 0x000000008d600000| Complete 
| 215|0x000000008d700000, 0x000000008d800000, 0x000000008d800000|100%| O|  |TAMS 0x000000008d800000| PB 0x000000008d700000| Untracked 
| 216|0x000000008d800000, 0x000000008d900000, 0x000000008d900000|100%| O|  |TAMS 0x000000008d900000| PB 0x000000008d800000| Untracked 
| 217|0x000000008d900000, 0x000000008da00000, 0x000000008da00000|100%| O|  |TAMS 0x000000008da00000| PB 0x000000008d900000| Untracked 
| 218|0x000000008da00000, 0x000000008db00000, 0x000000008db00000|100%| O|  |TAMS 0x000000008db00000| PB 0x000000008da00000| Untracked 
| 219|0x000000008db00000, 0x000000008dc00000, 0x000000008dc00000|100%| O|  |TAMS 0x000000008dc00000| PB 0x000000008db00000| Untracked 
| 220|0x000000008dc00000, 0x000000008dd00000, 0x000000008dd00000|100%| O|  |TAMS 0x000000008dd00000| PB 0x000000008dc00000| Untracked 
| 221|0x000000008dd00000, 0x000000008de00000, 0x000000008de00000|100%| O|  |TAMS 0x000000008de00000| PB 0x000000008dd00000| Untracked 
| 222|0x000000008de00000, 0x000000008df00000, 0x000000008df00000|100%| O|  |TAMS 0x000000008df00000| PB 0x000000008de00000| Untracked 
| 223|0x000000008df00000, 0x000000008e000000, 0x000000008e000000|100%| O|  |TAMS 0x000000008e000000| PB 0x000000008df00000| Untracked 
| 224|0x000000008e000000, 0x000000008e100000, 0x000000008e100000|100%| O|  |TAMS 0x000000008e100000| PB 0x000000008e000000| Untracked 
| 225|0x000000008e100000, 0x000000008e200000, 0x000000008e200000|100%| O|  |TAMS 0x000000008e200000| PB 0x000000008e100000| Untracked 
| 226|0x000000008e200000, 0x000000008e300000, 0x000000008e300000|100%| O|  |TAMS 0x000000008e300000| PB 0x000000008e200000| Untracked 
| 227|0x000000008e300000, 0x000000008e400000, 0x000000008e400000|100%| O|  |TAMS 0x000000008e400000| PB 0x000000008e300000| Untracked 
| 228|0x000000008e400000, 0x000000008e500000, 0x000000008e500000|100%| O|  |TAMS 0x000000008e500000| PB 0x000000008e400000| Untracked 
| 229|0x000000008e500000, 0x000000008e600000, 0x000000008e600000|100%| O|  |TAMS 0x000000008e600000| PB 0x000000008e500000| Untracked 
| 230|0x000000008e600000, 0x000000008e700000, 0x000000008e700000|100%| O|  |TAMS 0x000000008e700000| PB 0x000000008e600000| Untracked 
| 231|0x000000008e700000, 0x000000008e800000, 0x000000008e800000|100%| O|  |TAMS 0x000000008e800000| PB 0x000000008e700000| Untracked 
| 232|0x000000008e800000, 0x000000008e900000, 0x000000008e900000|100%| O|  |TAMS 0x000000008e900000| PB 0x000000008e800000| Untracked 
| 233|0x000000008e900000, 0x000000008ea00000, 0x000000008ea00000|100%| O|  |TAMS 0x000000008ea00000| PB 0x000000008e900000| Untracked 
| 234|0x000000008ea00000, 0x000000008eb00000, 0x000000008eb00000|100%| O|  |TAMS 0x000000008eb00000| PB 0x000000008ea00000| Untracked 
| 235|0x000000008eb00000, 0x000000008ec00000, 0x000000008ec00000|100%| O|  |TAMS 0x000000008ec00000| PB 0x000000008eb00000| Untracked 
| 236|0x000000008ec00000, 0x000000008ed00000, 0x000000008ed00000|100%| O|  |TAMS 0x000000008ed00000| PB 0x000000008ec00000| Untracked 
| 237|0x000000008ed00000, 0x000000008ee00000, 0x000000008ee00000|100%| O|  |TAMS 0x000000008ee00000| PB 0x000000008ed00000| Untracked 
| 238|0x000000008ee00000, 0x000000008ef00000, 0x000000008ef00000|100%| O|  |TAMS 0x000000008ef00000| PB 0x000000008ee00000| Untracked 
| 239|0x000000008ef00000, 0x000000008f000000, 0x000000008f000000|100%| O|  |TAMS 0x000000008f000000| PB 0x000000008ef00000| Untracked 
| 240|0x000000008f000000, 0x000000008f100000, 0x000000008f100000|100%| O|  |TAMS 0x000000008f100000| PB 0x000000008f000000| Untracked 
| 241|0x000000008f100000, 0x000000008f200000, 0x000000008f200000|100%| O|  |TAMS 0x000000008f200000| PB 0x000000008f100000| Untracked 
| 242|0x000000008f200000, 0x000000008f300000, 0x000000008f300000|100%| O|  |TAMS 0x000000008f300000| PB 0x000000008f200000| Untracked 
| 243|0x000000008f300000, 0x000000008f400000, 0x000000008f400000|100%| O|  |TAMS 0x000000008f400000| PB 0x000000008f300000| Untracked 
| 244|0x000000008f400000, 0x000000008f500000, 0x000000008f500000|100%| O|  |TAMS 0x000000008f500000| PB 0x000000008f400000| Untracked 
| 245|0x000000008f500000, 0x000000008f600000, 0x000000008f600000|100%| O|  |TAMS 0x000000008f600000| PB 0x000000008f500000| Untracked 
| 246|0x000000008f600000, 0x000000008f700000, 0x000000008f700000|100%| O|  |TAMS 0x000000008f700000| PB 0x000000008f600000| Untracked 
| 247|0x000000008f700000, 0x000000008f800000, 0x000000008f800000|100%| O|  |TAMS 0x000000008f800000| PB 0x000000008f700000| Untracked 
| 248|0x000000008f800000, 0x000000008f900000, 0x000000008f900000|100%|HS|  |TAMS 0x000000008f900000| PB 0x000000008f800000| Complete 
| 249|0x000000008f900000, 0x000000008fa00000, 0x000000008fa00000|100%|HS|  |TAMS 0x000000008fa00000| PB 0x000000008f900000| Complete 
| 250|0x000000008fa00000, 0x000000008fb00000, 0x000000008fb00000|100%| O|  |TAMS 0x000000008fb00000| PB 0x000000008fa00000| Untracked 
| 251|0x000000008fb00000, 0x000000008fc00000, 0x000000008fc00000|100%| O|  |TAMS 0x000000008fc00000| PB 0x000000008fb00000| Untracked 
| 252|0x000000008fc00000, 0x000000008fd00000, 0x000000008fd00000|100%| O|  |TAMS 0x000000008fd00000| PB 0x000000008fc00000| Untracked 
| 253|0x000000008fd00000, 0x000000008fe00000, 0x000000008fe00000|100%| O|  |TAMS 0x000000008fe00000| PB 0x000000008fd00000| Untracked 
| 254|0x000000008fe00000, 0x000000008ff00000, 0x000000008ff00000|100%| O|  |TAMS 0x000000008ff00000| PB 0x000000008fe00000| Untracked 
| 255|0x000000008ff00000, 0x0000000090000000, 0x0000000090000000|100%| O|  |TAMS 0x000000008ff00000| PB 0x000000008ff00000| Untracked 
| 256|0x0000000090000000, 0x0000000090100000, 0x0000000090100000|100%| O|  |TAMS 0x0000000090100000| PB 0x0000000090000000| Untracked 
| 257|0x0000000090100000, 0x0000000090200000, 0x0000000090200000|100%| O|  |TAMS 0x000000009012a540| PB 0x0000000090100000| Untracked 
| 258|0x0000000090200000, 0x0000000090300000, 0x0000000090300000|100%| O|  |TAMS 0x0000000090300000| PB 0x0000000090200000| Untracked 
| 259|0x0000000090300000, 0x0000000090400000, 0x0000000090400000|100%| O|  |TAMS 0x0000000090300000| PB 0x0000000090300000| Untracked 
| 260|0x0000000090400000, 0x0000000090500000, 0x0000000090500000|100%| O|  |TAMS 0x0000000090400000| PB 0x0000000090400000| Untracked 
| 261|0x0000000090500000, 0x0000000090600000, 0x0000000090600000|100%| O|  |TAMS 0x0000000090600000| PB 0x0000000090500000| Untracked 
| 262|0x0000000090600000, 0x0000000090700000, 0x0000000090700000|100%| O|  |TAMS 0x0000000090600000| PB 0x0000000090600000| Untracked 
| 263|0x0000000090700000, 0x0000000090800000, 0x0000000090800000|100%| O|  |TAMS 0x0000000090800000| PB 0x0000000090700000| Untracked 
| 264|0x0000000090800000, 0x0000000090900000, 0x0000000090900000|100%| O|  |TAMS 0x0000000090800000| PB 0x0000000090800000| Untracked 
| 265|0x0000000090900000, 0x0000000090a00000, 0x0000000090a00000|100%| O|  |TAMS 0x0000000090a00000| PB 0x0000000090900000| Untracked 
| 266|0x0000000090a00000, 0x0000000090b00000, 0x0000000090b00000|100%| O|  |TAMS 0x0000000090a00000| PB 0x0000000090a00000| Untracked 
| 267|0x0000000090b00000, 0x0000000090c00000, 0x0000000090c00000|100%| O|  |TAMS 0x0000000090b00000| PB 0x0000000090b00000| Untracked 
| 268|0x0000000090c00000, 0x0000000090d00000, 0x0000000090d00000|100%| O|  |TAMS 0x0000000090d00000| PB 0x0000000090c00000| Untracked 
| 269|0x0000000090d00000, 0x0000000090e00000, 0x0000000090e00000|100%| O|  |TAMS 0x0000000090e00000| PB 0x0000000090d00000| Untracked 
| 270|0x0000000090e00000, 0x0000000090f00000, 0x0000000090f00000|100%| O|  |TAMS 0x0000000090f00000| PB 0x0000000090e00000| Untracked 
| 271|0x0000000090f00000, 0x0000000091000000, 0x0000000091000000|100%|HS|  |TAMS 0x0000000090f00000| PB 0x0000000090f00000| Complete 
| 272|0x0000000091000000, 0x0000000091100000, 0x0000000091100000|100%| O|  |TAMS 0x0000000091100000| PB 0x0000000091000000| Untracked 
| 273|0x0000000091100000, 0x0000000091200000, 0x0000000091200000|100%| O|  |TAMS 0x0000000091200000| PB 0x0000000091100000| Untracked 
| 274|0x0000000091200000, 0x0000000091300000, 0x0000000091300000|100%| O|  |TAMS 0x0000000091300000| PB 0x0000000091200000| Untracked 
| 275|0x0000000091300000, 0x0000000091400000, 0x0000000091400000|100%| O|  |TAMS 0x0000000091400000| PB 0x0000000091300000| Untracked 
| 276|0x0000000091400000, 0x0000000091500000, 0x0000000091500000|100%|HS|  |TAMS 0x0000000091400000| PB 0x0000000091400000| Complete 
| 277|0x0000000091500000, 0x0000000091600000, 0x0000000091600000|100%|HS|  |TAMS 0x0000000091500000| PB 0x0000000091500000| Complete 
| 278|0x0000000091600000, 0x0000000091600000, 0x0000000091700000|  0%| F|  |TAMS 0x0000000091600000| PB 0x0000000091600000| Untracked 
| 279|0x0000000091700000, 0x0000000091800000, 0x0000000091800000|100%| O|  |TAMS 0x0000000091700000| PB 0x0000000091700000| Untracked 
| 280|0x0000000091800000, 0x0000000091900000, 0x0000000091900000|100%| O|  |TAMS 0x0000000091800000| PB 0x0000000091800000| Untracked 
| 281|0x0000000091900000, 0x0000000091a00000, 0x0000000091a00000|100%| O|  |TAMS 0x0000000091900000| PB 0x0000000091900000| Untracked 
| 282|0x0000000091a00000, 0x0000000091a88e30, 0x0000000091b00000| 53%| O|  |TAMS 0x0000000091a00000| PB 0x0000000091a00000| Untracked 
| 283|0x0000000091b00000, 0x0000000091b00000, 0x0000000091c00000|  0%| F|  |TAMS 0x0000000091b00000| PB 0x0000000091b00000| Untracked 
| 284|0x0000000091c00000, 0x0000000091c00000, 0x0000000091d00000|  0%| F|  |TAMS 0x0000000091c00000| PB 0x0000000091c00000| Untracked 
| 285|0x0000000091d00000, 0x0000000091d00000, 0x0000000091e00000|  0%| F|  |TAMS 0x0000000091d00000| PB 0x0000000091d00000| Untracked 
| 286|0x0000000091e00000, 0x0000000091e00000, 0x0000000091f00000|  0%| F|  |TAMS 0x0000000091e00000| PB 0x0000000091e00000| Untracked 
| 287|0x0000000091f00000, 0x0000000091f00000, 0x0000000092000000|  0%| F|  |TAMS 0x0000000091f00000| PB 0x0000000091f00000| Untracked 
| 288|0x0000000092000000, 0x0000000092000000, 0x0000000092100000|  0%| F|  |TAMS 0x0000000092000000| PB 0x0000000092000000| Untracked 
| 289|0x0000000092100000, 0x0000000092100000, 0x0000000092200000|  0%| F|  |TAMS 0x0000000092100000| PB 0x0000000092100000| Untracked 
| 290|0x0000000092200000, 0x0000000092200000, 0x0000000092300000|  0%| F|  |TAMS 0x0000000092200000| PB 0x0000000092200000| Untracked 
| 291|0x0000000092300000, 0x0000000092400000, 0x0000000092400000|100%| O|  |TAMS 0x0000000092400000| PB 0x0000000092300000| Untracked 
| 292|0x0000000092400000, 0x0000000092500000, 0x0000000092500000|100%| O|  |TAMS 0x0000000092500000| PB 0x0000000092400000| Untracked 
| 293|0x0000000092500000, 0x0000000092500000, 0x0000000092600000|  0%| F|  |TAMS 0x0000000092500000| PB 0x0000000092500000| Untracked 
| 294|0x0000000092600000, 0x0000000092600000, 0x0000000092700000|  0%| F|  |TAMS 0x0000000092600000| PB 0x0000000092600000| Untracked 
| 295|0x0000000092700000, 0x0000000092700000, 0x0000000092800000|  0%| F|  |TAMS 0x0000000092700000| PB 0x0000000092700000| Untracked 
| 296|0x0000000092800000, 0x0000000092800000, 0x0000000092900000|  0%| F|  |TAMS 0x0000000092800000| PB 0x0000000092800000| Untracked 
| 297|0x0000000092900000, 0x0000000092900000, 0x0000000092a00000|  0%| F|  |TAMS 0x0000000092900000| PB 0x0000000092900000| Untracked 
| 298|0x0000000092a00000, 0x0000000092b00000, 0x0000000092b00000|100%| O|  |TAMS 0x0000000092b00000| PB 0x0000000092a00000| Untracked 
| 299|0x0000000092b00000, 0x0000000092c00000, 0x0000000092c00000|100%| O|  |TAMS 0x0000000092c00000| PB 0x0000000092b00000| Untracked 
| 300|0x0000000092c00000, 0x0000000092d00000, 0x0000000092d00000|100%| O|  |TAMS 0x0000000092d00000| PB 0x0000000092c00000| Untracked 
| 301|0x0000000092d00000, 0x0000000092d00000, 0x0000000092e00000|  0%| F|  |TAMS 0x0000000092d00000| PB 0x0000000092d00000| Untracked 
| 302|0x0000000092e00000, 0x0000000092e00000, 0x0000000092f00000|  0%| F|  |TAMS 0x0000000092e00000| PB 0x0000000092e00000| Untracked 
| 303|0x0000000092f00000, 0x0000000092f00000, 0x0000000093000000|  0%| F|  |TAMS 0x0000000092f00000| PB 0x0000000092f00000| Untracked 
| 304|0x0000000093000000, 0x0000000093000000, 0x0000000093100000|  0%| F|  |TAMS 0x0000000093000000| PB 0x0000000093000000| Untracked 
| 305|0x0000000093100000, 0x0000000093100000, 0x0000000093200000|  0%| F|  |TAMS 0x0000000093100000| PB 0x0000000093100000| Untracked 
| 306|0x0000000093200000, 0x0000000093200000, 0x0000000093300000|  0%| F|  |TAMS 0x0000000093200000| PB 0x0000000093200000| Untracked 
| 307|0x0000000093300000, 0x0000000093300000, 0x0000000093400000|  0%| F|  |TAMS 0x0000000093300000| PB 0x0000000093300000| Untracked 
| 308|0x0000000093400000, 0x0000000093400000, 0x0000000093500000|  0%| F|  |TAMS 0x0000000093400000| PB 0x0000000093400000| Untracked 
| 309|0x0000000093500000, 0x0000000093500000, 0x0000000093600000|  0%| F|  |TAMS 0x0000000093500000| PB 0x0000000093500000| Untracked 
| 310|0x0000000093600000, 0x0000000093600000, 0x0000000093700000|  0%| F|  |TAMS 0x0000000093600000| PB 0x0000000093600000| Untracked 
| 311|0x0000000093700000, 0x0000000093700000, 0x0000000093800000|  0%| F|  |TAMS 0x0000000093700000| PB 0x0000000093700000| Untracked 
| 312|0x0000000093800000, 0x0000000093800000, 0x0000000093900000|  0%| F|  |TAMS 0x0000000093800000| PB 0x0000000093800000| Untracked 
| 313|0x0000000093900000, 0x0000000093900000, 0x0000000093a00000|  0%| F|  |TAMS 0x0000000093900000| PB 0x0000000093900000| Untracked 
| 314|0x0000000093a00000, 0x0000000093a00000, 0x0000000093b00000|  0%| F|  |TAMS 0x0000000093a00000| PB 0x0000000093a00000| Untracked 
| 315|0x0000000093b00000, 0x0000000093c00000, 0x0000000093c00000|100%| O|  |TAMS 0x0000000093c00000| PB 0x0000000093b00000| Untracked 
| 316|0x0000000093c00000, 0x0000000093d00000, 0x0000000093d00000|100%| O|  |TAMS 0x0000000093d00000| PB 0x0000000093c00000| Untracked 
| 317|0x0000000093d00000, 0x0000000093e00000, 0x0000000093e00000|100%| O|  |TAMS 0x0000000093e00000| PB 0x0000000093d00000| Untracked 
| 318|0x0000000093e00000, 0x0000000093f00000, 0x0000000093f00000|100%| O|  |TAMS 0x0000000093f00000| PB 0x0000000093e00000| Untracked 
| 319|0x0000000093f00000, 0x0000000094000000, 0x0000000094000000|100%| O|  |TAMS 0x0000000094000000| PB 0x0000000093f00000| Untracked 
| 320|0x0000000094000000, 0x0000000094100000, 0x0000000094100000|100%| O|  |TAMS 0x0000000094100000| PB 0x0000000094000000| Untracked 
| 321|0x0000000094100000, 0x0000000094100000, 0x0000000094200000|  0%| F|  |TAMS 0x0000000094100000| PB 0x0000000094100000| Untracked 
| 322|0x0000000094200000, 0x0000000094200000, 0x0000000094300000|  0%| F|  |TAMS 0x0000000094200000| PB 0x0000000094200000| Untracked 
| 323|0x0000000094300000, 0x0000000094300000, 0x0000000094400000|  0%| F|  |TAMS 0x0000000094300000| PB 0x0000000094300000| Untracked 
| 324|0x0000000094400000, 0x0000000094400000, 0x0000000094500000|  0%| F|  |TAMS 0x0000000094400000| PB 0x0000000094400000| Untracked 
| 325|0x0000000094500000, 0x0000000094500000, 0x0000000094600000|  0%| F|  |TAMS 0x0000000094500000| PB 0x0000000094500000| Untracked 
| 326|0x0000000094600000, 0x0000000094700000, 0x0000000094700000|100%| O|  |TAMS 0x0000000094700000| PB 0x0000000094600000| Untracked 
| 327|0x0000000094700000, 0x0000000094700000, 0x0000000094800000|  0%| F|  |TAMS 0x0000000094700000| PB 0x0000000094700000| Untracked 
| 328|0x0000000094800000, 0x0000000094800000, 0x0000000094900000|  0%| F|  |TAMS 0x0000000094800000| PB 0x0000000094800000| Untracked 
| 329|0x0000000094900000, 0x0000000094900000, 0x0000000094a00000|  0%| F|  |TAMS 0x0000000094900000| PB 0x0000000094900000| Untracked 
| 330|0x0000000094a00000, 0x0000000094a00000, 0x0000000094b00000|  0%| F|  |TAMS 0x0000000094a00000| PB 0x0000000094a00000| Untracked 
| 331|0x0000000094b00000, 0x0000000094b00000, 0x0000000094c00000|  0%| F|  |TAMS 0x0000000094b00000| PB 0x0000000094b00000| Untracked 
| 332|0x0000000094c00000, 0x0000000094c00000, 0x0000000094d00000|  0%| F|  |TAMS 0x0000000094c00000| PB 0x0000000094c00000| Untracked 
| 333|0x0000000094d00000, 0x0000000094e00000, 0x0000000094e00000|100%| S|CS|TAMS 0x0000000094d00000| PB 0x0000000094d00000| Complete 
| 334|0x0000000094e00000, 0x0000000094f00000, 0x0000000094f00000|100%| S|CS|TAMS 0x0000000094e00000| PB 0x0000000094e00000| Complete 
| 335|0x0000000094f00000, 0x0000000095000000, 0x0000000095000000|100%| S|CS|TAMS 0x0000000094f00000| PB 0x0000000094f00000| Complete 
| 336|0x0000000095000000, 0x0000000095100000, 0x0000000095100000|100%| S|CS|TAMS 0x0000000095000000| PB 0x0000000095000000| Complete 
| 337|0x0000000095100000, 0x0000000095200000, 0x0000000095200000|100%| S|CS|TAMS 0x0000000095100000| PB 0x0000000095100000| Complete 
| 338|0x0000000095200000, 0x0000000095300000, 0x0000000095300000|100%| S|CS|TAMS 0x0000000095200000| PB 0x0000000095200000| Complete 
| 339|0x0000000095300000, 0x0000000095400000, 0x0000000095400000|100%| S|CS|TAMS 0x0000000095300000| PB 0x0000000095300000| Complete 
| 340|0x0000000095400000, 0x0000000095500000, 0x0000000095500000|100%| S|CS|TAMS 0x0000000095400000| PB 0x0000000095400000| Complete 
| 341|0x0000000095500000, 0x0000000095600000, 0x0000000095600000|100%| S|CS|TAMS 0x0000000095500000| PB 0x0000000095500000| Complete 
| 342|0x0000000095600000, 0x0000000095700000, 0x0000000095700000|100%| S|CS|TAMS 0x0000000095600000| PB 0x0000000095600000| Complete 
| 343|0x0000000095700000, 0x0000000095800000, 0x0000000095800000|100%| S|CS|TAMS 0x0000000095700000| PB 0x0000000095700000| Complete 
| 344|0x0000000095800000, 0x0000000095900000, 0x0000000095900000|100%| S|CS|TAMS 0x0000000095800000| PB 0x0000000095800000| Complete 
| 345|0x0000000095900000, 0x0000000095a00000, 0x0000000095a00000|100%| S|CS|TAMS 0x0000000095900000| PB 0x0000000095900000| Complete 
| 346|0x0000000095a00000, 0x0000000095b00000, 0x0000000095b00000|100%| S|CS|TAMS 0x0000000095a00000| PB 0x0000000095a00000| Complete 
| 347|0x0000000095b00000, 0x0000000095c00000, 0x0000000095c00000|100%| S|CS|TAMS 0x0000000095b00000| PB 0x0000000095b00000| Complete 
| 348|0x0000000095c00000, 0x0000000095d00000, 0x0000000095d00000|100%| S|CS|TAMS 0x0000000095c00000| PB 0x0000000095c00000| Complete 
| 349|0x0000000095d00000, 0x0000000095e00000, 0x0000000095e00000|100%| S|CS|TAMS 0x0000000095d00000| PB 0x0000000095d00000| Complete 
| 350|0x0000000095e00000, 0x0000000095f00000, 0x0000000095f00000|100%| S|CS|TAMS 0x0000000095e00000| PB 0x0000000095e00000| Complete 
| 351|0x0000000095f00000, 0x0000000096000000, 0x0000000096000000|100%| S|CS|TAMS 0x0000000095f00000| PB 0x0000000095f00000| Complete 
| 352|0x0000000096000000, 0x0000000096100000, 0x0000000096100000|100%| S|CS|TAMS 0x0000000096000000| PB 0x0000000096000000| Complete 
| 353|0x0000000096100000, 0x0000000096200000, 0x0000000096200000|100%| S|CS|TAMS 0x0000000096100000| PB 0x0000000096100000| Complete 
| 354|0x0000000096200000, 0x0000000096300000, 0x0000000096300000|100%| S|CS|TAMS 0x0000000096200000| PB 0x0000000096200000| Complete 
| 355|0x0000000096300000, 0x0000000096400000, 0x0000000096400000|100%| S|CS|TAMS 0x0000000096300000| PB 0x0000000096300000| Complete 
| 356|0x0000000096400000, 0x0000000096500000, 0x0000000096500000|100%| S|CS|TAMS 0x0000000096400000| PB 0x0000000096400000| Complete 
| 357|0x0000000096500000, 0x0000000096600000, 0x0000000096600000|100%| S|CS|TAMS 0x0000000096500000| PB 0x0000000096500000| Complete 
| 358|0x0000000096600000, 0x0000000096700000, 0x0000000096700000|100%| S|CS|TAMS 0x0000000096600000| PB 0x0000000096600000| Complete 
| 359|0x0000000096700000, 0x0000000096800000, 0x0000000096800000|100%| S|CS|TAMS 0x0000000096700000| PB 0x0000000096700000| Complete 
| 360|0x0000000096800000, 0x0000000096900000, 0x0000000096900000|100%| S|CS|TAMS 0x0000000096800000| PB 0x0000000096800000| Complete 
| 361|0x0000000096900000, 0x0000000096a00000, 0x0000000096a00000|100%| S|CS|TAMS 0x0000000096900000| PB 0x0000000096900000| Complete 
| 362|0x0000000096a00000, 0x0000000096b00000, 0x0000000096b00000|100%| S|CS|TAMS 0x0000000096a00000| PB 0x0000000096a00000| Complete 
| 363|0x0000000096b00000, 0x0000000096b00000, 0x0000000096c00000|  0%| F|  |TAMS 0x0000000096b00000| PB 0x0000000096b00000| Untracked 
| 364|0x0000000096c00000, 0x0000000096c00000, 0x0000000096d00000|  0%| F|  |TAMS 0x0000000096c00000| PB 0x0000000096c00000| Untracked 
| 365|0x0000000096d00000, 0x0000000096d00000, 0x0000000096e00000|  0%| F|  |TAMS 0x0000000096d00000| PB 0x0000000096d00000| Untracked 
| 366|0x0000000096e00000, 0x0000000096e00000, 0x0000000096f00000|  0%| F|  |TAMS 0x0000000096e00000| PB 0x0000000096e00000| Untracked 
| 367|0x0000000096f00000, 0x0000000096f00000, 0x0000000097000000|  0%| F|  |TAMS 0x0000000096f00000| PB 0x0000000096f00000| Untracked 
| 368|0x0000000097000000, 0x0000000097000000, 0x0000000097100000|  0%| F|  |TAMS 0x0000000097000000| PB 0x0000000097000000| Untracked 
| 369|0x0000000097100000, 0x0000000097100000, 0x0000000097200000|  0%| F|  |TAMS 0x0000000097100000| PB 0x0000000097100000| Untracked 
| 370|0x0000000097200000, 0x0000000097200000, 0x0000000097300000|  0%| F|  |TAMS 0x0000000097200000| PB 0x0000000097200000| Untracked 
| 371|0x0000000097300000, 0x0000000097300000, 0x0000000097400000|  0%| F|  |TAMS 0x0000000097300000| PB 0x0000000097300000| Untracked 
| 372|0x0000000097400000, 0x0000000097400000, 0x0000000097500000|  0%| F|  |TAMS 0x0000000097400000| PB 0x0000000097400000| Untracked 
| 373|0x0000000097500000, 0x0000000097500000, 0x0000000097600000|  0%| F|  |TAMS 0x0000000097500000| PB 0x0000000097500000| Untracked 
| 374|0x0000000097600000, 0x0000000097600000, 0x0000000097700000|  0%| F|  |TAMS 0x0000000097600000| PB 0x0000000097600000| Untracked 
| 375|0x0000000097700000, 0x0000000097700000, 0x0000000097800000|  0%| F|  |TAMS 0x0000000097700000| PB 0x0000000097700000| Untracked 
| 376|0x0000000097800000, 0x0000000097800000, 0x0000000097900000|  0%| F|  |TAMS 0x0000000097800000| PB 0x0000000097800000| Untracked 
| 377|0x0000000097900000, 0x0000000097900000, 0x0000000097a00000|  0%| F|  |TAMS 0x0000000097900000| PB 0x0000000097900000| Untracked 
| 378|0x0000000097a00000, 0x0000000097a00000, 0x0000000097b00000|  0%| F|  |TAMS 0x0000000097a00000| PB 0x0000000097a00000| Untracked 
| 379|0x0000000097b00000, 0x0000000097b00000, 0x0000000097c00000|  0%| F|  |TAMS 0x0000000097b00000| PB 0x0000000097b00000| Untracked 
| 380|0x0000000097c00000, 0x0000000097c00000, 0x0000000097d00000|  0%| F|  |TAMS 0x0000000097c00000| PB 0x0000000097c00000| Untracked 
| 381|0x0000000097d00000, 0x0000000097d00000, 0x0000000097e00000|  0%| F|  |TAMS 0x0000000097d00000| PB 0x0000000097d00000| Untracked 
| 382|0x0000000097e00000, 0x0000000097e00000, 0x0000000097f00000|  0%| F|  |TAMS 0x0000000097e00000| PB 0x0000000097e00000| Untracked 
| 383|0x0000000097f00000, 0x0000000097f00000, 0x0000000098000000|  0%| F|  |TAMS 0x0000000097f00000| PB 0x0000000097f00000| Untracked 
| 384|0x0000000098000000, 0x0000000098000000, 0x0000000098100000|  0%| F|  |TAMS 0x0000000098000000| PB 0x0000000098000000| Untracked 
| 385|0x0000000098100000, 0x0000000098100000, 0x0000000098200000|  0%| F|  |TAMS 0x0000000098100000| PB 0x0000000098100000| Untracked 
| 386|0x0000000098200000, 0x0000000098200000, 0x0000000098300000|  0%| F|  |TAMS 0x0000000098200000| PB 0x0000000098200000| Untracked 
| 387|0x0000000098300000, 0x0000000098300000, 0x0000000098400000|  0%| F|  |TAMS 0x0000000098300000| PB 0x0000000098300000| Untracked 
| 388|0x0000000098400000, 0x0000000098400000, 0x0000000098500000|  0%| F|  |TAMS 0x0000000098400000| PB 0x0000000098400000| Untracked 
| 389|0x0000000098500000, 0x0000000098500000, 0x0000000098600000|  0%| F|  |TAMS 0x0000000098500000| PB 0x0000000098500000| Untracked 
| 390|0x0000000098600000, 0x0000000098600000, 0x0000000098700000|  0%| F|  |TAMS 0x0000000098600000| PB 0x0000000098600000| Untracked 
| 391|0x0000000098700000, 0x0000000098700000, 0x0000000098800000|  0%| F|  |TAMS 0x0000000098700000| PB 0x0000000098700000| Untracked 
| 392|0x0000000098800000, 0x0000000098800000, 0x0000000098900000|  0%| F|  |TAMS 0x0000000098800000| PB 0x0000000098800000| Untracked 
| 393|0x0000000098900000, 0x0000000098900000, 0x0000000098a00000|  0%| F|  |TAMS 0x0000000098900000| PB 0x0000000098900000| Untracked 
| 394|0x0000000098a00000, 0x0000000098a00000, 0x0000000098b00000|  0%| F|  |TAMS 0x0000000098a00000| PB 0x0000000098a00000| Untracked 
| 395|0x0000000098b00000, 0x0000000098b00000, 0x0000000098c00000|  0%| F|  |TAMS 0x0000000098b00000| PB 0x0000000098b00000| Untracked 
| 396|0x0000000098c00000, 0x0000000098c00000, 0x0000000098d00000|  0%| F|  |TAMS 0x0000000098c00000| PB 0x0000000098c00000| Untracked 
| 397|0x0000000098d00000, 0x0000000098d00000, 0x0000000098e00000|  0%| F|  |TAMS 0x0000000098d00000| PB 0x0000000098d00000| Untracked 
| 398|0x0000000098e00000, 0x0000000098e00000, 0x0000000098f00000|  0%| F|  |TAMS 0x0000000098e00000| PB 0x0000000098e00000| Untracked 
| 399|0x0000000098f00000, 0x0000000098f00000, 0x0000000099000000|  0%| F|  |TAMS 0x0000000098f00000| PB 0x0000000098f00000| Untracked 
| 400|0x0000000099000000, 0x0000000099000000, 0x0000000099100000|  0%| F|  |TAMS 0x0000000099000000| PB 0x0000000099000000| Untracked 
| 401|0x0000000099100000, 0x0000000099100000, 0x0000000099200000|  0%| F|  |TAMS 0x0000000099100000| PB 0x0000000099100000| Untracked 
| 402|0x0000000099200000, 0x0000000099200000, 0x0000000099300000|  0%| F|  |TAMS 0x0000000099200000| PB 0x0000000099200000| Untracked 
| 403|0x0000000099300000, 0x0000000099300000, 0x0000000099400000|  0%| F|  |TAMS 0x0000000099300000| PB 0x0000000099300000| Untracked 
| 404|0x0000000099400000, 0x0000000099400000, 0x0000000099500000|  0%| F|  |TAMS 0x0000000099400000| PB 0x0000000099400000| Untracked 
| 405|0x0000000099500000, 0x0000000099500000, 0x0000000099600000|  0%| F|  |TAMS 0x0000000099500000| PB 0x0000000099500000| Untracked 
| 406|0x0000000099600000, 0x0000000099600000, 0x0000000099700000|  0%| F|  |TAMS 0x0000000099600000| PB 0x0000000099600000| Untracked 
| 407|0x0000000099700000, 0x0000000099700000, 0x0000000099800000|  0%| F|  |TAMS 0x0000000099700000| PB 0x0000000099700000| Untracked 
| 408|0x0000000099800000, 0x0000000099800000, 0x0000000099900000|  0%| F|  |TAMS 0x0000000099800000| PB 0x0000000099800000| Untracked 
| 409|0x0000000099900000, 0x0000000099900000, 0x0000000099a00000|  0%| F|  |TAMS 0x0000000099900000| PB 0x0000000099900000| Untracked 
| 410|0x0000000099a00000, 0x0000000099a00000, 0x0000000099b00000|  0%| F|  |TAMS 0x0000000099a00000| PB 0x0000000099a00000| Untracked 
| 411|0x0000000099b00000, 0x0000000099b00000, 0x0000000099c00000|  0%| F|  |TAMS 0x0000000099b00000| PB 0x0000000099b00000| Untracked 
| 412|0x0000000099c00000, 0x0000000099c00000, 0x0000000099d00000|  0%| F|  |TAMS 0x0000000099c00000| PB 0x0000000099c00000| Untracked 
| 413|0x0000000099d00000, 0x0000000099d00000, 0x0000000099e00000|  0%| F|  |TAMS 0x0000000099d00000| PB 0x0000000099d00000| Untracked 
| 414|0x0000000099e00000, 0x0000000099e00000, 0x0000000099f00000|  0%| F|  |TAMS 0x0000000099e00000| PB 0x0000000099e00000| Untracked 
| 415|0x0000000099f00000, 0x0000000099f00000, 0x000000009a000000|  0%| F|  |TAMS 0x0000000099f00000| PB 0x0000000099f00000| Untracked 
| 416|0x000000009a000000, 0x000000009a000000, 0x000000009a100000|  0%| F|  |TAMS 0x000000009a000000| PB 0x000000009a000000| Untracked 
| 417|0x000000009a100000, 0x000000009a100000, 0x000000009a200000|  0%| F|  |TAMS 0x000000009a100000| PB 0x000000009a100000| Untracked 
| 418|0x000000009a200000, 0x000000009a200000, 0x000000009a300000|  0%| F|  |TAMS 0x000000009a200000| PB 0x000000009a200000| Untracked 
| 419|0x000000009a300000, 0x000000009a300000, 0x000000009a400000|  0%| F|  |TAMS 0x000000009a300000| PB 0x000000009a300000| Untracked 
| 420|0x000000009a400000, 0x000000009a400000, 0x000000009a500000|  0%| F|  |TAMS 0x000000009a400000| PB 0x000000009a400000| Untracked 
| 421|0x000000009a500000, 0x000000009a500000, 0x000000009a600000|  0%| F|  |TAMS 0x000000009a500000| PB 0x000000009a500000| Untracked 
| 422|0x000000009a600000, 0x000000009a600000, 0x000000009a700000|  0%| F|  |TAMS 0x000000009a600000| PB 0x000000009a600000| Untracked 
| 423|0x000000009a700000, 0x000000009a700000, 0x000000009a800000|  0%| F|  |TAMS 0x000000009a700000| PB 0x000000009a700000| Untracked 
| 424|0x000000009a800000, 0x000000009a800000, 0x000000009a900000|  0%| F|  |TAMS 0x000000009a800000| PB 0x000000009a800000| Untracked 
| 425|0x000000009a900000, 0x000000009a900000, 0x000000009aa00000|  0%| F|  |TAMS 0x000000009a900000| PB 0x000000009a900000| Untracked 
| 426|0x000000009aa00000, 0x000000009aa00000, 0x000000009ab00000|  0%| F|  |TAMS 0x000000009aa00000| PB 0x000000009aa00000| Untracked 
| 427|0x000000009ab00000, 0x000000009ab00000, 0x000000009ac00000|  0%| F|  |TAMS 0x000000009ab00000| PB 0x000000009ab00000| Untracked 
| 428|0x000000009ac00000, 0x000000009ac00000, 0x000000009ad00000|  0%| F|  |TAMS 0x000000009ac00000| PB 0x000000009ac00000| Untracked 
| 429|0x000000009ad00000, 0x000000009ad00000, 0x000000009ae00000|  0%| F|  |TAMS 0x000000009ad00000| PB 0x000000009ad00000| Untracked 
| 430|0x000000009ae00000, 0x000000009ae00000, 0x000000009af00000|  0%| F|  |TAMS 0x000000009ae00000| PB 0x000000009ae00000| Untracked 
| 431|0x000000009af00000, 0x000000009af00000, 0x000000009b000000|  0%| F|  |TAMS 0x000000009af00000| PB 0x000000009af00000| Untracked 
| 432|0x000000009b000000, 0x000000009b000000, 0x000000009b100000|  0%| F|  |TAMS 0x000000009b000000| PB 0x000000009b000000| Untracked 
| 433|0x000000009b100000, 0x000000009b100000, 0x000000009b200000|  0%| F|  |TAMS 0x000000009b100000| PB 0x000000009b100000| Untracked 
| 434|0x000000009b200000, 0x000000009b200000, 0x000000009b300000|  0%| F|  |TAMS 0x000000009b200000| PB 0x000000009b200000| Untracked 
| 435|0x000000009b300000, 0x000000009b300000, 0x000000009b400000|  0%| F|  |TAMS 0x000000009b300000| PB 0x000000009b300000| Untracked 
| 436|0x000000009b400000, 0x000000009b400000, 0x000000009b500000|  0%| F|  |TAMS 0x000000009b400000| PB 0x000000009b400000| Untracked 
| 437|0x000000009b500000, 0x000000009b500000, 0x000000009b600000|  0%| F|  |TAMS 0x000000009b500000| PB 0x000000009b500000| Untracked 
| 438|0x000000009b600000, 0x000000009b600000, 0x000000009b700000|  0%| F|  |TAMS 0x000000009b600000| PB 0x000000009b600000| Untracked 
| 439|0x000000009b700000, 0x000000009b700000, 0x000000009b800000|  0%| F|  |TAMS 0x000000009b700000| PB 0x000000009b700000| Untracked 
| 440|0x000000009b800000, 0x000000009b800000, 0x000000009b900000|  0%| F|  |TAMS 0x000000009b800000| PB 0x000000009b800000| Untracked 
| 441|0x000000009b900000, 0x000000009b900000, 0x000000009ba00000|  0%| F|  |TAMS 0x000000009b900000| PB 0x000000009b900000| Untracked 
| 442|0x000000009ba00000, 0x000000009ba00000, 0x000000009bb00000|  0%| F|  |TAMS 0x000000009ba00000| PB 0x000000009ba00000| Untracked 
| 443|0x000000009bb00000, 0x000000009bb00000, 0x000000009bc00000|  0%| F|  |TAMS 0x000000009bb00000| PB 0x000000009bb00000| Untracked 
| 444|0x000000009bc00000, 0x000000009bc00000, 0x000000009bd00000|  0%| F|  |TAMS 0x000000009bc00000| PB 0x000000009bc00000| Untracked 
| 445|0x000000009bd00000, 0x000000009bd00000, 0x000000009be00000|  0%| F|  |TAMS 0x000000009bd00000| PB 0x000000009bd00000| Untracked 
| 446|0x000000009be00000, 0x000000009be00000, 0x000000009bf00000|  0%| F|  |TAMS 0x000000009be00000| PB 0x000000009be00000| Untracked 
| 447|0x000000009bf00000, 0x000000009bf00000, 0x000000009c000000|  0%| F|  |TAMS 0x000000009bf00000| PB 0x000000009bf00000| Untracked 
| 448|0x000000009c000000, 0x000000009c000000, 0x000000009c100000|  0%| F|  |TAMS 0x000000009c000000| PB 0x000000009c000000| Untracked 
| 449|0x000000009c100000, 0x000000009c100000, 0x000000009c200000|  0%| F|  |TAMS 0x000000009c100000| PB 0x000000009c100000| Untracked 
| 450|0x000000009c200000, 0x000000009c200000, 0x000000009c300000|  0%| F|  |TAMS 0x000000009c200000| PB 0x000000009c200000| Untracked 
| 451|0x000000009c300000, 0x000000009c300000, 0x000000009c400000|  0%| F|  |TAMS 0x000000009c300000| PB 0x000000009c300000| Untracked 
| 452|0x000000009c400000, 0x000000009c400000, 0x000000009c500000|  0%| F|  |TAMS 0x000000009c400000| PB 0x000000009c400000| Untracked 
| 453|0x000000009c500000, 0x000000009c500000, 0x000000009c600000|  0%| F|  |TAMS 0x000000009c500000| PB 0x000000009c500000| Untracked 
| 454|0x000000009c600000, 0x000000009c600000, 0x000000009c700000|  0%| F|  |TAMS 0x000000009c600000| PB 0x000000009c600000| Untracked 
| 455|0x000000009c700000, 0x000000009c700000, 0x000000009c800000|  0%| F|  |TAMS 0x000000009c700000| PB 0x000000009c700000| Untracked 
| 456|0x000000009c800000, 0x000000009c800000, 0x000000009c900000|  0%| F|  |TAMS 0x000000009c800000| PB 0x000000009c800000| Untracked 
| 457|0x000000009c900000, 0x000000009c900000, 0x000000009ca00000|  0%| F|  |TAMS 0x000000009c900000| PB 0x000000009c900000| Untracked 
| 458|0x000000009ca00000, 0x000000009ca00000, 0x000000009cb00000|  0%| F|  |TAMS 0x000000009ca00000| PB 0x000000009ca00000| Untracked 
| 459|0x000000009cb00000, 0x000000009cb00000, 0x000000009cc00000|  0%| F|  |TAMS 0x000000009cb00000| PB 0x000000009cb00000| Untracked 
| 460|0x000000009cc00000, 0x000000009cc00000, 0x000000009cd00000|  0%| F|  |TAMS 0x000000009cc00000| PB 0x000000009cc00000| Untracked 
| 461|0x000000009cd00000, 0x000000009cd00000, 0x000000009ce00000|  0%| F|  |TAMS 0x000000009cd00000| PB 0x000000009cd00000| Untracked 
| 462|0x000000009ce00000, 0x000000009ce00000, 0x000000009cf00000|  0%| F|  |TAMS 0x000000009ce00000| PB 0x000000009ce00000| Untracked 
| 463|0x000000009cf00000, 0x000000009cf00000, 0x000000009d000000|  0%| F|  |TAMS 0x000000009cf00000| PB 0x000000009cf00000| Untracked 
| 464|0x000000009d000000, 0x000000009d000000, 0x000000009d100000|  0%| F|  |TAMS 0x000000009d000000| PB 0x000000009d000000| Untracked 
| 465|0x000000009d100000, 0x000000009d100000, 0x000000009d200000|  0%| F|  |TAMS 0x000000009d100000| PB 0x000000009d100000| Untracked 
| 466|0x000000009d200000, 0x000000009d200000, 0x000000009d300000|  0%| F|  |TAMS 0x000000009d200000| PB 0x000000009d200000| Untracked 
| 467|0x000000009d300000, 0x000000009d300000, 0x000000009d400000|  0%| F|  |TAMS 0x000000009d300000| PB 0x000000009d300000| Untracked 
| 468|0x000000009d400000, 0x000000009d400000, 0x000000009d500000|  0%| F|  |TAMS 0x000000009d400000| PB 0x000000009d400000| Untracked 
| 469|0x000000009d500000, 0x000000009d500000, 0x000000009d600000|  0%| F|  |TAMS 0x000000009d500000| PB 0x000000009d500000| Untracked 
| 470|0x000000009d600000, 0x000000009d600000, 0x000000009d700000|  0%| F|  |TAMS 0x000000009d600000| PB 0x000000009d600000| Untracked 
| 471|0x000000009d700000, 0x000000009d700000, 0x000000009d800000|  0%| F|  |TAMS 0x000000009d700000| PB 0x000000009d700000| Untracked 
| 472|0x000000009d800000, 0x000000009d800000, 0x000000009d900000|  0%| F|  |TAMS 0x000000009d800000| PB 0x000000009d800000| Untracked 
| 473|0x000000009d900000, 0x000000009d900000, 0x000000009da00000|  0%| F|  |TAMS 0x000000009d900000| PB 0x000000009d900000| Untracked 
| 474|0x000000009da00000, 0x000000009da00000, 0x000000009db00000|  0%| F|  |TAMS 0x000000009da00000| PB 0x000000009da00000| Untracked 
| 475|0x000000009db00000, 0x000000009db00000, 0x000000009dc00000|  0%| F|  |TAMS 0x000000009db00000| PB 0x000000009db00000| Untracked 
| 476|0x000000009dc00000, 0x000000009dc00000, 0x000000009dd00000|  0%| F|  |TAMS 0x000000009dc00000| PB 0x000000009dc00000| Untracked 
| 477|0x000000009dd00000, 0x000000009dd00000, 0x000000009de00000|  0%| F|  |TAMS 0x000000009dd00000| PB 0x000000009dd00000| Untracked 
| 478|0x000000009de00000, 0x000000009de00000, 0x000000009df00000|  0%| F|  |TAMS 0x000000009de00000| PB 0x000000009de00000| Untracked 
| 479|0x000000009df00000, 0x000000009df00000, 0x000000009e000000|  0%| F|  |TAMS 0x000000009df00000| PB 0x000000009df00000| Untracked 
| 480|0x000000009e000000, 0x000000009e000000, 0x000000009e100000|  0%| F|  |TAMS 0x000000009e000000| PB 0x000000009e000000| Untracked 
| 481|0x000000009e100000, 0x000000009e100000, 0x000000009e200000|  0%| F|  |TAMS 0x000000009e100000| PB 0x000000009e100000| Untracked 
| 482|0x000000009e200000, 0x000000009e200000, 0x000000009e300000|  0%| F|  |TAMS 0x000000009e200000| PB 0x000000009e200000| Untracked 
| 483|0x000000009e300000, 0x000000009e300000, 0x000000009e400000|  0%| F|  |TAMS 0x000000009e300000| PB 0x000000009e300000| Untracked 
| 484|0x000000009e400000, 0x000000009e400000, 0x000000009e500000|  0%| F|  |TAMS 0x000000009e400000| PB 0x000000009e400000| Untracked 
| 485|0x000000009e500000, 0x000000009e500000, 0x000000009e600000|  0%| F|  |TAMS 0x000000009e500000| PB 0x000000009e500000| Untracked 
| 486|0x000000009e600000, 0x000000009e600000, 0x000000009e700000|  0%| F|  |TAMS 0x000000009e600000| PB 0x000000009e600000| Untracked 
| 487|0x000000009e700000, 0x000000009e700000, 0x000000009e800000|  0%| F|  |TAMS 0x000000009e700000| PB 0x000000009e700000| Untracked 
| 488|0x000000009e800000, 0x000000009e800000, 0x000000009e900000|  0%| F|  |TAMS 0x000000009e800000| PB 0x000000009e800000| Untracked 
| 489|0x000000009e900000, 0x000000009e900000, 0x000000009ea00000|  0%| F|  |TAMS 0x000000009e900000| PB 0x000000009e900000| Untracked 
| 490|0x000000009ea00000, 0x000000009ea00000, 0x000000009eb00000|  0%| F|  |TAMS 0x000000009ea00000| PB 0x000000009ea00000| Untracked 
| 491|0x000000009eb00000, 0x000000009eb00000, 0x000000009ec00000|  0%| F|  |TAMS 0x000000009eb00000| PB 0x000000009eb00000| Untracked 
| 492|0x000000009ec00000, 0x000000009ec00000, 0x000000009ed00000|  0%| F|  |TAMS 0x000000009ec00000| PB 0x000000009ec00000| Untracked 
| 493|0x000000009ed00000, 0x000000009ed00000, 0x000000009ee00000|  0%| F|  |TAMS 0x000000009ed00000| PB 0x000000009ed00000| Untracked 
| 494|0x000000009ee00000, 0x000000009ee00000, 0x000000009ef00000|  0%| F|  |TAMS 0x000000009ee00000| PB 0x000000009ee00000| Untracked 
| 495|0x000000009ef00000, 0x000000009ef00000, 0x000000009f000000|  0%| F|  |TAMS 0x000000009ef00000| PB 0x000000009ef00000| Untracked 
| 496|0x000000009f000000, 0x000000009f000000, 0x000000009f100000|  0%| F|  |TAMS 0x000000009f000000| PB 0x000000009f000000| Untracked 
| 497|0x000000009f100000, 0x000000009f100000, 0x000000009f200000|  0%| F|  |TAMS 0x000000009f100000| PB 0x000000009f100000| Untracked 
| 498|0x000000009f200000, 0x000000009f200000, 0x000000009f300000|  0%| F|  |TAMS 0x000000009f200000| PB 0x000000009f200000| Untracked 
| 499|0x000000009f300000, 0x000000009f300000, 0x000000009f400000|  0%| F|  |TAMS 0x000000009f300000| PB 0x000000009f300000| Untracked 
| 500|0x000000009f400000, 0x000000009f400000, 0x000000009f500000|  0%| F|  |TAMS 0x000000009f400000| PB 0x000000009f400000| Untracked 
| 501|0x000000009f500000, 0x000000009f500000, 0x000000009f600000|  0%| F|  |TAMS 0x000000009f500000| PB 0x000000009f500000| Untracked 
| 502|0x000000009f600000, 0x000000009f600000, 0x000000009f700000|  0%| F|  |TAMS 0x000000009f600000| PB 0x000000009f600000| Untracked 
| 503|0x000000009f700000, 0x000000009f700000, 0x000000009f800000|  0%| F|  |TAMS 0x000000009f700000| PB 0x000000009f700000| Untracked 
| 504|0x000000009f800000, 0x000000009f800000, 0x000000009f900000|  0%| F|  |TAMS 0x000000009f800000| PB 0x000000009f800000| Untracked 
| 505|0x000000009f900000, 0x000000009f900000, 0x000000009fa00000|  0%| F|  |TAMS 0x000000009f900000| PB 0x000000009f900000| Untracked 
| 506|0x000000009fa00000, 0x000000009fa00000, 0x000000009fb00000|  0%| F|  |TAMS 0x000000009fa00000| PB 0x000000009fa00000| Untracked 
| 507|0x000000009fb00000, 0x000000009fb00000, 0x000000009fc00000|  0%| F|  |TAMS 0x000000009fb00000| PB 0x000000009fb00000| Untracked 
| 508|0x000000009fc00000, 0x000000009fc00000, 0x000000009fd00000|  0%| F|  |TAMS 0x000000009fc00000| PB 0x000000009fc00000| Untracked 
| 509|0x000000009fd00000, 0x000000009fd00000, 0x000000009fe00000|  0%| F|  |TAMS 0x000000009fd00000| PB 0x000000009fd00000| Untracked 
| 510|0x000000009fe00000, 0x000000009fe00000, 0x000000009ff00000|  0%| F|  |TAMS 0x000000009fe00000| PB 0x000000009fe00000| Untracked 
| 511|0x000000009ff00000, 0x000000009ff00000, 0x00000000a0000000|  0%| F|  |TAMS 0x000000009ff00000| PB 0x000000009ff00000| Untracked 
| 512|0x00000000a0000000, 0x00000000a0000000, 0x00000000a0100000|  0%| F|  |TAMS 0x00000000a0000000| PB 0x00000000a0000000| Untracked 
| 513|0x00000000a0100000, 0x00000000a0100000, 0x00000000a0200000|  0%| F|  |TAMS 0x00000000a0100000| PB 0x00000000a0100000| Untracked 
| 514|0x00000000a0200000, 0x00000000a0200000, 0x00000000a0300000|  0%| F|  |TAMS 0x00000000a0200000| PB 0x00000000a0200000| Untracked 
| 515|0x00000000a0300000, 0x00000000a0300000, 0x00000000a0400000|  0%| F|  |TAMS 0x00000000a0300000| PB 0x00000000a0300000| Untracked 
| 516|0x00000000a0400000, 0x00000000a0400000, 0x00000000a0500000|  0%| F|  |TAMS 0x00000000a0400000| PB 0x00000000a0400000| Untracked 
| 517|0x00000000a0500000, 0x00000000a0500000, 0x00000000a0600000|  0%| F|  |TAMS 0x00000000a0500000| PB 0x00000000a0500000| Untracked 
| 518|0x00000000a0600000, 0x00000000a0600000, 0x00000000a0700000|  0%| F|  |TAMS 0x00000000a0600000| PB 0x00000000a0600000| Untracked 
| 519|0x00000000a0700000, 0x00000000a0700000, 0x00000000a0800000|  0%| F|  |TAMS 0x00000000a0700000| PB 0x00000000a0700000| Untracked 
| 520|0x00000000a0800000, 0x00000000a0800000, 0x00000000a0900000|  0%| F|  |TAMS 0x00000000a0800000| PB 0x00000000a0800000| Untracked 
| 521|0x00000000a0900000, 0x00000000a0900000, 0x00000000a0a00000|  0%| F|  |TAMS 0x00000000a0900000| PB 0x00000000a0900000| Untracked 
| 522|0x00000000a0a00000, 0x00000000a0a00000, 0x00000000a0b00000|  0%| F|  |TAMS 0x00000000a0a00000| PB 0x00000000a0a00000| Untracked 
| 523|0x00000000a0b00000, 0x00000000a0b00000, 0x00000000a0c00000|  0%| F|  |TAMS 0x00000000a0b00000| PB 0x00000000a0b00000| Untracked 
| 524|0x00000000a0c00000, 0x00000000a0c00000, 0x00000000a0d00000|  0%| F|  |TAMS 0x00000000a0c00000| PB 0x00000000a0c00000| Untracked 
| 525|0x00000000a0d00000, 0x00000000a0d00000, 0x00000000a0e00000|  0%| F|  |TAMS 0x00000000a0d00000| PB 0x00000000a0d00000| Untracked 
| 526|0x00000000a0e00000, 0x00000000a0e00000, 0x00000000a0f00000|  0%| F|  |TAMS 0x00000000a0e00000| PB 0x00000000a0e00000| Untracked 
| 527|0x00000000a0f00000, 0x00000000a0f00000, 0x00000000a1000000|  0%| F|  |TAMS 0x00000000a0f00000| PB 0x00000000a0f00000| Untracked 
| 528|0x00000000a1000000, 0x00000000a1000000, 0x00000000a1100000|  0%| F|  |TAMS 0x00000000a1000000| PB 0x00000000a1000000| Untracked 
| 529|0x00000000a1100000, 0x00000000a1100000, 0x00000000a1200000|  0%| F|  |TAMS 0x00000000a1100000| PB 0x00000000a1100000| Untracked 
| 530|0x00000000a1200000, 0x00000000a1200000, 0x00000000a1300000|  0%| F|  |TAMS 0x00000000a1200000| PB 0x00000000a1200000| Untracked 
| 531|0x00000000a1300000, 0x00000000a1300000, 0x00000000a1400000|  0%| F|  |TAMS 0x00000000a1300000| PB 0x00000000a1300000| Untracked 
| 532|0x00000000a1400000, 0x00000000a1400000, 0x00000000a1500000|  0%| F|  |TAMS 0x00000000a1400000| PB 0x00000000a1400000| Untracked 
| 533|0x00000000a1500000, 0x00000000a1500000, 0x00000000a1600000|  0%| F|  |TAMS 0x00000000a1500000| PB 0x00000000a1500000| Untracked 
| 534|0x00000000a1600000, 0x00000000a1600000, 0x00000000a1700000|  0%| F|  |TAMS 0x00000000a1600000| PB 0x00000000a1600000| Untracked 
| 535|0x00000000a1700000, 0x00000000a1700000, 0x00000000a1800000|  0%| F|  |TAMS 0x00000000a1700000| PB 0x00000000a1700000| Untracked 
| 536|0x00000000a1800000, 0x00000000a1800000, 0x00000000a1900000|  0%| F|  |TAMS 0x00000000a1800000| PB 0x00000000a1800000| Untracked 
| 537|0x00000000a1900000, 0x00000000a1900000, 0x00000000a1a00000|  0%| F|  |TAMS 0x00000000a1900000| PB 0x00000000a1900000| Untracked 
| 538|0x00000000a1a00000, 0x00000000a1a00000, 0x00000000a1b00000|  0%| F|  |TAMS 0x00000000a1a00000| PB 0x00000000a1a00000| Untracked 
| 539|0x00000000a1b00000, 0x00000000a1b00000, 0x00000000a1c00000|  0%| F|  |TAMS 0x00000000a1b00000| PB 0x00000000a1b00000| Untracked 
| 540|0x00000000a1c00000, 0x00000000a1c00000, 0x00000000a1d00000|  0%| F|  |TAMS 0x00000000a1c00000| PB 0x00000000a1c00000| Untracked 
| 541|0x00000000a1d00000, 0x00000000a1d00000, 0x00000000a1e00000|  0%| F|  |TAMS 0x00000000a1d00000| PB 0x00000000a1d00000| Untracked 
| 542|0x00000000a1e00000, 0x00000000a1e00000, 0x00000000a1f00000|  0%| F|  |TAMS 0x00000000a1e00000| PB 0x00000000a1e00000| Untracked 
| 543|0x00000000a1f00000, 0x00000000a1f00000, 0x00000000a2000000|  0%| F|  |TAMS 0x00000000a1f00000| PB 0x00000000a1f00000| Untracked 
| 544|0x00000000a2000000, 0x00000000a2000000, 0x00000000a2100000|  0%| F|  |TAMS 0x00000000a2000000| PB 0x00000000a2000000| Untracked 
| 545|0x00000000a2100000, 0x00000000a2100000, 0x00000000a2200000|  0%| F|  |TAMS 0x00000000a2100000| PB 0x00000000a2100000| Untracked 
| 546|0x00000000a2200000, 0x00000000a2200000, 0x00000000a2300000|  0%| F|  |TAMS 0x00000000a2200000| PB 0x00000000a2200000| Untracked 
| 547|0x00000000a2300000, 0x00000000a2300000, 0x00000000a2400000|  0%| F|  |TAMS 0x00000000a2300000| PB 0x00000000a2300000| Untracked 
| 548|0x00000000a2400000, 0x00000000a2400000, 0x00000000a2500000|  0%| F|  |TAMS 0x00000000a2400000| PB 0x00000000a2400000| Untracked 
| 549|0x00000000a2500000, 0x00000000a2500000, 0x00000000a2600000|  0%| F|  |TAMS 0x00000000a2500000| PB 0x00000000a2500000| Untracked 
| 550|0x00000000a2600000, 0x00000000a2600000, 0x00000000a2700000|  0%| F|  |TAMS 0x00000000a2600000| PB 0x00000000a2600000| Untracked 
| 551|0x00000000a2700000, 0x00000000a2700000, 0x00000000a2800000|  0%| F|  |TAMS 0x00000000a2700000| PB 0x00000000a2700000| Untracked 
| 552|0x00000000a2800000, 0x00000000a2800000, 0x00000000a2900000|  0%| F|  |TAMS 0x00000000a2800000| PB 0x00000000a2800000| Untracked 
| 553|0x00000000a2900000, 0x00000000a2900000, 0x00000000a2a00000|  0%| F|  |TAMS 0x00000000a2900000| PB 0x00000000a2900000| Untracked 
| 554|0x00000000a2a00000, 0x00000000a2a00000, 0x00000000a2b00000|  0%| F|  |TAMS 0x00000000a2a00000| PB 0x00000000a2a00000| Untracked 
| 555|0x00000000a2b00000, 0x00000000a2b00000, 0x00000000a2c00000|  0%| F|  |TAMS 0x00000000a2b00000| PB 0x00000000a2b00000| Untracked 
| 556|0x00000000a2c00000, 0x00000000a2c00000, 0x00000000a2d00000|  0%| F|  |TAMS 0x00000000a2c00000| PB 0x00000000a2c00000| Untracked 
| 557|0x00000000a2d00000, 0x00000000a2d00000, 0x00000000a2e00000|  0%| F|  |TAMS 0x00000000a2d00000| PB 0x00000000a2d00000| Untracked 
| 558|0x00000000a2e00000, 0x00000000a2e00000, 0x00000000a2f00000|  0%| F|  |TAMS 0x00000000a2e00000| PB 0x00000000a2e00000| Untracked 
| 559|0x00000000a2f00000, 0x00000000a2f00000, 0x00000000a3000000|  0%| F|  |TAMS 0x00000000a2f00000| PB 0x00000000a2f00000| Untracked 
| 560|0x00000000a3000000, 0x00000000a3000000, 0x00000000a3100000|  0%| F|  |TAMS 0x00000000a3000000| PB 0x00000000a3000000| Untracked 
| 561|0x00000000a3100000, 0x00000000a3100000, 0x00000000a3200000|  0%| F|  |TAMS 0x00000000a3100000| PB 0x00000000a3100000| Untracked 
| 562|0x00000000a3200000, 0x00000000a3200000, 0x00000000a3300000|  0%| F|  |TAMS 0x00000000a3200000| PB 0x00000000a3200000| Untracked 
| 563|0x00000000a3300000, 0x00000000a3300000, 0x00000000a3400000|  0%| F|  |TAMS 0x00000000a3300000| PB 0x00000000a3300000| Untracked 
| 564|0x00000000a3400000, 0x00000000a3400000, 0x00000000a3500000|  0%| F|  |TAMS 0x00000000a3400000| PB 0x00000000a3400000| Untracked 
| 565|0x00000000a3500000, 0x00000000a3500000, 0x00000000a3600000|  0%| F|  |TAMS 0x00000000a3500000| PB 0x00000000a3500000| Untracked 
| 566|0x00000000a3600000, 0x00000000a3600000, 0x00000000a3700000|  0%| F|  |TAMS 0x00000000a3600000| PB 0x00000000a3600000| Untracked 
| 567|0x00000000a3700000, 0x00000000a3700000, 0x00000000a3800000|  0%| F|  |TAMS 0x00000000a3700000| PB 0x00000000a3700000| Untracked 
| 568|0x00000000a3800000, 0x00000000a3800000, 0x00000000a3900000|  0%| F|  |TAMS 0x00000000a3800000| PB 0x00000000a3800000| Untracked 
| 569|0x00000000a3900000, 0x00000000a3900000, 0x00000000a3a00000|  0%| F|  |TAMS 0x00000000a3900000| PB 0x00000000a3900000| Untracked 
| 570|0x00000000a3a00000, 0x00000000a3a00000, 0x00000000a3b00000|  0%| F|  |TAMS 0x00000000a3a00000| PB 0x00000000a3a00000| Untracked 
| 571|0x00000000a3b00000, 0x00000000a3b00000, 0x00000000a3c00000|  0%| F|  |TAMS 0x00000000a3b00000| PB 0x00000000a3b00000| Untracked 
| 572|0x00000000a3c00000, 0x00000000a3c00000, 0x00000000a3d00000|  0%| F|  |TAMS 0x00000000a3c00000| PB 0x00000000a3c00000| Untracked 
| 573|0x00000000a3d00000, 0x00000000a3d00000, 0x00000000a3e00000|  0%| F|  |TAMS 0x00000000a3d00000| PB 0x00000000a3d00000| Untracked 
| 574|0x00000000a3e00000, 0x00000000a3e00000, 0x00000000a3f00000|  0%| F|  |TAMS 0x00000000a3e00000| PB 0x00000000a3e00000| Untracked 
| 575|0x00000000a3f00000, 0x00000000a3f00000, 0x00000000a4000000|  0%| F|  |TAMS 0x00000000a3f00000| PB 0x00000000a3f00000| Untracked 
| 576|0x00000000a4000000, 0x00000000a4000000, 0x00000000a4100000|  0%| F|  |TAMS 0x00000000a4000000| PB 0x00000000a4000000| Untracked 
| 577|0x00000000a4100000, 0x00000000a4100000, 0x00000000a4200000|  0%| F|  |TAMS 0x00000000a4100000| PB 0x00000000a4100000| Untracked 
| 578|0x00000000a4200000, 0x00000000a4200000, 0x00000000a4300000|  0%| F|  |TAMS 0x00000000a4200000| PB 0x00000000a4200000| Untracked 
| 579|0x00000000a4300000, 0x00000000a4300000, 0x00000000a4400000|  0%| F|  |TAMS 0x00000000a4300000| PB 0x00000000a4300000| Untracked 
| 580|0x00000000a4400000, 0x00000000a4400000, 0x00000000a4500000|  0%| F|  |TAMS 0x00000000a4400000| PB 0x00000000a4400000| Untracked 
| 581|0x00000000a4500000, 0x00000000a4500000, 0x00000000a4600000|  0%| F|  |TAMS 0x00000000a4500000| PB 0x00000000a4500000| Untracked 
| 582|0x00000000a4600000, 0x00000000a4600000, 0x00000000a4700000|  0%| F|  |TAMS 0x00000000a4600000| PB 0x00000000a4600000| Untracked 
| 583|0x00000000a4700000, 0x00000000a4700000, 0x00000000a4800000|  0%| F|  |TAMS 0x00000000a4700000| PB 0x00000000a4700000| Untracked 
| 584|0x00000000a4800000, 0x00000000a4800000, 0x00000000a4900000|  0%| F|  |TAMS 0x00000000a4800000| PB 0x00000000a4800000| Untracked 
| 585|0x00000000a4900000, 0x00000000a4900000, 0x00000000a4a00000|  0%| F|  |TAMS 0x00000000a4900000| PB 0x00000000a4900000| Untracked 
| 586|0x00000000a4a00000, 0x00000000a4a00000, 0x00000000a4b00000|  0%| F|  |TAMS 0x00000000a4a00000| PB 0x00000000a4a00000| Untracked 
| 587|0x00000000a4b00000, 0x00000000a4b00000, 0x00000000a4c00000|  0%| F|  |TAMS 0x00000000a4b00000| PB 0x00000000a4b00000| Untracked 
| 588|0x00000000a4c00000, 0x00000000a4c00000, 0x00000000a4d00000|  0%| F|  |TAMS 0x00000000a4c00000| PB 0x00000000a4c00000| Untracked 
| 589|0x00000000a4d00000, 0x00000000a4d00000, 0x00000000a4e00000|  0%| F|  |TAMS 0x00000000a4d00000| PB 0x00000000a4d00000| Untracked 
| 590|0x00000000a4e00000, 0x00000000a4e00000, 0x00000000a4f00000|  0%| F|  |TAMS 0x00000000a4e00000| PB 0x00000000a4e00000| Untracked 
| 591|0x00000000a4f00000, 0x00000000a4f00000, 0x00000000a5000000|  0%| F|  |TAMS 0x00000000a4f00000| PB 0x00000000a4f00000| Untracked 
| 592|0x00000000a5000000, 0x00000000a5000000, 0x00000000a5100000|  0%| F|  |TAMS 0x00000000a5000000| PB 0x00000000a5000000| Untracked 
| 593|0x00000000a5100000, 0x00000000a5100000, 0x00000000a5200000|  0%| F|  |TAMS 0x00000000a5100000| PB 0x00000000a5100000| Untracked 
| 594|0x00000000a5200000, 0x00000000a5200000, 0x00000000a5300000|  0%| F|  |TAMS 0x00000000a5200000| PB 0x00000000a5200000| Untracked 
| 595|0x00000000a5300000, 0x00000000a5300000, 0x00000000a5400000|  0%| F|  |TAMS 0x00000000a5300000| PB 0x00000000a5300000| Untracked 
| 596|0x00000000a5400000, 0x00000000a5400000, 0x00000000a5500000|  0%| F|  |TAMS 0x00000000a5400000| PB 0x00000000a5400000| Untracked 
| 597|0x00000000a5500000, 0x00000000a5500000, 0x00000000a5600000|  0%| F|  |TAMS 0x00000000a5500000| PB 0x00000000a5500000| Untracked 
| 598|0x00000000a5600000, 0x00000000a5600000, 0x00000000a5700000|  0%| F|  |TAMS 0x00000000a5600000| PB 0x00000000a5600000| Untracked 
| 599|0x00000000a5700000, 0x00000000a5700000, 0x00000000a5800000|  0%| F|  |TAMS 0x00000000a5700000| PB 0x00000000a5700000| Untracked 
| 600|0x00000000a5800000, 0x00000000a5800000, 0x00000000a5900000|  0%| F|  |TAMS 0x00000000a5800000| PB 0x00000000a5800000| Untracked 
| 601|0x00000000a5900000, 0x00000000a5900000, 0x00000000a5a00000|  0%| F|  |TAMS 0x00000000a5900000| PB 0x00000000a5900000| Untracked 
| 602|0x00000000a5a00000, 0x00000000a5a00000, 0x00000000a5b00000|  0%| F|  |TAMS 0x00000000a5a00000| PB 0x00000000a5a00000| Untracked 
| 603|0x00000000a5b00000, 0x00000000a5b00000, 0x00000000a5c00000|  0%| F|  |TAMS 0x00000000a5b00000| PB 0x00000000a5b00000| Untracked 
| 604|0x00000000a5c00000, 0x00000000a5c00000, 0x00000000a5d00000|  0%| F|  |TAMS 0x00000000a5c00000| PB 0x00000000a5c00000| Untracked 
| 605|0x00000000a5d00000, 0x00000000a5d00000, 0x00000000a5e00000|  0%| F|  |TAMS 0x00000000a5d00000| PB 0x00000000a5d00000| Untracked 
| 606|0x00000000a5e00000, 0x00000000a5e00000, 0x00000000a5f00000|  0%| F|  |TAMS 0x00000000a5e00000| PB 0x00000000a5e00000| Untracked 
| 607|0x00000000a5f00000, 0x00000000a5f00000, 0x00000000a6000000|  0%| F|  |TAMS 0x00000000a5f00000| PB 0x00000000a5f00000| Untracked 
| 608|0x00000000a6000000, 0x00000000a6000000, 0x00000000a6100000|  0%| F|  |TAMS 0x00000000a6000000| PB 0x00000000a6000000| Untracked 
| 609|0x00000000a6100000, 0x00000000a6100000, 0x00000000a6200000|  0%| F|  |TAMS 0x00000000a6100000| PB 0x00000000a6100000| Untracked 
| 610|0x00000000a6200000, 0x00000000a6200000, 0x00000000a6300000|  0%| F|  |TAMS 0x00000000a6200000| PB 0x00000000a6200000| Untracked 
| 611|0x00000000a6300000, 0x00000000a6300000, 0x00000000a6400000|  0%| F|  |TAMS 0x00000000a6300000| PB 0x00000000a6300000| Untracked 
| 612|0x00000000a6400000, 0x00000000a6400000, 0x00000000a6500000|  0%| F|  |TAMS 0x00000000a6400000| PB 0x00000000a6400000| Untracked 
| 613|0x00000000a6500000, 0x00000000a6500000, 0x00000000a6600000|  0%| F|  |TAMS 0x00000000a6500000| PB 0x00000000a6500000| Untracked 
| 614|0x00000000a6600000, 0x00000000a6600000, 0x00000000a6700000|  0%| F|  |TAMS 0x00000000a6600000| PB 0x00000000a6600000| Untracked 
| 615|0x00000000a6700000, 0x00000000a6700000, 0x00000000a6800000|  0%| F|  |TAMS 0x00000000a6700000| PB 0x00000000a6700000| Untracked 
| 616|0x00000000a6800000, 0x00000000a6800000, 0x00000000a6900000|  0%| F|  |TAMS 0x00000000a6800000| PB 0x00000000a6800000| Untracked 
| 617|0x00000000a6900000, 0x00000000a6900000, 0x00000000a6a00000|  0%| F|  |TAMS 0x00000000a6900000| PB 0x00000000a6900000| Untracked 
| 618|0x00000000a6a00000, 0x00000000a6a00000, 0x00000000a6b00000|  0%| F|  |TAMS 0x00000000a6a00000| PB 0x00000000a6a00000| Untracked 
| 619|0x00000000a6b00000, 0x00000000a6b00000, 0x00000000a6c00000|  0%| F|  |TAMS 0x00000000a6b00000| PB 0x00000000a6b00000| Untracked 
| 620|0x00000000a6c00000, 0x00000000a6c00000, 0x00000000a6d00000|  0%| F|  |TAMS 0x00000000a6c00000| PB 0x00000000a6c00000| Untracked 
| 621|0x00000000a6d00000, 0x00000000a6d00000, 0x00000000a6e00000|  0%| F|  |TAMS 0x00000000a6d00000| PB 0x00000000a6d00000| Untracked 
| 622|0x00000000a6e00000, 0x00000000a6e00000, 0x00000000a6f00000|  0%| F|  |TAMS 0x00000000a6e00000| PB 0x00000000a6e00000| Untracked 
| 623|0x00000000a6f00000, 0x00000000a6f00000, 0x00000000a7000000|  0%| F|  |TAMS 0x00000000a6f00000| PB 0x00000000a6f00000| Untracked 
| 624|0x00000000a7000000, 0x00000000a7000000, 0x00000000a7100000|  0%| F|  |TAMS 0x00000000a7000000| PB 0x00000000a7000000| Untracked 
| 625|0x00000000a7100000, 0x00000000a7100000, 0x00000000a7200000|  0%| F|  |TAMS 0x00000000a7100000| PB 0x00000000a7100000| Untracked 
| 626|0x00000000a7200000, 0x00000000a7200000, 0x00000000a7300000|  0%| F|  |TAMS 0x00000000a7200000| PB 0x00000000a7200000| Untracked 
| 627|0x00000000a7300000, 0x00000000a7300000, 0x00000000a7400000|  0%| F|  |TAMS 0x00000000a7300000| PB 0x00000000a7300000| Untracked 
| 628|0x00000000a7400000, 0x00000000a7400000, 0x00000000a7500000|  0%| F|  |TAMS 0x00000000a7400000| PB 0x00000000a7400000| Untracked 
| 629|0x00000000a7500000, 0x00000000a7500000, 0x00000000a7600000|  0%| F|  |TAMS 0x00000000a7500000| PB 0x00000000a7500000| Untracked 
| 630|0x00000000a7600000, 0x00000000a7600000, 0x00000000a7700000|  0%| F|  |TAMS 0x00000000a7600000| PB 0x00000000a7600000| Untracked 
| 631|0x00000000a7700000, 0x00000000a7700000, 0x00000000a7800000|  0%| F|  |TAMS 0x00000000a7700000| PB 0x00000000a7700000| Untracked 
| 632|0x00000000a7800000, 0x00000000a7800000, 0x00000000a7900000|  0%| F|  |TAMS 0x00000000a7800000| PB 0x00000000a7800000| Untracked 
| 633|0x00000000a7900000, 0x00000000a7900000, 0x00000000a7a00000|  0%| F|  |TAMS 0x00000000a7900000| PB 0x00000000a7900000| Untracked 
| 634|0x00000000a7a00000, 0x00000000a7a00000, 0x00000000a7b00000|  0%| F|  |TAMS 0x00000000a7a00000| PB 0x00000000a7a00000| Untracked 
| 635|0x00000000a7b00000, 0x00000000a7b00000, 0x00000000a7c00000|  0%| F|  |TAMS 0x00000000a7b00000| PB 0x00000000a7b00000| Untracked 
| 636|0x00000000a7c00000, 0x00000000a7c00000, 0x00000000a7d00000|  0%| F|  |TAMS 0x00000000a7c00000| PB 0x00000000a7c00000| Untracked 
| 637|0x00000000a7d00000, 0x00000000a7d00000, 0x00000000a7e00000|  0%| F|  |TAMS 0x00000000a7d00000| PB 0x00000000a7d00000| Untracked 
| 638|0x00000000a7e00000, 0x00000000a7e00000, 0x00000000a7f00000|  0%| F|  |TAMS 0x00000000a7e00000| PB 0x00000000a7e00000| Untracked 
| 639|0x00000000a7f00000, 0x00000000a7f00000, 0x00000000a8000000|  0%| F|  |TAMS 0x00000000a7f00000| PB 0x00000000a7f00000| Untracked 
| 640|0x00000000a8000000, 0x00000000a8000000, 0x00000000a8100000|  0%| F|  |TAMS 0x00000000a8000000| PB 0x00000000a8000000| Untracked 
| 641|0x00000000a8100000, 0x00000000a8100000, 0x00000000a8200000|  0%| F|  |TAMS 0x00000000a8100000| PB 0x00000000a8100000| Untracked 
| 642|0x00000000a8200000, 0x00000000a8200000, 0x00000000a8300000|  0%| F|  |TAMS 0x00000000a8200000| PB 0x00000000a8200000| Untracked 
| 643|0x00000000a8300000, 0x00000000a8300000, 0x00000000a8400000|  0%| F|  |TAMS 0x00000000a8300000| PB 0x00000000a8300000| Untracked 
| 644|0x00000000a8400000, 0x00000000a8400000, 0x00000000a8500000|  0%| F|  |TAMS 0x00000000a8400000| PB 0x00000000a8400000| Untracked 
| 645|0x00000000a8500000, 0x00000000a8500000, 0x00000000a8600000|  0%| F|  |TAMS 0x00000000a8500000| PB 0x00000000a8500000| Untracked 
| 646|0x00000000a8600000, 0x00000000a8600000, 0x00000000a8700000|  0%| F|  |TAMS 0x00000000a8600000| PB 0x00000000a8600000| Untracked 
| 647|0x00000000a8700000, 0x00000000a8700000, 0x00000000a8800000|  0%| F|  |TAMS 0x00000000a8700000| PB 0x00000000a8700000| Untracked 
| 648|0x00000000a8800000, 0x00000000a8800000, 0x00000000a8900000|  0%| F|  |TAMS 0x00000000a8800000| PB 0x00000000a8800000| Untracked 
| 649|0x00000000a8900000, 0x00000000a8900000, 0x00000000a8a00000|  0%| F|  |TAMS 0x00000000a8900000| PB 0x00000000a8900000| Untracked 
| 650|0x00000000a8a00000, 0x00000000a8a00000, 0x00000000a8b00000|  0%| F|  |TAMS 0x00000000a8a00000| PB 0x00000000a8a00000| Untracked 
| 651|0x00000000a8b00000, 0x00000000a8b00000, 0x00000000a8c00000|  0%| F|  |TAMS 0x00000000a8b00000| PB 0x00000000a8b00000| Untracked 
| 652|0x00000000a8c00000, 0x00000000a8c00000, 0x00000000a8d00000|  0%| F|  |TAMS 0x00000000a8c00000| PB 0x00000000a8c00000| Untracked 
| 653|0x00000000a8d00000, 0x00000000a8d00000, 0x00000000a8e00000|  0%| F|  |TAMS 0x00000000a8d00000| PB 0x00000000a8d00000| Untracked 
| 654|0x00000000a8e00000, 0x00000000a8e00000, 0x00000000a8f00000|  0%| F|  |TAMS 0x00000000a8e00000| PB 0x00000000a8e00000| Untracked 
| 655|0x00000000a8f00000, 0x00000000a8f00000, 0x00000000a9000000|  0%| F|  |TAMS 0x00000000a8f00000| PB 0x00000000a8f00000| Untracked 
| 656|0x00000000a9000000, 0x00000000a9000000, 0x00000000a9100000|  0%| F|  |TAMS 0x00000000a9000000| PB 0x00000000a9000000| Untracked 
| 657|0x00000000a9100000, 0x00000000a9100000, 0x00000000a9200000|  0%| F|  |TAMS 0x00000000a9100000| PB 0x00000000a9100000| Untracked 
| 658|0x00000000a9200000, 0x00000000a9200000, 0x00000000a9300000|  0%| F|  |TAMS 0x00000000a9200000| PB 0x00000000a9200000| Untracked 
| 659|0x00000000a9300000, 0x00000000a9300000, 0x00000000a9400000|  0%| F|  |TAMS 0x00000000a9300000| PB 0x00000000a9300000| Untracked 
| 660|0x00000000a9400000, 0x00000000a9400000, 0x00000000a9500000|  0%| F|  |TAMS 0x00000000a9400000| PB 0x00000000a9400000| Untracked 
| 661|0x00000000a9500000, 0x00000000a9500000, 0x00000000a9600000|  0%| F|  |TAMS 0x00000000a9500000| PB 0x00000000a9500000| Untracked 
| 662|0x00000000a9600000, 0x00000000a9600000, 0x00000000a9700000|  0%| F|  |TAMS 0x00000000a9600000| PB 0x00000000a9600000| Untracked 
| 663|0x00000000a9700000, 0x00000000a9700000, 0x00000000a9800000|  0%| F|  |TAMS 0x00000000a9700000| PB 0x00000000a9700000| Untracked 
| 664|0x00000000a9800000, 0x00000000a9800000, 0x00000000a9900000|  0%| F|  |TAMS 0x00000000a9800000| PB 0x00000000a9800000| Untracked 
| 665|0x00000000a9900000, 0x00000000a9900000, 0x00000000a9a00000|  0%| F|  |TAMS 0x00000000a9900000| PB 0x00000000a9900000| Untracked 
| 666|0x00000000a9a00000, 0x00000000a9a00000, 0x00000000a9b00000|  0%| F|  |TAMS 0x00000000a9a00000| PB 0x00000000a9a00000| Untracked 
| 667|0x00000000a9b00000, 0x00000000a9b00000, 0x00000000a9c00000|  0%| F|  |TAMS 0x00000000a9b00000| PB 0x00000000a9b00000| Untracked 
| 668|0x00000000a9c00000, 0x00000000a9c00000, 0x00000000a9d00000|  0%| F|  |TAMS 0x00000000a9c00000| PB 0x00000000a9c00000| Untracked 
| 669|0x00000000a9d00000, 0x00000000a9d00000, 0x00000000a9e00000|  0%| F|  |TAMS 0x00000000a9d00000| PB 0x00000000a9d00000| Untracked 
| 670|0x00000000a9e00000, 0x00000000a9e00000, 0x00000000a9f00000|  0%| F|  |TAMS 0x00000000a9e00000| PB 0x00000000a9e00000| Untracked 
| 671|0x00000000a9f00000, 0x00000000a9f00000, 0x00000000aa000000|  0%| F|  |TAMS 0x00000000a9f00000| PB 0x00000000a9f00000| Untracked 
| 672|0x00000000aa000000, 0x00000000aa000000, 0x00000000aa100000|  0%| F|  |TAMS 0x00000000aa000000| PB 0x00000000aa000000| Untracked 
| 673|0x00000000aa100000, 0x00000000aa100000, 0x00000000aa200000|  0%| F|  |TAMS 0x00000000aa100000| PB 0x00000000aa100000| Untracked 
| 674|0x00000000aa200000, 0x00000000aa200000, 0x00000000aa300000|  0%| F|  |TAMS 0x00000000aa200000| PB 0x00000000aa200000| Untracked 
| 675|0x00000000aa300000, 0x00000000aa300000, 0x00000000aa400000|  0%| F|  |TAMS 0x00000000aa300000| PB 0x00000000aa300000| Untracked 
| 676|0x00000000aa400000, 0x00000000aa400000, 0x00000000aa500000|  0%| F|  |TAMS 0x00000000aa400000| PB 0x00000000aa400000| Untracked 
| 677|0x00000000aa500000, 0x00000000aa500000, 0x00000000aa600000|  0%| F|  |TAMS 0x00000000aa500000| PB 0x00000000aa500000| Untracked 
| 678|0x00000000aa600000, 0x00000000aa600000, 0x00000000aa700000|  0%| F|  |TAMS 0x00000000aa600000| PB 0x00000000aa600000| Untracked 
| 679|0x00000000aa700000, 0x00000000aa700000, 0x00000000aa800000|  0%| F|  |TAMS 0x00000000aa700000| PB 0x00000000aa700000| Untracked 
| 680|0x00000000aa800000, 0x00000000aa800000, 0x00000000aa900000|  0%| F|  |TAMS 0x00000000aa800000| PB 0x00000000aa800000| Untracked 
| 681|0x00000000aa900000, 0x00000000aa900000, 0x00000000aaa00000|  0%| F|  |TAMS 0x00000000aa900000| PB 0x00000000aa900000| Untracked 
| 682|0x00000000aaa00000, 0x00000000aaa00000, 0x00000000aab00000|  0%| F|  |TAMS 0x00000000aaa00000| PB 0x00000000aaa00000| Untracked 
| 683|0x00000000aab00000, 0x00000000aab00000, 0x00000000aac00000|  0%| F|  |TAMS 0x00000000aab00000| PB 0x00000000aab00000| Untracked 
| 684|0x00000000aac00000, 0x00000000aac00000, 0x00000000aad00000|  0%| F|  |TAMS 0x00000000aac00000| PB 0x00000000aac00000| Untracked 
| 685|0x00000000aad00000, 0x00000000aad00000, 0x00000000aae00000|  0%| F|  |TAMS 0x00000000aad00000| PB 0x00000000aad00000| Untracked 
| 686|0x00000000aae00000, 0x00000000aae00000, 0x00000000aaf00000|  0%| F|  |TAMS 0x00000000aae00000| PB 0x00000000aae00000| Untracked 
| 687|0x00000000aaf00000, 0x00000000aaf00000, 0x00000000ab000000|  0%| F|  |TAMS 0x00000000aaf00000| PB 0x00000000aaf00000| Untracked 
| 688|0x00000000ab000000, 0x00000000ab000000, 0x00000000ab100000|  0%| F|  |TAMS 0x00000000ab000000| PB 0x00000000ab000000| Untracked 
| 689|0x00000000ab100000, 0x00000000ab100000, 0x00000000ab200000|  0%| F|  |TAMS 0x00000000ab100000| PB 0x00000000ab100000| Untracked 
| 690|0x00000000ab200000, 0x00000000ab200000, 0x00000000ab300000|  0%| F|  |TAMS 0x00000000ab200000| PB 0x00000000ab200000| Untracked 
| 691|0x00000000ab300000, 0x00000000ab300000, 0x00000000ab400000|  0%| F|  |TAMS 0x00000000ab300000| PB 0x00000000ab300000| Untracked 
| 692|0x00000000ab400000, 0x00000000ab400000, 0x00000000ab500000|  0%| F|  |TAMS 0x00000000ab400000| PB 0x00000000ab400000| Untracked 
| 693|0x00000000ab500000, 0x00000000ab500000, 0x00000000ab600000|  0%| F|  |TAMS 0x00000000ab500000| PB 0x00000000ab500000| Untracked 
| 694|0x00000000ab600000, 0x00000000ab600000, 0x00000000ab700000|  0%| F|  |TAMS 0x00000000ab600000| PB 0x00000000ab600000| Untracked 
| 695|0x00000000ab700000, 0x00000000ab700000, 0x00000000ab800000|  0%| F|  |TAMS 0x00000000ab700000| PB 0x00000000ab700000| Untracked 
| 696|0x00000000ab800000, 0x00000000ab800000, 0x00000000ab900000|  0%| F|  |TAMS 0x00000000ab800000| PB 0x00000000ab800000| Untracked 
| 697|0x00000000ab900000, 0x00000000ab900000, 0x00000000aba00000|  0%| F|  |TAMS 0x00000000ab900000| PB 0x00000000ab900000| Untracked 
| 698|0x00000000aba00000, 0x00000000aba00000, 0x00000000abb00000|  0%| F|  |TAMS 0x00000000aba00000| PB 0x00000000aba00000| Untracked 
| 699|0x00000000abb00000, 0x00000000abb00000, 0x00000000abc00000|  0%| F|  |TAMS 0x00000000abb00000| PB 0x00000000abb00000| Untracked 
| 700|0x00000000abc00000, 0x00000000abc00000, 0x00000000abd00000|  0%| F|  |TAMS 0x00000000abc00000| PB 0x00000000abc00000| Untracked 
| 701|0x00000000abd00000, 0x00000000abd00000, 0x00000000abe00000|  0%| F|  |TAMS 0x00000000abd00000| PB 0x00000000abd00000| Untracked 
| 702|0x00000000abe00000, 0x00000000abe00000, 0x00000000abf00000|  0%| F|  |TAMS 0x00000000abe00000| PB 0x00000000abe00000| Untracked 
| 703|0x00000000abf00000, 0x00000000abf00000, 0x00000000ac000000|  0%| F|  |TAMS 0x00000000abf00000| PB 0x00000000abf00000| Untracked 
| 704|0x00000000ac000000, 0x00000000ac000000, 0x00000000ac100000|  0%| F|  |TAMS 0x00000000ac000000| PB 0x00000000ac000000| Untracked 
| 705|0x00000000ac100000, 0x00000000ac100000, 0x00000000ac200000|  0%| F|  |TAMS 0x00000000ac100000| PB 0x00000000ac100000| Untracked 
| 706|0x00000000ac200000, 0x00000000ac200000, 0x00000000ac300000|  0%| F|  |TAMS 0x00000000ac200000| PB 0x00000000ac200000| Untracked 
| 707|0x00000000ac300000, 0x00000000ac300000, 0x00000000ac400000|  0%| F|  |TAMS 0x00000000ac300000| PB 0x00000000ac300000| Untracked 
| 708|0x00000000ac400000, 0x00000000ac400000, 0x00000000ac500000|  0%| F|  |TAMS 0x00000000ac400000| PB 0x00000000ac400000| Untracked 
| 709|0x00000000ac500000, 0x00000000ac500000, 0x00000000ac600000|  0%| F|  |TAMS 0x00000000ac500000| PB 0x00000000ac500000| Untracked 
| 710|0x00000000ac600000, 0x00000000ac600000, 0x00000000ac700000|  0%| F|  |TAMS 0x00000000ac600000| PB 0x00000000ac600000| Untracked 
| 711|0x00000000ac700000, 0x00000000ac700000, 0x00000000ac800000|  0%| F|  |TAMS 0x00000000ac700000| PB 0x00000000ac700000| Untracked 
| 712|0x00000000ac800000, 0x00000000ac800000, 0x00000000ac900000|  0%| F|  |TAMS 0x00000000ac800000| PB 0x00000000ac800000| Untracked 
| 713|0x00000000ac900000, 0x00000000ac900000, 0x00000000aca00000|  0%| F|  |TAMS 0x00000000ac900000| PB 0x00000000ac900000| Untracked 
| 714|0x00000000aca00000, 0x00000000aca00000, 0x00000000acb00000|  0%| F|  |TAMS 0x00000000aca00000| PB 0x00000000aca00000| Untracked 
| 715|0x00000000acb00000, 0x00000000acb00000, 0x00000000acc00000|  0%| F|  |TAMS 0x00000000acb00000| PB 0x00000000acb00000| Untracked 
| 716|0x00000000acc00000, 0x00000000acc00000, 0x00000000acd00000|  0%| F|  |TAMS 0x00000000acc00000| PB 0x00000000acc00000| Untracked 
| 717|0x00000000acd00000, 0x00000000acd00000, 0x00000000ace00000|  0%| F|  |TAMS 0x00000000acd00000| PB 0x00000000acd00000| Untracked 
| 718|0x00000000ace00000, 0x00000000ace00000, 0x00000000acf00000|  0%| F|  |TAMS 0x00000000ace00000| PB 0x00000000ace00000| Untracked 
| 719|0x00000000acf00000, 0x00000000acf00000, 0x00000000ad000000|  0%| F|  |TAMS 0x00000000acf00000| PB 0x00000000acf00000| Untracked 
| 720|0x00000000ad000000, 0x00000000ad000000, 0x00000000ad100000|  0%| F|  |TAMS 0x00000000ad000000| PB 0x00000000ad000000| Untracked 
| 721|0x00000000ad100000, 0x00000000ad100000, 0x00000000ad200000|  0%| F|  |TAMS 0x00000000ad100000| PB 0x00000000ad100000| Untracked 
| 722|0x00000000ad200000, 0x00000000ad200000, 0x00000000ad300000|  0%| F|  |TAMS 0x00000000ad200000| PB 0x00000000ad200000| Untracked 
| 723|0x00000000ad300000, 0x00000000ad300000, 0x00000000ad400000|  0%| F|  |TAMS 0x00000000ad300000| PB 0x00000000ad300000| Untracked 
| 724|0x00000000ad400000, 0x00000000ad400000, 0x00000000ad500000|  0%| F|  |TAMS 0x00000000ad400000| PB 0x00000000ad400000| Untracked 
| 725|0x00000000ad500000, 0x00000000ad500000, 0x00000000ad600000|  0%| F|  |TAMS 0x00000000ad500000| PB 0x00000000ad500000| Untracked 
| 726|0x00000000ad600000, 0x00000000ad600000, 0x00000000ad700000|  0%| F|  |TAMS 0x00000000ad600000| PB 0x00000000ad600000| Untracked 
| 727|0x00000000ad700000, 0x00000000ad700000, 0x00000000ad800000|  0%| F|  |TAMS 0x00000000ad700000| PB 0x00000000ad700000| Untracked 
| 728|0x00000000ad800000, 0x00000000ad800000, 0x00000000ad900000|  0%| F|  |TAMS 0x00000000ad800000| PB 0x00000000ad800000| Untracked 
| 729|0x00000000ad900000, 0x00000000ad900000, 0x00000000ada00000|  0%| F|  |TAMS 0x00000000ad900000| PB 0x00000000ad900000| Untracked 
| 730|0x00000000ada00000, 0x00000000ada00000, 0x00000000adb00000|  0%| F|  |TAMS 0x00000000ada00000| PB 0x00000000ada00000| Untracked 
| 731|0x00000000adb00000, 0x00000000adb00000, 0x00000000adc00000|  0%| F|  |TAMS 0x00000000adb00000| PB 0x00000000adb00000| Untracked 
| 732|0x00000000adc00000, 0x00000000adc00000, 0x00000000add00000|  0%| F|  |TAMS 0x00000000adc00000| PB 0x00000000adc00000| Untracked 
| 733|0x00000000add00000, 0x00000000add00000, 0x00000000ade00000|  0%| F|  |TAMS 0x00000000add00000| PB 0x00000000add00000| Untracked 
| 734|0x00000000ade00000, 0x00000000ade00000, 0x00000000adf00000|  0%| F|  |TAMS 0x00000000ade00000| PB 0x00000000ade00000| Untracked 
| 735|0x00000000adf00000, 0x00000000adf00000, 0x00000000ae000000|  0%| F|  |TAMS 0x00000000adf00000| PB 0x00000000adf00000| Untracked 
|1996|0x00000000fcc00000, 0x00000000fcc00000, 0x00000000fcd00000|  0%| F|  |TAMS 0x00000000fcc00000| PB 0x00000000fcc00000| Untracked 
|1997|0x00000000fcd00000, 0x00000000fce00000, 0x00000000fce00000|100%| O|  |TAMS 0x00000000fce00000| PB 0x00000000fcd00000| Untracked 
|1998|0x00000000fce00000, 0x00000000fcf00000, 0x00000000fcf00000|100%| O|  |TAMS 0x00000000fcf00000| PB 0x00000000fce00000| Untracked 
|1999|0x00000000fcf00000, 0x00000000fd000000, 0x00000000fd000000|100%| O|  |TAMS 0x00000000fd000000| PB 0x00000000fcf00000| Untracked 
|2004|0x00000000fd400000, 0x00000000fd400000, 0x00000000fd500000|  0%| F|  |TAMS 0x00000000fd400000| PB 0x00000000fd400000| Untracked 
|2005|0x00000000fd500000, 0x00000000fd600000, 0x00000000fd600000|100%| O|  |TAMS 0x00000000fd600000| PB 0x00000000fd500000| Untracked 
|2006|0x00000000fd600000, 0x00000000fd700000, 0x00000000fd700000|100%| O|  |TAMS 0x00000000fd700000| PB 0x00000000fd600000| Untracked 
|2007|0x00000000fd700000, 0x00000000fd700000, 0x00000000fd800000|  0%| F|  |TAMS 0x00000000fd700000| PB 0x00000000fd700000| Untracked 
|2014|0x00000000fde00000, 0x00000000fde00000, 0x00000000fdf00000|  0%| F|  |TAMS 0x00000000fde00000| PB 0x00000000fde00000| Untracked 
|2015|0x00000000fdf00000, 0x00000000fe000000, 0x00000000fe000000|100%| O|  |TAMS 0x00000000fe000000| PB 0x00000000fdf00000| Untracked 
|2018|0x00000000fe200000, 0x00000000fe200000, 0x00000000fe300000|  0%| F|  |TAMS 0x00000000fe200000| PB 0x00000000fe200000| Untracked 
|2019|0x00000000fe300000, 0x00000000fe400000, 0x00000000fe400000|100%| O|  |TAMS 0x00000000fe400000| PB 0x00000000fe300000| Untracked 
|2020|0x00000000fe400000, 0x00000000fe500000, 0x00000000fe500000|100%| O|  |TAMS 0x00000000fe500000| PB 0x00000000fe400000| Untracked 
|2021|0x00000000fe500000, 0x00000000fe500000, 0x00000000fe600000|  0%| F|  |TAMS 0x00000000fe500000| PB 0x00000000fe500000| Untracked 
|2023|0x00000000fe700000, 0x00000000fe800000, 0x00000000fe800000|100%| O|  |TAMS 0x00000000fe800000| PB 0x00000000fe700000| Untracked 
|2024|0x00000000fe800000, 0x00000000fe800000, 0x00000000fe900000|  0%| F|  |TAMS 0x00000000fe800000| PB 0x00000000fe800000| Untracked 
|2035|0x00000000ff300000, 0x00000000ff300000, 0x00000000ff400000|  0%| F|  |TAMS 0x00000000ff300000| PB 0x00000000ff300000| Untracked 
|2036|0x00000000ff400000, 0x00000000ff400000, 0x00000000ff500000|  0%| F|  |TAMS 0x00000000ff400000| PB 0x00000000ff400000| Untracked 
|2037|0x00000000ff500000, 0x00000000ff600000, 0x00000000ff600000|100%| O|  |TAMS 0x00000000ff600000| PB 0x00000000ff500000| Untracked 
|2038|0x00000000ff600000, 0x00000000ff600000, 0x00000000ff700000|  0%| F|  |TAMS 0x00000000ff600000| PB 0x00000000ff600000| Untracked 
|2039|0x00000000ff700000, 0x00000000ff800000, 0x00000000ff800000|100%| O|  |TAMS 0x00000000ff800000| PB 0x00000000ff700000| Untracked 
|2040|0x00000000ff800000, 0x00000000ff900000, 0x00000000ff900000|100%| O|  |TAMS 0x00000000ff900000| PB 0x00000000ff800000| Untracked 
|2041|0x00000000ff900000, 0x00000000ffa00000, 0x00000000ffa00000|100%| O|  |TAMS 0x00000000ffa00000| PB 0x00000000ff900000| Untracked 
|2042|0x00000000ffa00000, 0x00000000ffa00000, 0x00000000ffb00000|  0%| F|  |TAMS 0x00000000ffa00000| PB 0x00000000ffa00000| Untracked 
|2043|0x00000000ffb00000, 0x00000000ffb00000, 0x00000000ffc00000|  0%| F|  |TAMS 0x00000000ffb00000| PB 0x00000000ffb00000| Untracked 
|2044|0x00000000ffc00000, 0x00000000ffc00000, 0x00000000ffd00000|  0%| F|  |TAMS 0x00000000ffc00000| PB 0x00000000ffc00000| Untracked 
|2045|0x00000000ffd00000, 0x00000000ffd00000, 0x00000000ffe00000|  0%| F|  |TAMS 0x00000000ffd00000| PB 0x00000000ffd00000| Untracked 
|2046|0x00000000ffe00000, 0x00000000ffe00000, 0x00000000fff00000|  0%| F|  |TAMS 0x00000000ffe00000| PB 0x00000000ffe00000| Untracked 
|2047|0x00000000fff00000, 0x00000000fff00000, 0x0000000100000000|  0%| F|  |TAMS 0x00000000fff00000| PB 0x00000000fff00000| Untracked 

Card table byte_map: [0x0000018e585f0000,0x0000018e589f0000] _byte_map_base: 0x0000018e581f0000

Marking Bits: (CMBitMap*) 0x0000018e45656340
 Bits: [0x0000018e589f0000, 0x0000018e5a9f0000)

Polling page: 0x0000018e43450000

Metaspace:

Usage:
  Non-class:    143.23 MB used.
      Class:     20.22 MB used.
       Both:    163.45 MB used.

Virtual space:
  Non-class space:      192.00 MB reserved,     144.38 MB ( 75%) committed,  3 nodes.
      Class space:        1.00 GB reserved,      21.38 MB (  2%) committed,  1 nodes.
             Both:        1.19 GB reserved,     165.75 MB ( 14%) committed. 

Chunk freelists:
   Non-Class:  15.39 MB
       Class:  10.56 MB
        Both:  25.96 MB

MaxMetaspaceSize: unlimited
CompressedClassSpaceSize: 1.00 GB
Initial GC threshold: 21.00 MB
Current GC threshold: 276.19 MB
CDS: off
 - commit_granule_bytes: 65536.
 - commit_granule_words: 8192.
 - virtual_space_node_default_size: 8388608.
 - enlarge_chunks_in_place: 1.
 - use_allocation_guard: 0.


Internal statistics:

num_allocs_failed_limit: 15.
num_arena_births: 4408.
num_arena_deaths: 10.
num_vsnodes_births: 4.
num_vsnodes_deaths: 0.
num_space_committed: 2650.
num_space_uncommitted: 0.
num_chunks_returned_to_freelist: 34.
num_chunks_taken_from_freelist: 10794.
num_chunk_merges: 14.
num_chunk_splits: 7584.
num_chunks_enlarged: 5365.
num_inconsistent_stats: 0.

CodeHeap 'non-profiled nmethods': size=119168Kb used=15474Kb max_used=16345Kb free=103693Kb
 bounds [0x0000018e502f0000, 0x0000018e51380000, 0x0000018e57750000]
CodeHeap 'profiled nmethods': size=119104Kb used=36701Kb max_used=44697Kb free=82402Kb
 bounds [0x0000018e48750000, 0x0000018e4b320000, 0x0000018e4fba0000]
CodeHeap 'non-nmethods': size=7488Kb used=4844Kb max_used=5011Kb free=2644Kb
 bounds [0x0000018e4fba0000, 0x0000018e50090000, 0x0000018e502f0000]
 total_blobs=18725 nmethods=17525 adapters=1097
 compilation: enabled
              stopped_count=0, restarted_count=0
 full_count=0

Compilation events (20 events):
Event: 56.359 Thread 0x0000018e6713dcf0 nmethod 26068 0x0000018e4875db10 code [0x0000018e4875dd80, 0x0000018e4875e8a0]
Event: 56.370 Thread 0x0000018e67141370 nmethod 25953 0x0000018e50964890 code [0x0000018e509652c0, 0x0000018e5096c318]
Event: 56.371 Thread 0x0000018e6713cf50 26071       4       org.objectweb.asm.Type::getClassName (182 bytes)
Event: 56.378 Thread 0x0000018e6713c880 26072       4       org.apache.commons.compress.archivers.zip.ZipArchiveOutputStream::writeCentralDirectoryInChunks (96 bytes)
Event: 56.394 Thread 0x0000018e67141370 26073       4       java.util.LinkedHashMap::newLinkedHashMap (43 bytes)
Event: 56.395 Thread 0x0000018e67140ca0 26074       4       java.util.jar.Manifest::parseName (84 bytes)
Event: 56.396 Thread 0x0000018e6713cf50 nmethod 26071 0x0000018e5057e310 code [0x0000018e5057e520, 0x0000018e5057f1b8]
Event: 56.397 Thread 0x0000018e67141370 nmethod 26073 0x0000018e507f8d10 code [0x0000018e507f8ec0, 0x0000018e507f9078]
Event: 56.400 Thread 0x0000018e67140ca0 nmethod 26074 0x0000018e5099dc10 code [0x0000018e5099dde0, 0x0000018e5099e150]
Event: 56.401 Thread 0x0000018e5de6a220 26075       4       sun.nio.fs.WindowsFileSystemProvider::readAttributes (63 bytes)
Event: 56.401 Thread 0x0000018e6713dcf0 26076       3       org.gradle.api.internal.artifacts.transform.TransformingAsyncArtifactListener$TransformedArtifact$$Lambda/0x0000000100912748::apply (12 bytes)
Event: 56.401 Thread 0x0000018e6713d620 26077       3       org.gradle.api.internal.artifacts.transform.TransformingAsyncArtifactListener$TransformedArtifact::lambda$createInvocation$0 (14 bytes)
Event: 56.401 Thread 0x0000018e6713d620 nmethod 26077 0x0000018e48b63090 code [0x0000018e48b63240, 0x0000018e48b633e8]
Event: 56.402 Thread 0x0000018e6713dcf0 nmethod 26076 0x0000018e48d85990 code [0x0000018e48d85b60, 0x0000018e48d85e68]
Event: 56.402 Thread 0x0000018e6713e3c0 nmethod 26028% 0x0000018e50bd7b10 code [0x0000018e50bd81c0, 0x0000018e50bdcc80]
Event: 56.407 Thread 0x0000018e5de6a220 nmethod 26075 0x0000018e5072d590 code [0x0000018e5072d760, 0x0000018e5072d9a0]
Event: 56.407 Thread 0x0000018e67140ca0 26078       4       org.slf4j.helpers.NOPLogger::warn (1 bytes)
Event: 56.408 Thread 0x0000018e67140ca0 nmethod 26078 0x0000018e50587c10 code [0x0000018e50587da0, 0x0000018e50587e28]
Event: 56.412 Thread 0x0000018e5de40370 26079       3       org.objectweb.asm.MethodWriter::visitInsnAnnotation (69 bytes)
Event: 56.412 Thread 0x0000018e5de40370 nmethod 26079 0x0000018e4909d410 code [0x0000018e4909d5e0, 0x0000018e4909d8a0]

GC Heap History (20 events):
Event: 54.837 GC heap after
{Heap after GC invocations=102 (full 0):
 garbage-first heap   total 587776K, used 308936K [0x0000000080000000, 0x0000000100000000)
  region size 1024K, 34 young (34816K), 34 survivors (34816K)
 Metaspace       used 167243K, committed 169600K, reserved 1245184K
  class space    used 20699K, committed 21888K, reserved 1048576K
}
Event: 55.009 GC heap before
{Heap before GC invocations=102 (full 0):
 garbage-first heap   total 587776K, used 522952K [0x0000000080000000, 0x0000000100000000)
  region size 1024K, 242 young (247808K), 34 survivors (34816K)
 Metaspace       used 167262K, committed 169664K, reserved 1245184K
  class space    used 20702K, committed 21888K, reserved 1048576K
}
Event: 55.031 GC heap after
{Heap after GC invocations=103 (full 0):
 garbage-first heap   total 587776K, used 321024K [0x0000000080000000, 0x0000000100000000)
  region size 1024K, 12 young (12288K), 12 survivors (12288K)
 Metaspace       used 167262K, committed 169664K, reserved 1245184K
  class space    used 20702K, committed 21888K, reserved 1048576K
}
Event: 55.051 GC heap before
{Heap before GC invocations=103 (full 0):
 garbage-first heap   total 587776K, used 357888K [0x0000000080000000, 0x0000000100000000)
  region size 1024K, 50 young (51200K), 12 survivors (12288K)
 Metaspace       used 167264K, committed 169664K, reserved 1245184K
  class space    used 20702K, committed 21888K, reserved 1048576K
}
Event: 55.058 GC heap after
{Heap after GC invocations=104 (full 0):
 garbage-first heap   total 783360K, used 321625K [0x0000000080000000, 0x0000000100000000)
  region size 1024K, 13 young (13312K), 13 survivors (13312K)
 Metaspace       used 167264K, committed 169664K, reserved 1245184K
  class space    used 20702K, committed 21888K, reserved 1048576K
}
Event: 55.404 GC heap before
{Heap before GC invocations=105 (full 0):
 garbage-first heap   total 783360K, used 687193K [0x0000000080000000, 0x0000000100000000)
  region size 1024K, 370 young (378880K), 13 survivors (13312K)
 Metaspace       used 167306K, committed 169664K, reserved 1245184K
  class space    used 20702K, committed 21888K, reserved 1048576K
}
Event: 55.411 GC heap after
{Heap after GC invocations=106 (full 0):
 garbage-first heap   total 783360K, used 319712K [0x0000000080000000, 0x0000000100000000)
  region size 1024K, 12 young (12288K), 12 survivors (12288K)
 Metaspace       used 167306K, committed 169664K, reserved 1245184K
  class space    used 20702K, committed 21888K, reserved 1048576K
}
Event: 55.623 GC heap before
{Heap before GC invocations=106 (full 0):
 garbage-first heap   total 783360K, used 701664K [0x0000000080000000, 0x0000000100000000)
  region size 1024K, 386 young (395264K), 12 survivors (12288K)
 Metaspace       used 167328K, committed 169728K, reserved 1245184K
  class space    used 20704K, committed 21888K, reserved 1048576K
}
Event: 55.635 GC heap after
{Heap after GC invocations=107 (full 0):
 garbage-first heap   total 783360K, used 316580K [0x0000000080000000, 0x0000000100000000)
  region size 1024K, 16 young (16384K), 16 survivors (16384K)
 Metaspace       used 167328K, committed 169728K, reserved 1245184K
  class space    used 20704K, committed 21888K, reserved 1048576K
}
Event: 55.646 GC heap before
{Heap before GC invocations=107 (full 0):
 garbage-first heap   total 783360K, used 342180K [0x0000000080000000, 0x0000000100000000)
  region size 1024K, 43 young (44032K), 16 survivors (16384K)
 Metaspace       used 167328K, committed 169728K, reserved 1245184K
  class space    used 20704K, committed 21888K, reserved 1048576K
}
Event: 55.653 GC heap after
{Heap after GC invocations=108 (full 0):
 garbage-first heap   total 783360K, used 316876K [0x0000000080000000, 0x0000000100000000)
  region size 1024K, 17 young (17408K), 17 survivors (17408K)
 Metaspace       used 167328K, committed 169728K, reserved 1245184K
  class space    used 20704K, committed 21888K, reserved 1048576K
}
Event: 55.869 GC heap before
{Heap before GC invocations=108 (full 0):
 garbage-first heap   total 783360K, used 727500K [0x0000000080000000, 0x0000000100000000)
  region size 1024K, 414 young (423936K), 17 survivors (17408K)
 Metaspace       used 167335K, committed 169728K, reserved 1245184K
  class space    used 20704K, committed 21888K, reserved 1048576K
}
Event: 55.877 GC heap after
{Heap after GC invocations=109 (full 0):
 garbage-first heap   total 783360K, used 319600K [0x0000000080000000, 0x0000000100000000)
  region size 1024K, 18 young (18432K), 18 survivors (18432K)
 Metaspace       used 167335K, committed 169728K, reserved 1245184K
  class space    used 20704K, committed 21888K, reserved 1048576K
}
Event: 56.050 GC heap before
{Heap before GC invocations=110 (full 0):
 garbage-first heap   total 783360K, used 723056K [0x0000000080000000, 0x0000000100000000)
  region size 1024K, 413 young (422912K), 18 survivors (18432K)
 Metaspace       used 167356K, committed 169728K, reserved 1245184K
  class space    used 20704K, committed 21888K, reserved 1048576K
}
Event: 56.060 GC heap after
{Heap after GC invocations=111 (full 0):
 garbage-first heap   total 783360K, used 322428K [0x0000000080000000, 0x0000000100000000)
  region size 1024K, 21 young (21504K), 21 survivors (21504K)
 Metaspace       used 167356K, committed 169728K, reserved 1245184K
  class space    used 20704K, committed 21888K, reserved 1048576K
}
Event: 56.225 GC heap before
{Heap before GC invocations=111 (full 0):
 garbage-first heap   total 783360K, used 719740K [0x0000000080000000, 0x0000000100000000)
  region size 1024K, 411 young (420864K), 21 survivors (21504K)
 Metaspace       used 167362K, committed 169728K, reserved 1245184K
  class space    used 20704K, committed 21888K, reserved 1048576K
}
Event: 56.242 GC heap after
{Heap after GC invocations=112 (full 0):
 garbage-first heap   total 783360K, used 333993K [0x0000000080000000, 0x0000000100000000)
  region size 1024K, 36 young (36864K), 36 survivors (36864K)
 Metaspace       used 167362K, committed 169728K, reserved 1245184K
  class space    used 20704K, committed 21888K, reserved 1048576K
}
Event: 56.255 GC heap before
{Heap before GC invocations=112 (full 0):
 garbage-first heap   total 783360K, used 373929K [0x0000000080000000, 0x0000000100000000)
  region size 1024K, 77 young (78848K), 36 survivors (36864K)
 Metaspace       used 167362K, committed 169728K, reserved 1245184K
  class space    used 20704K, committed 21888K, reserved 1048576K
}
Event: 56.267 GC heap after
{Heap after GC invocations=113 (full 0):
 garbage-first heap   total 783360K, used 333966K [0x0000000080000000, 0x0000000100000000)
  region size 1024K, 27 young (27648K), 27 survivors (27648K)
 Metaspace       used 167362K, committed 169728K, reserved 1245184K
  class space    used 20704K, committed 21888K, reserved 1048576K
}
Event: 56.416 GC heap before
{Heap before GC invocations=113 (full 0):
 garbage-first heap   total 783360K, used 707726K [0x0000000080000000, 0x0000000100000000)
  region size 1024K, 389 young (398336K), 27 survivors (27648K)
 Metaspace       used 167368K, committed 169728K, reserved 1245184K
  class space    used 20704K, committed 21888K, reserved 1048576K
}

Dll operation events (3 events):
Event: 0.008 Loaded shared library C:\Program Files\Android\Android Studio\jbr\bin\java.dll
Event: 0.011 Loaded shared library C:\Program Files\Android\Android Studio\jbr\bin\zip.dll
Event: 0.290 Loaded shared library C:\Program Files\Android\Android Studio\jbr\bin\verify.dll

Deoptimization events (20 events):
Event: 55.857 Thread 0x0000018e69270ea0 Uncommon trap: trap_request=0xffffff45 fr.pc=0x0000018e511617f0 relative=0x0000000000001390
Event: 55.857 Thread 0x0000018e69270ea0 Uncommon trap: reason=unstable_if action=reinterpret pc=0x0000018e511617f0 method=java.util.concurrent.locks.AbstractQueuedSynchronizer.acquire(Ljava/util/concurrent/locks/AbstractQueuedSynchronizer$Node;IZZZJ)I @ 83 c2
Event: 55.857 Thread 0x0000018e69270ea0 DEOPT PACKING pc=0x0000018e511617f0 sp=0x0000003a64cfa380
Event: 55.857 Thread 0x0000018e69270ea0 DEOPT UNPACKING pc=0x0000018e4fbf46a2 sp=0x0000003a64cfa318 mode 2
Event: 55.929 Thread 0x0000018e6c4201d0 DEOPT PACKING pc=0x0000018e498f07e3 sp=0x0000003a654fb450
Event: 55.929 Thread 0x0000018e6c4201d0 DEOPT UNPACKING pc=0x0000018e4fbf4e42 sp=0x0000003a654faa00 mode 0
Event: 55.986 Thread 0x0000018e6c4201d0 DEOPT PACKING pc=0x0000018e48a610cf sp=0x0000003a654fb390
Event: 55.986 Thread 0x0000018e6c4201d0 DEOPT UNPACKING pc=0x0000018e4fbf4e42 sp=0x0000003a654fa860 mode 0
Event: 55.999 Thread 0x0000018e6926faf0 Uncommon trap: trap_request=0xffffffbe fr.pc=0x0000018e5095ad14 relative=0x0000000000005f94
Event: 55.999 Thread 0x0000018e6926faf0 Uncommon trap: reason=profile_predicate action=maybe_recompile pc=0x0000018e5095ad14 method=org.objectweb.asm.ClassReader.accept(Lorg/objectweb/asm/ClassVisitor;[Lorg/objectweb/asm/Attribute;I)V @ 1170 c2
Event: 55.999 Thread 0x0000018e6926faf0 DEOPT PACKING pc=0x0000018e5095ad14 sp=0x0000003a649fa4b0
Event: 55.999 Thread 0x0000018e6926faf0 DEOPT UNPACKING pc=0x0000018e4fbf46a2 sp=0x0000003a649fa4b8 mode 2
Event: 56.096 Thread 0x0000018e6c41e790 Uncommon trap: trap_request=0xffffff45 fr.pc=0x0000018e51320450 relative=0x00000000000062d0
Event: 56.096 Thread 0x0000018e6c41e790 Uncommon trap: reason=unstable_if action=reinterpret pc=0x0000018e51320450 method=com.esotericsoftware.kryo.io.Input.readUtf8(I)V @ 48 c2
Event: 56.096 Thread 0x0000018e6c41e790 DEOPT PACKING pc=0x0000018e51320450 sp=0x0000003a655fa7a0
Event: 56.096 Thread 0x0000018e6c41e790 DEOPT UNPACKING pc=0x0000018e4fbf46a2 sp=0x0000003a655fa3c8 mode 2
Event: 56.311 Thread 0x0000018e6c41e790 DEOPT PACKING pc=0x0000018e498f07e3 sp=0x0000003a655fb290
Event: 56.311 Thread 0x0000018e6c41e790 DEOPT UNPACKING pc=0x0000018e4fbf4e42 sp=0x0000003a655fa828 mode 0
Event: 56.378 Thread 0x0000018e6c4201d0 DEOPT PACKING pc=0x0000018e48d9fde0 sp=0x0000003a654fb0c0
Event: 56.379 Thread 0x0000018e6c4201d0 DEOPT UNPACKING pc=0x0000018e4fbf4e42 sp=0x0000003a654fa5b0 mode 0

Classes loaded (20 events):
Event: 27.139 Loading class com/sun/org/apache/xerces/internal/dom/DeferredCommentImpl
Event: 27.139 Loading class com/sun/org/apache/xerces/internal/dom/CommentImpl
Event: 27.140 Loading class com/sun/org/apache/xerces/internal/dom/CommentImpl done
Event: 27.140 Loading class com/sun/org/apache/xerces/internal/dom/DeferredCommentImpl done
Event: 27.565 Loading class java/util/concurrent/locks/ReentrantReadWriteLock$Sync$HoldCounter
Event: 27.565 Loading class java/util/concurrent/locks/ReentrantReadWriteLock$Sync$HoldCounter done
Event: 31.144 Loading class com/sun/org/apache/xerces/internal/util/EncodingMap
Event: 31.145 Loading class com/sun/org/apache/xerces/internal/util/EncodingMap done
Event: 31.146 Loading class sun/nio/cs/ISO_8859_1$Decoder
Event: 31.146 Loading class sun/nio/cs/ISO_8859_1$Decoder done
Event: 34.844 Loading class java/util/Collections$ReverseComparator
Event: 34.844 Loading class java/util/Collections$ReverseComparator done
Event: 34.844 Loading class java/util/Collections$ReverseComparator2
Event: 34.845 Loading class java/util/Collections$ReverseComparator2 done
Event: 38.692 Loading class sun/security/ssl/Alert
Event: 38.692 Loading class sun/security/ssl/Alert done
Event: 38.692 Loading class sun/security/ssl/Alert$AlertConsumer
Event: 38.693 Loading class sun/security/ssl/Alert$AlertConsumer done
Event: 38.693 Loading class sun/security/ssl/Alert$Level
Event: 38.693 Loading class sun/security/ssl/Alert$Level done

Classes unloaded (20 events):
Event: 4.979 Thread 0x0000018e5dafb730 Unloading class 0x00000001007b8548 '_BuildScript_$_run_closure1'
Event: 4.979 Thread 0x0000018e5dafb730 Unloading class 0x00000001007b8000 '_BuildScript_'
Event: 5.896 Thread 0x0000018e5dafb730 Unloading class 0x0000000100834948 '_BuildScript_$_run_closure1$_closure2'
Event: 5.896 Thread 0x0000018e5dafb730 Unloading class 0x0000000100834548 '_BuildScript_$_run_closure1'
Event: 5.896 Thread 0x0000018e5dafb730 Unloading class 0x0000000100834000 '_BuildScript_'
Event: 9.138 Thread 0x0000018e5dafb730 Unloading class 0x0000000100944948 '_BuildScript_$_run_closure1$_closure2'
Event: 9.138 Thread 0x0000018e5dafb730 Unloading class 0x0000000100944548 '_BuildScript_$_run_closure1'
Event: 9.138 Thread 0x0000018e5dafb730 Unloading class 0x0000000100944000 '_BuildScript_'
Event: 9.138 Thread 0x0000018e5dafb730 Unloading class 0x0000000100938948 '_BuildScript_$_run_closure2'
Event: 9.138 Thread 0x0000018e5dafb730 Unloading class 0x0000000100938548 '_BuildScript_$_run_closure1'
Event: 9.138 Thread 0x0000018e5dafb730 Unloading class 0x0000000100938000 '_BuildScript_'
Event: 18.564 Thread 0x0000018e5dafb730 Unloading class 0x000000010094a400 '_BuildScript_$_run_closure1$_closure3'
Event: 18.564 Thread 0x0000018e5dafb730 Unloading class 0x000000010094a000 '_BuildScript_$_run_closure1$_closure2'
Event: 18.564 Thread 0x0000018e5dafb730 Unloading class 0x0000000100949948 '_BuildScript_$_run_closure1'
Event: 18.564 Thread 0x0000018e5dafb730 Unloading class 0x0000000100949400 '_BuildScript_'
Event: 18.564 Thread 0x0000018e5dafb730 Unloading class 0x0000000100949000 'JetGradlePlugin$_apply_closure1$_closure2$_closure3'
Event: 18.564 Thread 0x0000018e5dafb730 Unloading class 0x0000000100948990 'JetGradlePlugin$_apply_closure1$_closure2'
Event: 18.564 Thread 0x0000018e5dafb730 Unloading class 0x0000000100948590 'JetGradlePlugin$_apply_closure1'
Event: 18.564 Thread 0x0000018e5dafb730 Unloading class 0x00000001009482e0 'JetGradlePlugin'
Event: 18.564 Thread 0x0000018e5dafb730 Unloading class 0x0000000100948000 'RegistryProcessor'

Classes redefined (0 events):
No events

Internal exceptions (20 events):
Event: 55.981 Thread 0x0000018e6487e5c0 Exception <a 'sun/nio/fs/WindowsException'{0x00000000a8440400}> (0x00000000a8440400) 
thrown [s\src\hotspot\share\prims\jni.cpp, line 535]
Event: 56.000 Thread 0x0000018e6c4201d0 Exception <a 'sun/nio/fs/WindowsException'{0x000000009f5295a0}> (0x000000009f5295a0) 
thrown [s\src\hotspot\share\prims\jni.cpp, line 535]
Event: 56.007 Thread 0x0000018e6c41e790 Exception <a 'sun/nio/fs/WindowsException'{0x000000009cfe7b98}> (0x000000009cfe7b98) 
thrown [s\src\hotspot\share\prims\jni.cpp, line 535]
Event: 56.017 Thread 0x0000018e6926e0b0 Exception <a 'sun/nio/fs/WindowsException'{0x000000009bdff630}> (0x000000009bdff630) 
thrown [s\src\hotspot\share\prims\jni.cpp, line 535]
Event: 56.040 Thread 0x0000018e6926c670 Exception <a 'sun/nio/fs/WindowsException'{0x000000009bc578f8}> (0x000000009bc578f8) 
thrown [s\src\hotspot\share\prims\jni.cpp, line 535]
Event: 56.049 Thread 0x0000018e69270810 Exception <a 'sun/nio/fs/WindowsException'{0x0000000099946790}> (0x0000000099946790) 
thrown [s\src\hotspot\share\prims\jni.cpp, line 535]
Event: 56.071 Thread 0x0000018e6c420860 Exception <a 'sun/nio/fs/WindowsException'{0x00000000ffdef1d8}> (0x00000000ffdef1d8) 
thrown [s\src\hotspot\share\prims\jni.cpp, line 535]
Event: 56.096 Thread 0x0000018e6487e5c0 Exception <a 'sun/nio/fs/WindowsException'{0x00000000ffbec318}> (0x00000000ffbec318) 
thrown [s\src\hotspot\share\prims\jni.cpp, line 535]
Event: 56.146 Thread 0x0000018e69270810 Exception <a 'sun/nio/fs/WindowsException'{0x00000000a53af980}> (0x00000000a53af980) 
thrown [s\src\hotspot\share\prims\jni.cpp, line 535]
Event: 56.146 Thread 0x0000018e6926e0b0 Exception <a 'sun/nio/fs/WindowsException'{0x00000000a4496d18}> (0x00000000a4496d18) 
thrown [s\src\hotspot\share\prims\jni.cpp, line 535]
Event: 56.166 Thread 0x0000018e6926c670 Exception <a 'sun/nio/fs/WindowsException'{0x00000000a205c810}> (0x00000000a205c810) 
thrown [s\src\hotspot\share\prims\jni.cpp, line 535]
Event: 56.175 Thread 0x0000018e6c41fb40 Exception <a 'sun/nio/fs/WindowsException'{0x00000000a13cd270}> (0x00000000a13cd270) 
thrown [s\src\hotspot\share\prims\jni.cpp, line 535]
Event: 56.188 Thread 0x0000018e692728e0 Exception <a 'sun/nio/fs/WindowsException'{0x000000009e68ce50}> (0x000000009e68ce50) 
thrown [s\src\hotspot\share\prims\jni.cpp, line 535]
Event: 56.208 Thread 0x0000018e6487e5c0 Exception <a 'sun/nio/fs/WindowsException'{0x0000000099cc98d0}> (0x0000000099cc98d0) 
thrown [s\src\hotspot\share\prims\jni.cpp, line 535]
Event: 56.210 Thread 0x0000018e69270810 Exception <a 'sun/nio/fs/WindowsException'{0x000000009a6b63f8}> (0x000000009a6b63f8) 
thrown [s\src\hotspot\share\prims\jni.cpp, line 535]
Event: 56.253 Thread 0x0000018e6926c670 Exception <a 'sun/nio/fs/WindowsException'{0x00000000ffea6300}> (0x00000000ffea6300) 
thrown [s\src\hotspot\share\prims\jni.cpp, line 535]
Event: 56.295 Thread 0x0000018e6926e0b0 Exception <a 'sun/nio/fs/WindowsException'{0x00000000fff9a7b8}> (0x00000000fff9a7b8) 
thrown [s\src\hotspot\share\prims\jni.cpp, line 535]
Event: 56.358 Thread 0x0000018e6487e5c0 Exception <a 'sun/nio/fs/WindowsException'{0x00000000a11a3708}> (0x00000000a11a3708) 
thrown [s\src\hotspot\share\prims\jni.cpp, line 535]
Event: 56.385 Thread 0x0000018e6c41fb40 Exception <a 'sun/nio/fs/WindowsException'{0x00000000a0591470}> (0x00000000a0591470) 
thrown [s\src\hotspot\share\prims\jni.cpp, line 535]
Event: 56.408 Thread 0x0000018e69270ea0 Exception <a 'sun/nio/fs/WindowsException'{0x0000000099ae9378}> (0x0000000099ae9378) 
thrown [s\src\hotspot\share\prims\jni.cpp, line 535]

ZGC Phase Switch (0 events):
No events

VM Operations (20 events):
Event: 55.850 Executing VM operation: G1PauseRemark done
Event: 55.868 Executing VM operation: G1CollectForAllocation (G1 Evacuation Pause)
Event: 55.869 Executing VM operation: G1CollectForAllocation (G1 Evacuation Pause) done
Event: 55.869 Executing VM operation: G1CollectForAllocation (GCLocker Initiated GC)
Event: 55.877 Executing VM operation: G1CollectForAllocation (GCLocker Initiated GC) done
Event: 55.940 Executing VM operation: G1PauseCleanup
Event: 55.940 Executing VM operation: G1PauseCleanup done
Event: 56.049 Executing VM operation: G1CollectForAllocation (G1 Evacuation Pause)
Event: 56.050 Executing VM operation: G1CollectForAllocation (G1 Evacuation Pause) done
Event: 56.050 Executing VM operation: G1CollectForAllocation (GCLocker Initiated GC)
Event: 56.060 Executing VM operation: G1CollectForAllocation (GCLocker Initiated GC) done
Event: 56.225 Executing VM operation: G1CollectForAllocation (G1 Evacuation Pause)
Event: 56.225 Executing VM operation: G1CollectForAllocation (G1 Evacuation Pause) done
Event: 56.225 Executing VM operation: G1CollectForAllocation (GCLocker Initiated GC)
Event: 56.242 Executing VM operation: G1CollectForAllocation (GCLocker Initiated GC) done
Event: 56.255 Executing VM operation: G1TryInitiateConcMark (G1 Humongous Allocation)
Event: 56.267 Executing VM operation: G1TryInitiateConcMark (G1 Humongous Allocation) done
Event: 56.415 Executing VM operation: G1CollectForAllocation (G1 Evacuation Pause)
Event: 56.416 Executing VM operation: G1CollectForAllocation (G1 Evacuation Pause) done
Event: 56.416 Executing VM operation: G1CollectForAllocation (GCLocker Initiated GC)

Memory protections (0 events):
No events

Nmethod flushes (20 events):
Event: 55.849 Thread 0x0000018e5dafb730 flushing  nmethod 0x0000018e49502110
Event: 55.849 Thread 0x0000018e5dafb730 flushing  nmethod 0x0000018e49502790
Event: 55.849 Thread 0x0000018e5dafb730 flushing  nmethod 0x0000018e49502c10
Event: 55.849 Thread 0x0000018e5dafb730 flushing  nmethod 0x0000018e495dbe10
Event: 55.849 Thread 0x0000018e5dafb730 flushing  nmethod 0x0000018e495dc410
Event: 55.849 Thread 0x0000018e5dafb730 flushing  nmethod 0x0000018e495ddf90
Event: 55.849 Thread 0x0000018e5dafb730 flushing  nmethod 0x0000018e495deb90
Event: 55.849 Thread 0x0000018e5dafb730 flushing  nmethod 0x0000018e495def10
Event: 55.849 Thread 0x0000018e5dafb730 flushing  nmethod 0x0000018e495df410
Event: 55.849 Thread 0x0000018e5dafb730 flushing  nmethod 0x0000018e495df790
Event: 55.849 Thread 0x0000018e5dafb730 flushing  nmethod 0x0000018e495e1e90
Event: 55.849 Thread 0x0000018e5dafb730 flushing  nmethod 0x0000018e49653f10
Event: 55.849 Thread 0x0000018e5dafb730 flushing  nmethod 0x0000018e49654f10
Event: 55.849 Thread 0x0000018e5dafb730 flushing  nmethod 0x0000018e49655610
Event: 55.849 Thread 0x0000018e5dafb730 flushing  nmethod 0x0000018e49655990
Event: 55.849 Thread 0x0000018e5dafb730 flushing  nmethod 0x0000018e49655e90
Event: 55.849 Thread 0x0000018e5dafb730 flushing  nmethod 0x0000018e49656710
Event: 55.849 Thread 0x0000018e5dafb730 flushing  nmethod 0x0000018e4965a490
Event: 55.849 Thread 0x0000018e5dafb730 flushing  nmethod 0x0000018e4ab02310
Event: 55.849 Thread 0x0000018e5dafb730 flushing  nmethod 0x0000018e4b1fe910

Events (20 events):
Event: 54.327 Thread 0x0000018e6487e5c0 Thread added: 0x0000018e6926faf0
Event: 54.327 Thread 0x0000018e6487e5c0 Thread added: 0x0000018e6926da20
Event: 54.327 Thread 0x0000018e6713d620 Thread added: 0x0000018e6713c880
Event: 54.328 Thread 0x0000018e6487e5c0 Thread added: 0x0000018e69270ea0
Event: 54.328 Thread 0x0000018e6487e5c0 Thread added: 0x0000018e69271bc0
Event: 54.328 Thread 0x0000018e6487e5c0 Thread added: 0x0000018e69270810
Event: 54.328 Thread 0x0000018e6487e5c0 Thread added: 0x0000018e692728e0
Event: 54.329 Thread 0x0000018e6487e5c0 Thread added: 0x0000018e6c41cd50
Event: 54.329 Thread 0x0000018e6487e5c0 Thread added: 0x0000018e6c41f4b0
Event: 54.329 Thread 0x0000018e6487e5c0 Thread added: 0x0000018e6c41c030
Event: 54.330 Thread 0x0000018e6487e5c0 Thread added: 0x0000018e6c41fb40
Event: 54.330 Thread 0x0000018e6487e5c0 Thread added: 0x0000018e6c4201d0
Event: 54.330 Thread 0x0000018e6487e5c0 Thread added: 0x0000018e6c41e790
Event: 54.330 Thread 0x0000018e6487e5c0 Thread added: 0x0000018e6c420860
Event: 54.335 Thread 0x0000018e5de40370 Thread added: 0x0000018e671405d0
Event: 54.368 Thread 0x0000018e6713dcf0 Thread added: 0x0000018e6713cf50
Event: 54.374 Thread 0x0000018e6713dcf0 Thread added: 0x0000018e67141370
Event: 54.374 Thread 0x0000018e6713dcf0 Thread added: 0x0000018e67140ca0
Event: 54.432 Thread 0x0000018e5de6a220 Thread added: 0x0000018e67141a40
Event: 54.753 Thread 0x0000018e671405d0 Thread added: 0x0000018e67142110


Dynamic libraries:
0x00007ff635d20000 - 0x00007ff635d2a000 	C:\Program Files\Android\Android Studio\jbr\bin\java.exe
0x00007ffed9fe0000 - 0x00007ffeda247000 	C:\WINDOWS\SYSTEM32\ntdll.dll
0x00007ffed83d0000 - 0x00007ffed8499000 	C:\WINDOWS\System32\KERNEL32.DLL
0x00007ffed75a0000 - 0x00007ffed798f000 	C:\WINDOWS\System32\KERNELBASE.dll
0x00007ffed7b00000 - 0x00007ffed7c4b000 	C:\WINDOWS\System32\ucrtbase.dll
0x00007ffed3b90000 - 0x00007ffed3bab000 	C:\Program Files\Android\Android Studio\jbr\bin\VCRUNTIME140.dll
0x00007ffeb5380000 - 0x00007ffeb5398000 	C:\Program Files\Android\Android Studio\jbr\bin\jli.dll
0x00007ffed9370000 - 0x00007ffed9535000 	C:\WINDOWS\System32\USER32.dll
0x00007ffed74b0000 - 0x00007ffed74d7000 	C:\WINDOWS\System32\win32u.dll
0x00007ffed8be0000 - 0x00007ffed8c0b000 	C:\WINDOWS\System32\GDI32.dll
0x00007ffed7c50000 - 0x00007ffed7d7c000 	C:\WINDOWS\System32\gdi32full.dll
0x00007ffec24a0000 - 0x00007ffec2733000 	C:\WINDOWS\WinSxS\amd64_microsoft.windows.common-controls_6595b64144ccf1df_6.0.26100.7309_none_3e05feeae336a044\COMCTL32.dll
0x00007ffed79a0000 - 0x00007ffed7a43000 	C:\WINDOWS\System32\msvcp_win.dll
0x00007ffed7d80000 - 0x00007ffed7e29000 	C:\WINDOWS\System32\msvcrt.dll
0x00007ffed8c10000 - 0x00007ffed8c41000 	C:\WINDOWS\System32\IMM32.DLL
0x00007ffece780000 - 0x00007ffece78c000 	C:\Program Files\Android\Android Studio\jbr\bin\vcruntime140_1.dll
0x00007ffe8ccd0000 - 0x00007ffe8cd5d000 	C:\Program Files\Android\Android Studio\jbr\bin\msvcp140.dll
0x00007ffe41350000 - 0x00007ffe41fdb000 	C:\Program Files\Android\Android Studio\jbr\bin\server\jvm.dll
0x00007ffed8f90000 - 0x00007ffed9044000 	C:\WINDOWS\System32\ADVAPI32.dll
0x00007ffed7f00000 - 0x00007ffed7fa6000 	C:\WINDOWS\System32\sechost.dll
0x00007ffed9ca0000 - 0x00007ffed9db8000 	C:\WINDOWS\System32\RPCRT4.dll
0x00007ffed8520000 - 0x00007ffed8594000 	C:\WINDOWS\System32\WS2_32.dll
0x00007ffed6f90000 - 0x00007ffed6fee000 	C:\WINDOWS\SYSTEM32\POWRPROF.dll
0x00007ffecf1a0000 - 0x00007ffecf1d5000 	C:\WINDOWS\SYSTEM32\WINMM.dll
0x00007ffec2f60000 - 0x00007ffec2f6b000 	C:\WINDOWS\SYSTEM32\VERSION.dll
0x00007ffed6f70000 - 0x00007ffed6f84000 	C:\WINDOWS\SYSTEM32\UMPDC.dll
0x00007ffed5e40000 - 0x00007ffed5e5b000 	C:\WINDOWS\SYSTEM32\kernel.appcore.dll
0x00007ffece770000 - 0x00007ffece77a000 	C:\Program Files\Android\Android Studio\jbr\bin\jimage.dll
0x00007ffed4740000 - 0x00007ffed4982000 	C:\WINDOWS\SYSTEM32\DBGHELP.DLL
0x00007ffed8040000 - 0x00007ffed83c6000 	C:\WINDOWS\System32\combase.dll
0x00007ffed8e80000 - 0x00007ffed8f56000 	C:\WINDOWS\System32\OLEAUT32.dll
0x00007ffea3b80000 - 0x00007ffea3bbc000 	C:\WINDOWS\SYSTEM32\dbgcore.DLL
0x00007ffed7a50000 - 0x00007ffed7af5000 	C:\WINDOWS\System32\bcryptPrimitives.dll
0x00007ffeb5360000 - 0x00007ffeb536e000 	C:\Program Files\Android\Android Studio\jbr\bin\instrument.dll
0x00007ffec8980000 - 0x00007ffec89a0000 	C:\Program Files\Android\Android Studio\jbr\bin\java.dll
0x00007ffec8960000 - 0x00007ffec8978000 	C:\Program Files\Android\Android Studio\jbr\bin\zip.dll
0x00007ffed9540000 - 0x00007ffed9c93000 	C:\WINDOWS\System32\SHELL32.dll
0x00007ffed71c0000 - 0x00007ffed732a000 	C:\WINDOWS\System32\wintypes.dll
0x00007ffed4d10000 - 0x00007ffed556e000 	C:\WINDOWS\SYSTEM32\windows.storage.dll
0x00007ffed9270000 - 0x00007ffed9365000 	C:\WINDOWS\System32\SHCORE.dll
0x00007ffed7fd0000 - 0x00007ffed8036000 	C:\WINDOWS\System32\shlwapi.dll
0x00007ffed7050000 - 0x00007ffed7079000 	C:\WINDOWS\SYSTEM32\profapi.dll
0x00007ffece760000 - 0x00007ffece770000 	C:\Program Files\Android\Android Studio\jbr\bin\net.dll
0x00007ffed0fe0000 - 0x00007ffed1108000 	C:\WINDOWS\SYSTEM32\WINHTTP.dll
0x00007ffed63f0000 - 0x00007ffed645b000 	C:\WINDOWS\system32\mswsock.dll
0x00007ffec8000000 - 0x00007ffec8016000 	C:\Program Files\Android\Android Studio\jbr\bin\nio.dll
0x00007ffed3b60000 - 0x00007ffed3b70000 	C:\Program Files\Android\Android Studio\jbr\bin\verify.dll
0x00007ffec88f0000 - 0x00007ffec8917000 	C:\Users\PC-1802\.gradle\native\c067742578af261105cb4f569cf0c3c89f3d7b1fecec35dd04571415982c5e48\windows-amd64\native-platform.dll
0x00007ffe7e990000 - 0x00007ffe7ead4000 	C:\Users\PC-1802\.gradle\native\100fb08df4bc3b14c8652ba06237920a3bd2aa13389f12d3474272988ae205f9\windows-amd64\native-platform-file-events.dll
0x00007ffeb8780000 - 0x00007ffeb8789000 	C:\Program Files\Android\Android Studio\jbr\bin\management.dll
0x00007ffeb5c10000 - 0x00007ffeb5c1b000 	C:\Program Files\Android\Android Studio\jbr\bin\management_ext.dll
0x00007ffed7ef0000 - 0x00007ffed7ef8000 	C:\WINDOWS\System32\PSAPI.DLL
0x00007ffed67e0000 - 0x00007ffed67fb000 	C:\WINDOWS\SYSTEM32\CRYPTSP.dll
0x00007ffed5e00000 - 0x00007ffed5e3a000 	C:\WINDOWS\system32\rsaenh.dll
0x00007ffed64a0000 - 0x00007ffed64cb000 	C:\WINDOWS\SYSTEM32\USERENV.dll
0x00007ffed7020000 - 0x00007ffed704a000 	C:\WINDOWS\SYSTEM32\bcrypt.dll
0x00007ffed67c0000 - 0x00007ffed67cc000 	C:\WINDOWS\SYSTEM32\CRYPTBASE.dll
0x00007ffed5940000 - 0x00007ffed5974000 	C:\WINDOWS\SYSTEM32\IPHLPAPI.DLL
0x00007ffed8bd0000 - 0x00007ffed8bda000 	C:\WINDOWS\System32\NSI.dll
0x00007ffec7a20000 - 0x00007ffec7a29000 	C:\Program Files\Android\Android Studio\jbr\bin\extnet.dll
0x00007ffebece0000 - 0x00007ffebece8000 	C:\WINDOWS\system32\wshunix.dll
0x00007ffed5fc0000 - 0x00007ffed5ff6000 	C:\WINDOWS\SYSTEM32\ntmarta.dll
0x00007ffed5a20000 - 0x00007ffed5b4c000 	C:\WINDOWS\SYSTEM32\DNSAPI.dll
0x00007ffec7ce0000 - 0x00007ffec7ceb000 	C:\Windows\System32\rasadhlp.dll
0x00007ffecef90000 - 0x00007ffecf016000 	C:\WINDOWS\System32\fwpuclnt.dll

dbghelp: loaded successfully - version: 4.0.5 - missing functions: none
symbol engine: initialized successfully - sym options: 0x614 - pdb path: .;C:\Program Files\Android\Android Studio\jbr\bin;C:\WINDOWS\SYSTEM32;C:\WINDOWS\WinSxS\amd64_microsoft.windows.common-controls_6595b64144ccf1df_6.0.26100.7309_none_3e05feeae336a044;C:\Program Files\Android\Android Studio\jbr\bin\server;C:\Users\PC-1802\.gradle\native\c067742578af261105cb4f569cf0c3c89f3d7b1fecec35dd04571415982c5e48\windows-amd64;C:\Users\PC-1802\.gradle\native\100fb08df4bc3b14c8652ba06237920a3bd2aa13389f12d3474272988ae205f9\windows-amd64

VM Arguments:
jvm_args: --add-opens=java.base/java.lang=ALL-UNNAMED --add-opens=java.base/java.lang.invoke=ALL-UNNAMED --add-opens=java.base/java.util=ALL-UNNAMED --add-opens=java.prefs/java.util.prefs=ALL-UNNAMED --add-exports=jdk.compiler/com.sun.tools.javac.api=ALL-UNNAMED --add-exports=jdk.compiler/com.sun.tools.javac.util=ALL-UNNAMED --add-opens=java.base/java.util=ALL-UNNAMED --add-opens=java.prefs/java.util.prefs=ALL-UNNAMED --add-opens=java.base/java.nio.charset=ALL-UNNAMED --add-opens=java.base/java.net=ALL-UNNAMED --add-opens=java.base/java.util.concurrent.atomic=ALL-UNNAMED --add-opens=java.xml/javax.xml.namespace=ALL-UNNAMED -Xmx2048m -Dfile.encoding=UTF-8 -Duser.country=US -Duser.language=en -Duser.variant -javaagent:C:\Users\PC-1802\.gradle\wrapper\dists\gradle-8.11.1-bin\bpt9gzteqjrbo1mjrsomdt32c\gradle-8.11.1\lib\agents\gradle-instrumentation-agent-8.11.1.jar 
java_command: org.gradle.launcher.daemon.bootstrap.GradleDaemon 8.11.1
java_class_path (initial): C:\Users\PC-1802\.gradle\wrapper\dists\gradle-8.11.1-bin\bpt9gzteqjrbo1mjrsomdt32c\gradle-8.11.1\lib\gradle-daemon-main-8.11.1.jar
Launcher Type: SUN_STANDARD

[Global flags]
     intx CICompilerCount                          = 12                                        {product} {ergonomic}
     uint ConcGCThreads                            = 4                                         {product} {ergonomic}
     uint G1ConcRefinementThreads                  = 15                                        {product} {ergonomic}
   size_t G1HeapRegionSize                         = 1048576                                   {product} {ergonomic}
    uintx GCDrainStackTargetSize                   = 64                                        {product} {ergonomic}
   size_t InitialHeapSize                          = 264241152                                 {product} {ergonomic}
   size_t MarkStackSize                            = 4194304                                   {product} {ergonomic}
   size_t MaxHeapSize                              = 2147483648                                {product} {command line}
   size_t MaxNewSize                               = 1287651328                                {product} {ergonomic}
   size_t MinHeapDeltaBytes                        = 1048576                                   {product} {ergonomic}
   size_t MinHeapSize                              = 8388608                                   {product} {ergonomic}
    uintx NonNMethodCodeHeapSize                   = 7602480                                {pd product} {ergonomic}
    uintx NonProfiledCodeHeapSize                  = 122027880                              {pd product} {ergonomic}
    uintx ProfiledCodeHeapSize                     = 122027880                              {pd product} {ergonomic}
    uintx ReservedCodeCacheSize                    = 251658240                              {pd product} {ergonomic}
     bool SegmentedCodeCache                       = true                                      {product} {ergonomic}
   size_t SoftMaxHeapSize                          = 2147483648                             {manageable} {ergonomic}
     bool UseCompressedOops                        = true                           {product lp64_product} {ergonomic}
     bool UseG1GC                                  = true                                      {product} {ergonomic}
     bool UseLargePagesIndividualAllocation        = false                                  {pd product} {ergonomic}

Logging:
Log output configuration:
 #0: stdout all=warning uptime,level,tags foldmultilines=false
 #1: stderr all=off uptime,level,tags foldmultilines=false

Environment Variables:
PATH=C:\Program Files\Common Files\Oracle\Java\javapath;C:\Program Files (x86)\VMware\VMware Workstation\bin\;C:\WINDOWS\system32;C:\WINDOWS;C:\WINDOWS\System32\Wbem;C:\WINDOWS\System32\WindowsPowerShell\v1.0\;C:\WINDOWS\System32\OpenSSH\;C:\Program Files\dotnet\;C:\Program Files (x86)\AOMEI Backupper;C:\Program Files (x86)\Windows Kits\10\Windows Performance Toolkit\;C:\Program Files\Git\cmd;C:\Program Files\nodejs\;C:\ProgramData\chocolatey\bin;C:\Program Files\Docker\Docker\resources\bin;C:\Users\PC-1802\AppData\Local\Programs\Python\Python313\Scripts\;C:\Users\PC-1802\AppData\Local\Programs\Python\Python313\;C:\Users\PC-1802\AppData\Local\Microsoft\WindowsApps;;C:\Users\PC-1802\AppData\Local\Programs\Microsoft VS Code\bin;C:\Users\PC-1802\.dotnet\tools;C:\Users\PC-1802\AppData\Roaming\npm;C:\Program Files\JetBrains\IntelliJ IDEA Community Edition 2025.1.1.1\bin;
USERNAME=PC-1802
OS=Windows_NT
PROCESSOR_IDENTIFIER=Intel64 Family 6 Model 151 Stepping 2, GenuineIntel
TMP=C:\Users\PC-1802\AppData\Local\Temp
TEMP=C:\Users\PC-1802\AppData\Local\Temp




Periodic native trim disabled

JNI global refs:
JNI global refs: 40, weak refs: 0

JNI global refs memory usage: 1467, weak refs: 833

Process memory usage:
Resident Set Size: 1370728K (8% of 16458476K total physical memory with 2410676K free physical memory)

OOME stack traces (most recent first):
Classloader memory used:
Loader org.gradle.internal.classloader.VisitableURLClassLoader                         : 106M
Loader bootstrap                                                                       : 33093K
Loader org.gradle.initialization.MixInLegacyTypesClassLoader                           : 13528K
Loader jdk.internal.loader.ClassLoaders$AppClassLoader                                 : 8072K
Loader jdk.internal.loader.ClassLoaders$PlatformClassLoader                            : 995K
Loader org.gradle.internal.classloader.VisitableURLClassLoader                         : 958K
Loader org.gradle.internal.classloader.VisitableURLClassLoader$InstrumentingVisitableURLClassLoader: 718K
Loader jdk.internal.jrtfs.JrtFileSystemProvider$JrtFsLoader                            : 339K
Loader jdk.internal.reflect.DelegatingClassLoader                                      : 278K
Loader org.gradle.groovy.scripts.internal.DefaultScriptCompilationHandler$ScriptClassLoader: 90216B
Loader org.codehaus.groovy.runtime.callsite.CallSiteClassLoader                        : 48680B

Classes loaded by more than one classloader:
Class org.gradle.api.GradleException                                                  : loaded 3 times (x 78B)
Class Program                                                                         : loaded 3 times (x 68B)
Class jdk.internal.jimage.BasicImageReader                                            : loaded 2 times (x 91B)
Class org.gradle.internal.classloader.ClassLoaderHierarchy                            : loaded 2 times (x 66B)
Class org.gradle.api.internal.classpath.ManifestUtil                                  : loaded 2 times (x 67B)
Class org.jetbrains.plugins.gradle.model.GradleExtensions                             : loaded 2 times (x 66B)
Class org.jetbrains.plugins.gradle.model.AnnotationProcessingModel                    : loaded 2 times (x 66B)
Class jdk.internal.jimage.decompressor.StringSharingDecompressorFactory               : loaded 2 times (x 70B)
Class org.gradle.internal.operations.MultipleBuildOperationFailures                   : loaded 2 times (x 91B)
Class org.jetbrains.kotlin.idea.gradleTooling.model.noarg.NoArgModel                  : loaded 2 times (x 66B)
Class org.gradle.internal.classloader.DefaultClassLoaderFactory                       : loaded 2 times (x 78B)
Class kotlin.collections.AbstractList$Companion                                       : loaded 2 times (x 67B)
Class org.gradle.internal.classloader.ClassLoaderVisitor                              : loaded 2 times (x 72B)
Class org.gradle.api.internal.classpath.EffectiveClassPath                            : loaded 2 times (x 86B)
Class org.gradle.tooling.internal.gradle.DefaultProjectIdentifier                     : loaded 2 times (x 82B)
Class org.jetbrains.kotlin.idea.gradleTooling.model.allopen.AllOpenModel              : loaded 2 times (x 66B)
Class org.gradle.api.internal.DefaultClassPathProvider                                : loaded 2 times (x 72B)
Class [Lorg.gradle.api.internal.ClassPathProvider;                                    : loaded 2 times (x 65B)
Class org.gradle.api.internal.ClassPathProvider                                       : loaded 2 times (x 66B)
Class jdk.internal.jrtfs.SystemImage                                                  : loaded 2 times (x 70B)
Class org.gradle.internal.service.UnknownServiceException                             : loaded 2 times (x 79B)
Class org.jetbrains.kotlin.idea.gradleTooling.KotlinDslScriptAdditionalTask           : loaded 2 times (x 66B)
Class jdk.internal.jimage.ImageReader$LinkNode                                        : loaded 2 times (x 80B)
Class org.gradle.internal.classpath.TransformedClassPath                              : loaded 2 times (x 92B)
Class org.gradle.internal.classloader.InstrumentingClassLoader                        : loaded 2 times (x 66B)
Class jdk.internal.jrtfs.SystemImage$1                                                : loaded 2 times (x 74B)
Class kotlin.enums.EnumEntriesList                                                    : loaded 2 times (x 219B)
Class jdk.internal.jrtfs.SystemImage$2                                                : loaded 2 times (x 72B)
Class org.gradle.internal.classloader.FilteringClassLoader                            : loaded 2 times (x 101B)
Class org.jetbrains.kotlin.idea.gradleTooling.KotlinSourceSetContainer                : loaded 2 times (x 66B)
Class org.gradle.internal.service.ServiceLocator                                      : loaded 2 times (x 66B)
Class jdk.internal.jrtfs.JrtFileSystemProvider                                        : loaded 2 times (x 97B)
Class org.jetbrains.kotlin.android.synthetic.idea.AndroidExtensionsGradleModel        : loaded 2 times (x 66B)
Class org.gradle.tooling.model.UnsupportedMethodException                             : loaded 2 times (x 78B)
Class jdk.internal.jimage.ImageLocation                                               : loaded 2 times (x 86B)
Class jdk.internal.jrtfs.JrtDirectoryStream$1                                         : loaded 2 times (x 79B)
Class org.gradle.internal.InternalTransformer                                         : loaded 2 times (x 66B)
Class jdk.internal.jimage.ImageBufferCache$1                                          : loaded 2 times (x 79B)
Class org.gradle.internal.time.DefaultTimer                                           : loaded 2 times (x 76B)
Class org.gradle.internal.classloader.ClasspathUtil$1                                 : loaded 2 times (x 72B)
Class jdk.internal.jimage.ImageBufferCache$2                                          : loaded 2 times (x 87B)
Class org.gradle.api.internal.classpath.DefaultModuleRegistry$DefaultModule           : loaded 2 times (x 82B)
Class org.jetbrains.kotlin.idea.gradleTooling.model.lombok.LombokModel                : loaded 2 times (x 66B)
Class org.gradle.internal.time.DefaultCountdownTimer                                  : loaded 2 times (x 84B)
Class org.gradle.tooling.internal.gradle.DefaultBuildIdentifier                       : loaded 2 times (x 75B)
Class kotlin.Function                                                                 : loaded 2 times (x 66B)
Class org.gradle.api.internal.classpath.Module                                        : loaded 2 times (x 66B)
Class org.gradle.api.internal.classpath.UnknownModuleException                        : loaded 2 times (x 78B)
Class jdk.internal.jimage.ImageHeader                                                 : loaded 2 times (x 67B)
Class com.intellij.openapi.externalSystem.model.project.dependencies.ProjectDependencies: loaded 2 times (x 66B)
Class org.gradle.tooling.internal.gradle.GradleProjectIdentity                        : loaded 2 times (x 66B)
Class org.gradle.api.internal.DefaultClassPathRegistry                                : loaded 2 times (x 72B)
Class org.gradle.api.internal.ClassPathRegistry                                       : loaded 2 times (x 66B)
Class org.gradle.internal.classpath.DefaultClassPath$ImmutableUniqueList              : loaded 2 times (x 195B)
Class jdk.internal.jimage.decompressor.ResourceDecompressor                           : loaded 2 times (x 66B)
Class org.jetbrains.plugins.gradle.model.IntelliJSettings                             : loaded 2 times (x 66B)
Class Settings_gradle$1                                                               : loaded 2 times (x 70B)
Class org.gradle.internal.classpath.ClassPath                                         : loaded 2 times (x 66B)
Class org.gradle.api.UncheckedIOException                                             : loaded 2 times (x 78B)
Class org.jetbrains.kotlin.idea.gradleTooling.KotlinGradleModel                       : loaded 2 times (x 66B)
Class jdk.internal.jimage.ImageStringsReader                                          : loaded 2 times (x 76B)
Class org.gradle.tooling.model.Model                                                  : loaded 2 times (x 66B)
Class kotlin.UninitializedPropertyAccessException                                     : loaded 2 times (x 78B)
Class jdk.internal.jimage.ImageReader                                                 : loaded 2 times (x 71B)
Class org.jetbrains.plugins.gradle.model.IntelliJProjectSettings                      : loaded 2 times (x 66B)
Class org.jetbrains.kotlin.idea.gradleTooling.model.annotation.AnnotationBasedPluginModel: loaded 2 times (x 66B)
Class jdk.internal.jimage.ImageReader$SharedImageReader                               : loaded 2 times (x 91B)
Class org.gradle.internal.installation.GradleInstallation$1                           : loaded 2 times (x 71B)
Class org.gradle.api.internal.classpath.ModuleRegistry                                : loaded 2 times (x 66B)
Class jdk.internal.jimage.decompressor.ResourceDecompressorFactory                    : loaded 2 times (x 70B)
Class org.jetbrains.plugins.gradle.model.VersionCatalogsModel                         : loaded 2 times (x 66B)
Class jdk.internal.jimage.ImageReader$Node                                            : loaded 2 times (x 80B)
Class org.gradle.api.internal.classpath.DefaultModuleRegistry                         : loaded 2 times (x 82B)
Class jdk.internal.jimage.BasicImageReader$1                                          : loaded 2 times (x 73B)
Class jdk.internal.jimage.decompressor.Decompressor                                   : loaded 2 times (x 68B)
Class jdk.internal.jimage.ImageReader$Resource                                        : loaded 2 times (x 80B)
Class org.gradle.internal.time.MonotonicClock                                         : loaded 2 times (x 73B)
Class org.gradle.internal.service.ServiceLookupException                              : loaded 2 times (x 78B)
Class jdk.internal.jrtfs.JrtFileAttributes                                            : loaded 2 times (x 79B)
Class org.gradle.internal.classloader.ClassLoaderFactory                              : loaded 2 times (x 66B)
Class org.gradle.internal.service.CachingServiceLocator                               : loaded 2 times (x 78B)
Class org.jetbrains.plugins.gradle.model.RepositoryModels                             : loaded 2 times (x 66B)
Class org.gradle.internal.time.TimeSource                                             : loaded 2 times (x 66B)
Class org.gradle.tooling.internal.gradle.GradleBuildIdentity                          : loaded 2 times (x 66B)
Class kotlin.enums.EnumEntries                                                        : loaded 2 times (x 66B)
Class org.gradle.internal.exceptions.ResolutionProvider                               : loaded 2 times (x 66B)
Class jdk.internal.jimage.ImageBufferCache                                            : loaded 2 times (x 67B)
Class jdk.internal.jrtfs.JrtPath                                                      : loaded 2 times (x 114B)
Class org.gradle.tooling.model.ProjectIdentifier                                      : loaded 2 times (x 66B)
Class org.gradle.internal.classloader.ClasspathUtil                                   : loaded 2 times (x 67B)
Class ijInit1_6kb9xmha9nafimx9dfz6r3a7z                                               : loaded 2 times (x 175B)
Class org.gradle.internal.time.TimeSource$1                                           : loaded 2 times (x 73B)
Class kotlin.jvm.internal.DefaultConstructorMarker                                    : loaded 2 times (x 67B)
Class org.gradle.api.specs.Spec                                                       : loaded 2 times (x 66B)
Class jdk.internal.jimage.ImageReader$SharedImageReader$LocationVisitor               : loaded 2 times (x 66B)
Class jdk.internal.jimage.decompressor.ResourceDecompressorRepository                 : loaded 2 times (x 67B)
Class org.gradle.internal.time.Clock                                                  : loaded 2 times (x 66B)
Class jdk.internal.jimage.ImageReader$Directory                                       : loaded 2 times (x 80B)
Class kotlin.collections.AbstractList                                                 : loaded 2 times (x 193B)
Class kotlin.collections.AbstractCollection                                           : loaded 2 times (x 113B)
Class org.gradle.internal.classloader.VisitableURLClassLoader$InstrumentingVisitableURLClassLoader: loaded 2 times (x 119B)
Class org.gradle.internal.classloader.VisitableURLClassLoader$Spec                    : loaded 2 times (x 70B)
Class org.gradle.internal.classpath.DefaultClassPath                                  : loaded 2 times (x 86B)
Class jdk.internal.jimage.decompressor.ZipDecompressorFactory                         : loaded 2 times (x 70B)
Class org.gradle.internal.classloader.ClassLoaderSpec                                 : loaded 2 times (x 67B)
Class Settings_gradle$1$1                                                             : loaded 2 times (x 70B)
Class kotlin.Unit                                                                     : loaded 2 times (x 67B)
Class org.gradle.internal.classloader.VisitableURLClassLoader                         : loaded 2 times (x 113B)
Class Settings_gradle                                                                 : loaded 2 times (x 124B)
Class sync_studio_tooling_63n2ym79dx72rblvol75tln5c                                   : loaded 2 times (x 175B)
Class org.gradle.internal.Cast                                                        : loaded 2 times (x 67B)
Class org.gradle.api.Action                                                           : loaded 2 times (x 66B)
Class jdk.internal.jimage.decompressor.ZipDecompressor                                : loaded 2 times (x 71B)
Class kotlin.jvm.functions.Function1                                                  : loaded 2 times (x 66B)
Class org.gradle.internal.classpath.DefaultClassPath$ImmutableUniqueList$Builder      : loaded 2 times (x 71B)
Class org.jetbrains.kotlin.idea.gradleTooling.model.samWithReceiver.SamWithReceiverModel: loaded 2 times (x 66B)
Class kotlin.NotImplementedError                                                      : loaded 2 times (x 78B)
Class org.gradle.internal.exceptions.NonGradleCauseExceptionsHolder                   : loaded 2 times (x 66B)
Class jdk.internal.jimage.ImageStrings                                                : loaded 2 times (x 66B)
Class org.jetbrains.plugins.gradle.tooling.ModelBuilderService$Parameter              : loaded 2 times (x 66B)
Class org.jetbrains.kotlin.idea.gradleTooling.model.assignment.AssignmentModel        : loaded 2 times (x 66B)
Class kotlin.enums.EnumEntriesKt                                                      : loaded 2 times (x 67B)
Class org.gradle.internal.IoActions                                                   : loaded 2 times (x 67B)
Class org.gradle.internal.classloader.SystemClassLoaderSpec                           : loaded 2 times (x 67B)
Class org.gradle.internal.exceptions.MultiCauseException                              : loaded 2 times (x 66B)
Class org.gradle.internal.time.CountdownTimer                                         : loaded 2 times (x 66B)
Class kotlin.jvm.internal.Intrinsics                                                  : loaded 2 times (x 67B)
Class jdk.internal.jrtfs.JrtFileSystem                                                : loaded 2 times (x 98B)
Class org.jetbrains.kotlin.idea.gradleTooling.model.parcelize.ParcelizeGradleModel    : loaded 2 times (x 66B)
Class org.gradle.tooling.model.ProjectModel                                           : loaded 2 times (x 66B)
Class jdk.internal.jimage.decompressor.CompressedResourceHeader                       : loaded 2 times (x 67B)
Class kotlin.KotlinNullPointerException                                               : loaded 2 times (x 79B)
Class org.jetbrains.plugins.gradle.model.tests.ExternalTestsModel                     : loaded 2 times (x 66B)
Class org.gradle.internal.exceptions.DefaultMultiCauseException                       : loaded 2 times (x 91B)
Class org.gradle.internal.time.Time                                                   : loaded 2 times (x 67B)
Class org.jetbrains.plugins.gradle.model.DependencyAccessorsModel                     : loaded 2 times (x 66B)
Class org.gradle.api.internal.classpath.GlobalCacheRootsProvider                      : loaded 2 times (x 66B)
Class org.jetbrains.kotlin.idea.gradleTooling.KotlinMPPGradleModel                    : loaded 2 times (x 66B)
Class org.gradle.tooling.model.BuildIdentifier                                        : loaded 2 times (x 66B)
Class org.jetbrains.kotlin.idea.gradleTooling.PrepareKotlinIdeImportTaskModel         : loaded 2 times (x 66B)
Class org.gradle.internal.time.Timer                                                  : loaded 2 times (x 66B)
Class kotlin.jvm.internal.markers.KMappedMarker                                       : loaded 2 times (x 66B)
Class org.gradle.internal.installation.CurrentGradleInstallationLocator               : loaded 2 times (x 67B)
Class org.gradle.internal.service.DefaultServiceLocator                               : loaded 2 times (x 79B)
Class jdk.internal.jrtfs.JrtDirectoryStream                                           : loaded 2 times (x 85B)
Class org.gradle.util.GradleVersion                                                   : loaded 2 times (x 79B)
Class org.gradle.internal.installation.CurrentGradleInstallation                      : loaded 2 times (x 69B)
Class org.jetbrains.plugins.gradle.javaModel.JavaGradleManifestModel                  : loaded 2 times (x 66B)
Class org.gradle.util.internal.GUtil                                                  : loaded 2 times (x 67B)
Class org.gradle.internal.installation.GradleInstallation                             : loaded 2 times (x 71B)
Class jdk.internal.jimage.decompressor.ResourceDecompressor$StringsProvider           : loaded 2 times (x 66B)

---------------  S Y S T E M  ---------------

OS:
 Windows 11 , 64 bit Build 26100 (10.0.26100.7623)
OS uptime: 7 days 1:12 hours
Hyper-V role detected

CPU: total 20 (initial active 20) (10 cores per cpu, 2 threads per core) family 6 model 151 stepping 2 microcode 0x34, cx8, cmov, fxsr, ht, mmx, 3dnowpref, sse, sse2, sse3, ssse3, sse4.1, sse4.2, popcnt, lzcnt, tsc, tscinvbit, avx, avx2, aes, erms, clmul, bmi1, bmi2, adx, sha, fma, vzeroupper, clflush, clflushopt, clwb, hv, serialize, rdtscp, rdpid, fsrm, f16c, cet_ibt, cet_ss
Processor Information for processor 0
  Max Mhz: 1400, Current Mhz: 1400, Mhz Limit: 1400
Processor Information for processor 1
  Max Mhz: 1400, Current Mhz: 1400, Mhz Limit: 1400
Processor Information for processor 2
  Max Mhz: 1400, Current Mhz: 1400, Mhz Limit: 1400
Processor Information for processor 3
  Max Mhz: 1400, Current Mhz: 1400, Mhz Limit: 1400
Processor Information for processor 4
  Max Mhz: 1400, Current Mhz: 1400, Mhz Limit: 1400
Processor Information for processor 5
  Max Mhz: 1400, Current Mhz: 1400, Mhz Limit: 1400
Processor Information for processor 6
  Max Mhz: 1400, Current Mhz: 1400, Mhz Limit: 1400
Processor Information for processor 7
  Max Mhz: 1400, Current Mhz: 1400, Mhz Limit: 1400
Processor Information for processor 8
  Max Mhz: 1400, Current Mhz: 1400, Mhz Limit: 1400
Processor Information for processor 9
  Max Mhz: 1400, Current Mhz: 1400, Mhz Limit: 1400
Processor Information for processor 10
  Max Mhz: 1400, Current Mhz: 1400, Mhz Limit: 1400
Processor Information for processor 11
  Max Mhz: 1400, Current Mhz: 1400, Mhz Limit: 1400
Processor Information for processor 12
  Max Mhz: 1400, Current Mhz: 1400, Mhz Limit: 1400
Processor Information for processor 13
  Max Mhz: 1400, Current Mhz: 1400, Mhz Limit: 1400
Processor Information for processor 14
  Max Mhz: 1400, Current Mhz: 1400, Mhz Limit: 1400
Processor Information for processor 15
  Max Mhz: 1400, Current Mhz: 1400, Mhz Limit: 1400
Processor Information for processor 16
  Max Mhz: 1400, Current Mhz: 1000, Mhz Limit: 994
Processor Information for processor 17
  Max Mhz: 1400, Current Mhz: 1000, Mhz Limit: 994
Processor Information for processor 18
  Max Mhz: 1400, Current Mhz: 1000, Mhz Limit: 994
Processor Information for processor 19
  Max Mhz: 1400, Current Mhz: 1000, Mhz Limit: 994

Memory: 4k page, system-wide physical 16072M (2355M free)
TotalPageFile size 45582M (AvailPageFile size 52M)
current process WorkingSet (physical memory assigned to process): 1338M, peak: 1348M
current process commit charge ("private bytes"): 1379M, peak: 1653M

vm_info: OpenJDK 64-Bit Server VM (21.0.6+-13368085-b895.109) for windows-amd64 JRE (21.0.6+-13368085-b895.109), built on 2025-04-16T17:01:31Z by "builder" with MS VC++ 16.10 / 16.11 (VS2019)

END.
